CId,CUserId,PId,@UserName,CTime,CScore
347,131,1, ,2014-08-10 21:27:15.543,0
348,9,1, ,2014-08-11 00:49:22.327,1
1,7,6, ,2014-07-30 20:31:21.947,3
2,36,6, ,2014-07-30 21:07:45.640,6
18,71,6, ,2014-07-30 23:08:15.970,1
60,16,6,SwankSwashbucklers,2014-07-31 11:35:02.090,0
341,9,9, ,2014-08-10 19:17:23.603,0
349,27,9, ,2014-08-11 01:50:34.233,0
71,66,13,yochannah,2014-07-31 14:43:34.617,0
74,36,13, ,2014-07-31 15:17:13.477,0
17,71,14, ,2014-07-30 23:02:37.170,0
3,36,16, ,2014-07-30 21:21:34.280,0
5,20,16, ,2014-07-30 21:35:47.020,0
14,60,16, ,2014-07-30 22:36:29.933,5
28,20,16, ,2014-07-31 03:53:41.363,0
401,233,16, ,2014-08-18 06:26:28.493,1
6,20,21, ,2014-07-30 21:38:30.857,0
12,52,21, ,2014-07-30 22:29:24.643,0
4,54,23, ,2014-07-30 21:34:55.920,0
7,59,24, ,2014-07-30 21:41:15.060,1
8,61,25, ,2014-07-30 21:50:02.547,0
9,27,25, ,2014-07-30 21:52:56.730,2
63,54,25, ,2014-07-31 13:09:27.530,0
49,118,26, ,2014-07-31 09:45:23.620,2
11,36,27, ,2014-07-30 22:15:44.127,1
15,37,27,yochannah,2014-07-30 22:40:03.900,0
10,36,29, ,2014-07-30 22:09:45.317,1
16,61,29,yochannah,2014-07-30 23:02:29.117,4
26,84,31, ,2014-07-31 02:24:10.090,2
402,233,31, ,2014-08-18 06:27:13.847,1
33,100,32, ,2014-07-31 05:55:28.257,5
43,43,32,War10ck,2014-07-31 08:26:37.130,1
87,4,32,War10ck,2014-07-31 17:57:44.503,0
88,100,32,BenCollins,2014-07-31 17:58:59.133,0
27,4,34, ,2014-07-31 02:40:38.800,3
19,40,42, ,2014-07-31 00:37:07.270,0
21,61,42,karlson,2014-07-31 00:46:48.803,1
25,59,52, ,2014-07-31 01:15:14.160,0
42,43,58, ,2014-07-31 08:25:14.300,0
50,118,59, ,2014-07-31 09:48:55.140,2
472,119,60, ,2014-08-21 12:45:04.153,1
514,82,60, ,2014-08-23 06:20:33.017,0
29,82,62, ,2014-07-31 05:05:10.617,0
30,92,62,PeterMaidens,2014-07-31 05:11:51.197,0
34,82,62, ,2014-07-31 05:55:46.053,0
31,92,63, ,2014-07-31 05:15:15.690,0
35,82,63, ,2014-07-31 06:00:22.287,0
58,84,64,Awai,2014-07-31 10:59:18.367,0
193,44,64, ,2014-08-04 08:36:52.810,0
2277,127,64, ,2015-01-01 00:30:34.613,0
51,92,68, ,2014-07-31 10:07:44.627,0
52,59,68, ,2014-07-31 10:09:26.347,0
91,144,70, ,2014-07-31 20:48:51.143,0
36,107,72, ,2014-07-31 07:42:45.047,0
41,113,72, ,2014-07-31 08:23:20.513,0
44,47,72,MichalSzyndel,2014-07-31 08:26:50.607,0
93,131,72, ,2014-07-31 22:00:07.480,1
39,,74, ,2014-07-31 08:04:10.430,0
45,,74, ,2014-07-31 09:00:35.220,0
702,619,75, ,2014-08-31 13:03:39.190,0
38,47,77, ,2014-07-31 08:03:09.180,0
244,160,77, ,2014-08-04 22:47:30.877,0
66,92,78, ,2014-07-31 13:26:50.757,0
46,115,81, ,2014-07-31 09:41:04.427,0
47,59,81,BroiSatse,2014-07-31 09:42:24.227,0
988,131,82, ,2014-09-18 12:21:38.710,3
48,118,83, ,2014-07-31 09:43:19.327,3
132,44,87, ,2014-08-01 16:11:11.633,1
137,99,87, ,2014-08-01 16:50:22.270,2
188,43,87,Nish,2014-08-04 06:39:43.070,0
54,115,88, ,2014-07-31 10:32:16.457,0
55,47,88, ,2014-07-31 10:33:37.573,0
56,115,88, ,2014-07-31 10:34:47.880,0
57,47,88, ,2014-07-31 10:43:33.617,1
173,44,88, ,2014-08-02 07:47:15.050,0
81,131,91, ,2014-07-31 16:22:57.130,2
2067,1111,91, ,2014-12-14 00:10:57.487,0
1647,1111,92, ,2014-11-04 19:01:24.683,0
1648,84,92,Esq,2014-11-04 19:37:18.473,0
1649,1111,92, ,2014-11-04 19:58:47.990,0
1650,84,92,Esq,2014-11-04 20:20:46.647,0
59,104,94, ,2014-07-31 11:15:53.683,0
61,61,96, ,2014-07-31 12:59:23.060,0
65,92,96,DeliciaBrummitt,2014-07-31 13:26:03.423,0
75,80,96, ,2014-07-31 15:41:46.887,0
64,31,99, ,2014-07-31 13:22:18.473,0
68,52,99, ,2014-07-31 13:51:08.247,0
69,121,99, ,2014-07-31 14:31:22.153,0
72,20,99, ,2014-07-31 14:50:31.427,0
90,52,99, ,2014-07-31 19:40:19.457,0
73,20,115, ,2014-07-31 14:51:55.833,0
76,,119, ,2014-07-31 15:46:24.097,1
77,100,119,Adam,2014-07-31 16:01:02.323,0
78,80,126, ,2014-07-31 16:07:36.800,0
80,131,126, ,2014-07-31 16:18:34.617,1
82,24,128, ,2014-07-31 16:22:59.207,0
99,,128, ,2014-08-01 04:29:09.177,1
2232,1111,128, ,2014-12-28 16:57:04.830,0
83,82,130, ,2014-07-31 16:38:25.640,0
84,43,130, ,2014-07-31 16:46:34.583,0
85,43,130, ,2014-07-31 16:48:19.927,0
86,12,133, ,2014-07-31 17:51:14.143,3
95,100,135, ,2014-08-01 01:59:19.513,0
133,61,135,War10ck,2014-08-01 16:15:05.083,3
191,44,135, ,2014-08-04 08:26:26.353,0
226,217,139, ,2014-08-04 21:39:53.820,0
126,131,141, ,2014-08-01 11:12:39.873,0
225,211,141, ,2014-08-04 19:11:07.200,1
96,100,142, ,2014-08-01 02:07:27.250,0
98,84,142,War10ck,2014-08-01 03:13:21.837,0
125,131,146, ,2014-08-01 10:51:39.110,0
2051,1775,146,eggyal,2014-12-13 18:56:08.227,0
100,132,147, ,2014-08-01 05:04:50.957,1
333,43,152, ,2014-08-10 08:55:56.640,2
923,59,155, ,2014-09-12 23:05:28.407,0
127,131,156, ,2014-08-01 11:19:34.103,14
128,31,156,eggyal,2014-08-01 11:34:15.433,0
129,131,156, ,2014-08-01 11:47:22.990,8
123,131,157, ,2014-08-01 10:40:03.497,2
121,116,158, ,2014-08-01 08:50:54.303,0
122,148,158, ,2014-08-01 08:57:45.010,0
176,188,161, ,2014-08-03 09:11:28.993,0
136,9,165, ,2014-08-01 16:43:36.613,1
147,160,165, ,2014-08-01 20:46:26.117,0
148,9,165, ,2014-08-01 21:07:02.693,0
149,160,165, ,2014-08-01 21:13:06.767,0
150,9,165, ,2014-08-01 21:31:12.613,0
219,162,165,Levi,2014-08-04 16:15:18.700,0
222,160,165,rob,2014-08-04 16:57:50.770,0
141,162,166, ,2014-08-01 17:41:13.713,1
142,160,166, ,2014-08-01 18:12:53.110,0
146,162,166, ,2014-08-01 18:42:16.917,1
151,9,172, ,2014-08-01 21:43:49.377,1
152,43,172, ,2014-08-01 21:45:04.163,0
153,9,172, ,2014-08-01 21:47:27.390,0
154,9,172, ,2014-08-01 21:48:11.427,0
155,43,172, ,2014-08-01 21:57:16.180,0
157,43,172, ,2014-08-01 21:57:55.303,0
158,9,172, ,2014-08-01 21:59:59.513,0
159,43,172, ,2014-08-01 22:04:43.650,0
174,43,182, ,2014-08-02 18:36:35.933,3
272,43,182, ,2014-08-05 17:49:45.467,0
168,9,184, ,2014-08-02 00:40:44.237,2
270,43,191, ,2014-08-05 17:45:52.760,0
273,9,191, ,2014-08-05 21:41:27.107,0
274,43,191, ,2014-08-05 21:43:58.033,0
178,131,195, ,2014-08-03 11:07:05.720,2
378,302,199, ,2014-08-13 17:06:06.230,0
181,43,204, ,2014-08-03 21:35:56.283,4
197,198,204,jdero,2014-08-04 10:48:47.093,0
200,44,204, ,2014-08-04 13:51:06.540,0
201,44,204, ,2014-08-04 13:51:46.390,0
260,198,204,NickWilde,2014-08-05 09:47:00.660,0
180,88,205, ,2014-08-03 20:48:27.267,3
192,120,205, ,2014-08-04 08:28:50.713,0
195,198,205,AstroCB,2014-08-04 10:42:28.810,0
269,43,205, ,2014-08-05 17:44:27.957,0
187,59,206, ,2014-08-04 01:27:53.873,3
194,198,206,MatthewHaugen,2014-08-04 10:35:01.800,0
221,59,206, ,2014-08-04 16:46:41.210,2
196,198,208, ,2014-08-04 10:43:01.720,0
182,43,209, ,2014-08-03 23:27:53.090,2
183,60,209, ,2014-08-03 23:36:03.753,0
184,9,209, ,2014-08-04 00:10:26.637,0
185,60,209,connor,2014-08-04 00:27:13.823,0
186,9,209, ,2014-08-04 00:29:45.347,0
198,31,211, ,2014-08-04 11:20:55.340,0
321,44,211,DataSmarter,2014-08-08 19:02:09.853,0
202,131,214, ,2014-08-04 13:54:08.343,1
189,43,215, ,2014-08-04 07:10:42.983,1
190,44,215, ,2014-08-04 07:15:28.563,0
224,43,216,Vineet_Verma,2014-08-04 19:10:45.500,0
256,200,216, ,2014-08-05 07:38:58.310,0
257,43,216, ,2014-08-05 07:54:57.163,0
204,131,221, ,2014-08-04 14:05:17.047,0
205,,221, ,2014-08-04 14:17:48.970,0
207,131,221, ,2014-08-04 14:41:22.507,0
211,,221, ,2014-08-04 14:56:07.983,0
199,120,222, ,2014-08-04 13:49:51.867,3
206,,222, ,2014-08-04 14:22:16.680,2
255,43,224, ,2014-08-05 07:21:36.053,0
258,131,224,jdero,2014-08-05 09:17:54.117,0
264,43,224, ,2014-08-05 14:59:47.207,0
281,198,224, ,2014-08-06 16:13:01.067,0
208,60,226, ,2014-08-04 14:44:41.273,0
209,131,226,Math,2014-08-04 14:45:48.020,0
311,252,226,Math,2014-08-08 13:59:34.273,0
312,60,226,TreyTaylor,2014-08-08 14:02:40.113,0
313,252,226,Math,2014-08-08 14:03:47.683,0
324,131,226,TreyTaylor,2014-08-09 06:42:54.893,0
210,131,227, ,2014-08-04 14:52:46.840,3
212,44,227, ,2014-08-04 14:56:25.300,0
213,44,227, ,2014-08-04 14:57:38.257,0
214,44,227,eggyal,2014-08-04 14:57:57.943,0
215,131,227, ,2014-08-04 15:00:30.920,2
216,44,227, ,2014-08-04 15:01:22.660,0
217,131,227, ,2014-08-04 15:08:31.397,0
218,44,227, ,2014-08-04 15:10:26.317,0
470,321,227, ,2014-08-21 12:16:10.533,0
848,460,227, ,2014-09-10 18:36:05.313,0
254,44,228, ,2014-08-05 04:33:36.947,0
229,43,233, ,2014-08-04 21:58:17.203,1
230,217,234, ,2014-08-04 22:03:53.643,0
231,131,234, ,2014-08-04 22:06:06.210,3
232,43,234, ,2014-08-04 22:08:55.803,1
247,9,236, ,2014-08-04 23:36:54.497,8
1762,1446,236, ,2014-11-13 01:27:48.963,0
234,131,237, ,2014-08-04 22:16:38.750,3
241,43,237, ,2014-08-04 22:30:21.430,0
239,217,240, ,2014-08-04 22:27:43.800,0
240,88,240,Justin,2014-08-04 22:28:53.617,1
242,217,240, ,2014-08-04 22:44:00.340,0
259,116,240, ,2014-08-05 09:33:00.947,0
261,88,240,Justin,2014-08-05 12:07:54.753,1
243,217,241, ,2014-08-04 22:47:13.207,1
245,160,241, ,2014-08-04 22:53:52.427,0
248,88,241, ,2014-08-04 23:45:55.300,4
250,160,241, ,2014-08-05 01:05:31.560,1
251,9,241, ,2014-08-05 01:14:23.223,3
252,88,241,connor,2014-08-05 02:18:39.210,0
253,160,241,AstroCB,2014-08-05 02:40:44.683,0
262,88,241,Levi,2014-08-05 12:11:19.390,0
410,4,241, ,2014-08-18 22:32:12.177,0
265,120,246, ,2014-08-05 15:22:54.700,0
266,60,246,Shriroop,2014-08-05 16:05:18.723,0
267,60,250, ,2014-08-05 16:53:26.930,0
268,146,250, ,2014-08-05 17:04:50.403,0
271,60,250, ,2014-08-05 17:47:22.733,0
277,146,250, ,2014-08-06 11:30:57.747,0
278,60,250, ,2014-08-06 12:44:05.437,0
279,146,250, ,2014-08-06 12:52:44.563,0
276,43,257, ,2014-08-06 07:41:40.103,2
282,43,258, ,2014-08-06 20:29:10.450,0
283,224,258, ,2014-08-06 22:26:36.007,0
284,132,258, ,2014-08-06 23:45:15.263,0
288,131,259, ,2014-08-07 05:53:39.860,2
289,44,259, ,2014-08-07 06:41:43.110,1
309,233,260, ,2014-08-08 08:21:30.590,9
366,132,260, ,2014-08-12 21:06:27.480,2
1609,1298,260,GiantCowFilms,2014-10-31 23:51:11.577,8
1612,1302,260,GiantCowFilms,2014-11-01 06:07:16.533,3
1616,132,260,FranciscoPresencia,2014-11-02 04:01:31.773,0
1617,132,260,Alex,2014-11-02 04:04:59.670,0
285,43,261, ,2014-08-07 00:50:47.180,9
286,,262, ,2014-08-07 03:25:41.980,3
297,44,263, ,2014-08-07 15:02:58.480,5
371,239,263,,2014-08-13 11:08:11.827,0
290,,265, ,2014-08-07 10:10:07.527,10
291,233,265, ,2014-08-07 10:20:01.303,6
418,285,265, ,2014-08-19 05:14:35.610,0
1615,132,265, ,2014-11-02 04:00:14.037,1
292,115,267, ,2014-08-07 11:44:02.797,0
293,242,267,BroiSatse,2014-08-07 12:08:40.213,0
299,43,267, ,2014-08-07 16:16:20.583,4
458,425,268, ,2014-08-20 17:03:02.963,0
1081,551,269, ,2014-09-26 16:14:59.357,0
1080,551,271, ,2014-09-26 16:14:29.993,0
303,43,276, ,2014-08-08 07:11:27.143,11
304,92,276,jdero,2014-08-08 07:15:23.930,0
305,92,276,jdero,2014-08-08 07:17:47.457,0
306,43,276,awalgarg,2014-08-08 07:19:34.930,1
307,92,276,jdero,2014-08-08 07:21:49.860,0
367,132,276, ,2014-08-12 21:12:04.453,1
372,239,276,GiantCowFilms,2014-08-13 11:12:49.880,1
316,242,281, ,2014-08-08 14:32:36.523,5
317,252,281,christiandev,2014-08-08 14:34:38.457,1
319,242,281, ,2014-08-08 14:49:06.293,0
320,252,281,christiandev,2014-08-08 14:52:11.807,0
327,148,281,TreyTaylor,2014-08-09 12:02:11.027,0
328,252,281, ,2014-08-09 12:04:45.210,1
358,92,281, ,2014-08-12 05:38:57.980,0
359,252,281, ,2014-08-12 07:06:57.960,0
325,131,285, ,2014-08-09 09:49:05.100,1
326,200,285, ,2014-08-09 10:09:45.800,0
329,131,285, ,2014-08-09 12:05:42.517,2
350,200,285, ,2014-08-11 06:18:58.460,0
397,91,288, ,2014-08-16 15:16:14.717,1
431,92,289, ,2014-08-19 15:59:50.047,3
340,233,290, ,2014-08-10 14:39:20.267,0
365,266,290, ,2014-08-12 20:57:56.880,0
335,59,291, ,2014-08-10 09:37:10.493,0
336,59,291, ,2014-08-10 09:37:51.947,0
337,131,291, ,2014-08-10 11:39:32.213,0
351,233,291,eggyal,2014-08-11 09:00:05.790,0
352,233,291, ,2014-08-11 09:04:26.210,0
339,9,292, ,2014-08-10 14:14:25.973,1
342,59,292,connor,2014-08-10 19:33:12.973,0
343,9,292, ,2014-08-10 19:37:31.373,0
344,131,292, ,2014-08-10 19:41:06.930,2
345,59,292,connor,2014-08-10 20:10:49.703,0
346,59,292,eggyal,2014-08-10 20:11:41.397,0
338,131,294, ,2014-08-10 13:26:22.730,0
356,144,296, ,2014-08-11 19:03:00.850,0
373,239,303, ,2014-08-13 12:04:56.617,1
354,131,304, ,2014-08-11 10:19:43.943,0
355,59,306, ,2014-08-11 10:23:18.093,0
357,43,306, ,2014-08-11 19:46:56.383,0
361,233,306,jdero,2014-08-12 08:29:07.997,0
363,82,308, ,2014-08-12 18:47:12.133,3
364,43,308,PeterMaidens,2014-08-12 19:51:32.847,0
396,91,308, ,2014-08-16 14:55:47.947,1
398,43,308,BradRhoads,2014-08-16 17:05:17.933,0
360,43,310,HimalayanCoder,2014-08-12 07:57:00.700,2
362,286,310, ,2014-08-12 14:13:12.167,0
368,43,310, ,2014-08-12 21:26:25.400,0
369,59,314, ,2014-08-13 01:41:41.940,0
377,131,314, ,2014-08-13 16:47:37.620,0
407,119,314, ,2014-08-18 11:05:36.963,0
388,116,329, ,2014-08-14 20:21:12.460,1
389,116,329,oharkins,2014-08-14 20:34:12.540,0
370,200,332, ,2014-08-13 11:04:57.517,0
374,239,332,Vineet,2014-08-13 12:09:41.663,1
375,200,332, ,2014-08-13 13:01:07.687,0
399,91,339, ,2014-08-16 18:16:12.400,2
405,119,351, ,2014-08-18 10:53:00.227,1
406,321,351, ,2014-08-18 11:04:33.747,1
408,119,351, ,2014-08-18 11:07:06.193,1
390,43,356, ,2014-08-15 19:23:51.383,0
392,59,356,jdero,2014-08-15 19:46:47.850,1
393,59,356,jdero,2014-08-15 19:48:41.923,0
400,233,356, ,2014-08-18 06:09:58.500,2
505,131,358, ,2014-08-22 22:53:42.463,0
507,119,358,eggyal,2014-08-23 00:01:01.860,0
508,131,358, ,2014-08-23 00:21:44.357,0
403,43,363, ,2014-08-18 06:38:01.667,1
404,333,363, ,2014-08-18 06:52:44.850,0
411,353,363, ,2014-08-19 00:47:56.283,0
414,91,363, ,2014-08-19 02:20:13.827,0
416,333,363, ,2014-08-19 04:26:17.667,0
427,152,363, ,2014-08-19 14:44:52.790,0
417,285,366, ,2014-08-19 05:05:50.977,0
409,113,370, ,2014-08-18 21:32:11.733,0
413,344,370, ,2014-08-19 01:55:53.773,0
419,285,370, ,2014-08-19 05:19:36.063,0
424,119,374, ,2014-08-19 14:04:47.077,0
432,354,374, ,2014-08-19 16:00:06.807,0
446,319,375, ,2014-08-20 09:26:54.087,0
455,353,375, ,2014-08-20 14:53:22.393,2
459,144,376, ,2014-08-20 18:29:48.640,0
463,353,376, ,2014-08-20 22:45:40.763,1
415,59,379, ,2014-08-19 02:22:33.083,1
420,43,383, ,2014-08-19 07:02:51.417,0
422,344,384, ,2014-08-19 13:23:42.363,0
441,91,385, ,2014-08-19 21:46:11.767,2
442,43,385, ,2014-08-20 00:23:14.757,0
474,354,386, ,2014-08-21 16:37:09.707,1
513,478,386, ,2014-08-23 06:19:55.073,1
439,210,387, ,2014-08-19 21:36:10.683,0
835,388,387, ,2014-09-09 17:26:07.410,1
435,91,390, ,2014-08-19 18:29:06.717,0
437,302,390, ,2014-08-19 20:06:02.077,1
440,91,390, ,2014-08-19 21:36:27.883,0
421,344,391, ,2014-08-19 13:22:34.600,0
425,302,391, ,2014-08-19 14:22:50.343,0
428,344,391, ,2014-08-19 15:20:32.683,0
433,302,391, ,2014-08-19 16:26:11.417,0
423,344,393, ,2014-08-19 13:57:57.473,0
434,43,394, ,2014-08-19 16:30:11.187,2
447,233,394,jdero,2014-08-20 10:50:03.047,0
429,119,398, ,2014-08-19 15:34:23.977,0
430,353,398, ,2014-08-19 15:39:18.300,0
448,119,398, ,2014-08-20 10:53:40.347,0
1259,844,398,LIUFA,2014-10-03 21:24:45.270,0
436,91,400, ,2014-08-19 18:34:25.243,0
1260,844,400,BradRhoads,2014-10-03 21:30:36.543,0
438,144,404, ,2014-08-19 20:07:25.460,0
444,44,409, ,2014-08-20 07:08:51.453,0
457,344,409, ,2014-08-20 16:37:14.017,0
462,302,409, ,2014-08-20 21:59:44.407,0
484,412,409, ,2014-08-22 15:54:38.290,0
1331,68,410, ,2014-10-13 05:52:40.957,0
551,68,412, ,2014-08-26 03:05:06.767,0
552,43,412,SilentSteel,2014-08-26 03:07:31.567,0
445,44,417, ,2014-08-20 09:03:47.070,2
467,378,417, ,2014-08-21 08:54:01.470,1
486,412,417, ,2014-08-22 16:10:23.423,0
515,378,417, ,2014-08-23 08:07:36.743,1
1758,1446,417, ,2014-11-12 19:50:16.050,2
449,119,418, ,2014-08-20 11:07:25.553,0
450,233,418, ,2014-08-20 11:29:11.687,0
451,119,418, ,2014-08-20 11:33:01.040,0
452,119,419, ,2014-08-20 13:15:10.590,0
453,344,419, ,2014-08-20 14:38:34.760,0
454,44,420, ,2014-08-20 14:50:40.437,1
456,423,420, ,2014-08-20 15:00:28.250,0
637,425,429, ,2014-08-29 08:51:59.470,0
643,425,429,eggyal,2014-08-29 10:02:25.230,0
817,131,429, ,2014-09-08 13:03:36.000,0
485,412,430, ,2014-08-22 16:05:34.373,0
488,354,430, ,2014-08-22 17:01:19.633,0
489,354,430, ,2014-08-22 17:05:24.290,0
460,344,431, ,2014-08-20 19:22:31.623,0
461,59,431,George,2014-08-20 19:25:48.170,0
494,464,431, ,2014-08-22 18:25:05.710,0
464,44,434, ,2014-08-21 06:07:33.743,0
465,437,434,NickWilde,2014-08-21 06:19:24.413,0
466,44,434, ,2014-08-21 06:29:08.063,0
476,144,436, ,2014-08-22 01:27:17.993,0
468,119,437, ,2014-08-21 11:45:37.603,2
469,131,437, ,2014-08-21 12:15:09.303,0
471,119,437,eggyal,2014-08-21 12:37:50.957,0
473,416,437,eggyal,2014-08-21 12:54:33.100,0
557,416,442, ,2014-08-26 11:47:47.217,0
475,43,448, ,2014-08-21 20:18:51.127,1
478,453,448, ,2014-08-22 09:58:10.257,0
487,461,448, ,2014-08-22 16:41:30.520,1
495,453,448, ,2014-08-22 18:55:04.937,0
529,462,450, ,2014-08-25 03:40:40.527,0
534,54,450, ,2014-08-25 13:33:52.197,0
539,462,450, ,2014-08-25 19:40:14.107,0
480,423,452, ,2014-08-22 11:13:32.670,1
640,425,452,Cromian,2014-08-29 08:59:34.713,0
479,131,454, ,2014-08-22 10:11:42.387,0
481,456,454, ,2014-08-22 11:24:39.683,0
482,131,454, ,2014-08-22 11:30:37.910,0
483,456,454, ,2014-08-22 11:43:37.773,0
499,464,454, ,2014-08-22 19:46:49.633,1
500,464,454, ,2014-08-22 19:48:43.860,1
493,464,457, ,2014-08-22 18:08:32.210,3
498,466,457, ,2014-08-22 19:14:10.980,11
595,71,457,JS,2014-08-28 06:49:12.027,0
491,464,459, ,2014-08-22 17:53:22.007,1
501,437,459,dirkk,2014-08-22 20:57:01.280,0
502,464,459, ,2014-08-22 21:07:54.080,0
516,437,459, ,2014-08-23 09:08:15.510,0
509,478,463, ,2014-08-23 06:13:41.817,2
510,478,463, ,2014-08-23 06:15:43.837,0
490,464,464, ,2014-08-22 17:48:32.830,0
492,462,464, ,2014-08-22 17:59:17.223,0
496,462,467, ,2014-08-22 18:56:16.020,0
497,321,467, ,2014-08-22 19:08:04.800,0
503,464,469, ,2014-08-22 21:11:10.350,2
504,43,469,dirkk,2014-08-22 22:02:16.340,4
517,302,469, ,2014-08-23 09:20:13.593,1
520,469,469,dirkk,2014-08-23 12:45:25.570,1
522,43,469,VSB,2014-08-23 18:30:55.350,0
525,437,469,VSB,2014-08-24 10:33:11.600,0
526,469,469,sandman,2014-08-24 10:47:30.850,0
527,437,469,VSB,2014-08-24 17:38:55.710,0
531,469,469,sandman,2014-08-25 07:05:24.850,0
532,437,469,VSB,2014-08-25 07:24:01.970,1
518,469,470, ,2014-08-23 12:40:03.870,0
519,469,470, ,2014-08-23 12:41:26.830,0
556,416,471, ,2014-08-26 11:43:39.007,0
559,479,471, ,2014-08-26 12:25:46.507,0
521,469,472, ,2014-08-23 13:24:20.513,0
524,423,473, ,2014-08-23 21:20:26.707,0
642,131,473, ,2014-08-29 09:18:52.493,1
545,131,479, ,2014-08-25 22:57:32.043,1
563,44,479,eggyal,2014-08-26 16:43:42.930,0
566,260,479, ,2014-08-27 00:52:00.193,0
567,44,479, ,2014-08-27 01:29:57.890,0
581,131,479,dcc,2014-08-27 13:58:38.747,0
528,91,480, ,2014-08-25 00:40:58.113,0
530,354,480, ,2014-08-25 04:58:31.610,1
536,511,484, ,2014-08-25 13:47:30.793,1
542,521,484, ,2014-08-25 20:02:18.967,1
589,557,484, ,2014-08-27 23:06:18.873,0
537,210,485, ,2014-08-25 16:13:29.160,0
543,43,485,ClayNichols,2014-08-25 20:47:34.023,0
546,9,490, ,2014-08-26 01:55:00.020,0
565,462,490, ,2014-08-26 16:59:57.870,0
580,131,493, ,2014-08-27 13:47:17.133,0
628,43,493, ,2014-08-29 05:19:37.520,0
632,131,493, ,2014-08-29 08:36:18.077,0
633,43,493, ,2014-08-29 08:38:44.433,0
634,131,493, ,2014-08-29 08:43:38.050,0
635,43,493, ,2014-08-29 08:45:23.087,0
639,131,493, ,2014-08-29 08:53:00.270,1
558,233,494, ,2014-08-26 12:14:52.013,3
561,529,494, ,2014-08-26 13:14:25.987,0
562,302,494, ,2014-08-26 14:42:16.670,0
564,44,494, ,2014-08-26 16:48:12.527,0
554,140,495, ,2014-08-26 11:28:56.707,0
555,140,495, ,2014-08-26 11:34:16.083,0
560,160,496, ,2014-08-26 12:28:03.793,2
576,378,496, ,2014-08-27 07:46:26.263,0
568,520,502, ,2014-08-27 04:33:00.223,1
572,542,502, ,2014-08-27 05:09:36.307,0
573,520,502, ,2014-08-27 05:21:25.377,1
569,520,503, ,2014-08-27 04:36:43.123,0
571,44,503,user272735,2014-08-27 04:56:05.987,0
574,44,503,user272735,2014-08-27 06:01:56.090,0
586,131,503, ,2014-08-27 23:03:52.420,0
587,131,503, ,2014-08-27 23:05:23.470,1
588,44,503,eggyal,2014-08-27 23:05:52.397,0
590,131,503,NickWilde,2014-08-27 23:07:56.783,1
570,520,504, ,2014-08-27 04:49:43.557,2
591,91,504, ,2014-08-27 23:22:40.593,0
575,532,505, ,2014-08-27 06:20:00.543,1
577,437,505, ,2014-08-27 08:38:25.773,1
578,31,505, ,2014-08-27 10:25:42.920,0
579,152,505, ,2014-08-27 13:22:57.123,1
593,520,507, ,2014-08-28 05:16:48.173,0
594,71,507, ,2014-08-28 06:47:02.773,1
609,532,507,user272735,2014-08-28 21:40:12.703,0
610,532,507,MichaelLai,2014-08-28 21:43:20.443,0
625,520,507, ,2014-08-29 04:27:01.520,0
629,532,507,user272735,2014-08-29 05:20:31.120,0
611,532,508, ,2014-08-28 21:48:19.710,0
584,442,510,eggyal,2014-08-27 20:51:27.293,0
585,131,510,timpeterson,2014-08-27 22:00:35.047,0
592,520,511, ,2014-08-28 03:43:47.793,0
596,227,511, ,2014-08-28 13:17:14.133,0
582,321,513, ,2014-08-27 15:53:45.670,1
583,44,513, ,2014-08-27 15:56:19.303,0
597,227,513, ,2014-08-28 13:21:35.747,1
973,233,518, ,2014-09-17 06:06:50.993,0
598,302,520, ,2014-08-28 14:14:25.010,4
599,44,520,JezC,2014-08-28 15:00:58.067,0
631,581,520, ,2014-08-29 08:21:29.547,4
651,44,520,Subby,2014-08-29 14:33:23.707,0
612,532,521, ,2014-08-28 21:51:19.417,0
653,302,522, ,2014-08-29 15:04:43.720,1
687,44,522, ,2014-08-30 22:43:12.063,0
604,43,523, ,2014-08-28 19:57:46.803,1
613,9,523, ,2014-08-28 23:44:26.713,0
614,551,523, ,2014-08-29 01:45:49.980,0
630,43,523,blunders,2014-08-29 07:01:08.600,0
658,564,523,connor,2014-08-29 21:35:57.590,0
659,564,523,blunder,2014-08-29 21:36:26.383,0
667,551,523,NickBudden,2014-08-30 16:00:47.700,0
2166,1824,524, ,2014-12-23 11:03:36.487,2
601,573,525, ,2014-08-28 19:05:04.060,0
608,344,525, ,2014-08-28 20:28:44.820,0
600,44,526, ,2014-08-28 18:44:33.947,0
606,131,527, ,2014-08-28 20:15:50.737,3
602,44,528, ,2014-08-28 19:17:06.903,0
603,571,528, ,2014-08-28 19:22:35.760,1
689,44,528, ,2014-08-30 22:48:38.730,1
688,44,530, ,2014-08-30 22:45:29.353,0
615,43,534, ,2014-08-29 03:03:01.587,0
616,43,534, ,2014-08-29 03:11:50.997,2
617,580,534, ,2014-08-29 03:16:10.733,0
619,580,534, ,2014-08-29 03:22:18.207,0
620,43,534,Chase_Ouhrabka,2014-08-29 03:30:42.930,0
621,580,534, ,2014-08-29 03:31:44.830,0
665,302,534, ,2014-08-30 14:19:18.633,0
622,580,535, ,2014-08-29 03:50:39.167,0
623,9,535, ,2014-08-29 03:52:10.953,0
624,580,535, ,2014-08-29 03:54:23.447,0
649,9,535, ,2014-08-29 13:37:10.493,0
626,9,538, ,2014-08-29 04:32:36.417,0
627,580,538,connor,2014-08-29 04:34:23.707,0
664,302,538, ,2014-08-30 14:10:58.163,0
661,412,539, ,2014-08-30 02:36:06.867,0
1757,1446,539, ,2014-11-12 19:22:02.763,0
645,580,542, ,2014-08-29 13:18:04.903,0
647,437,542, ,2014-08-29 13:29:38.403,0
648,580,542, ,2014-08-29 13:32:05.697,0
654,437,542, ,2014-08-29 15:26:35.583,0
1661,1358,542, ,2014-11-05 03:31:13.737,0
644,580,543, ,2014-08-29 13:16:08.147,0
650,31,543, ,2014-08-29 13:49:08.300,1
655,59,543,ChaseOuhrabka,2014-08-29 18:15:35.193,0
646,580,545, ,2014-08-29 13:26:53.003,0
656,551,548, ,2014-08-29 18:33:57.040,1
714,131,548, ,2014-09-01 23:07:55.383,0
652,44,549, ,2014-08-29 14:46:22.343,0
666,587,549, ,2014-08-30 15:29:07.980,0
668,44,549, ,2014-08-30 16:05:55.000,0
660,604,550, ,2014-08-29 22:55:58.210,0
657,532,555, ,2014-08-29 18:57:01.540,0
669,551,555,Avestron,2014-08-30 16:06:20.503,1
670,532,555, ,2014-08-30 20:59:19.183,0
662,91,558, ,2014-08-30 05:00:28.453,0
663,608,558, ,2014-08-30 05:57:38.417,2
690,607,558, ,2014-08-31 00:05:24.263,0
705,233,558,Alfredo,2014-09-01 04:30:58.210,0
708,628,558, ,2014-09-01 08:22:33.493,0
740,607,558, ,2014-09-02 23:11:13.980,0
691,607,559, ,2014-08-31 00:08:08.933,0
701,437,559, ,2014-08-31 11:10:03.347,0
693,607,560, ,2014-08-31 00:15:47.993,0
698,302,560,Alfredo,2014-08-31 06:15:27.560,0
692,607,561, ,2014-08-31 00:11:29.083,0
673,532,568, ,2014-08-30 21:36:23.663,0
674,616,568,Avestron,2014-08-30 21:44:54.190,0
675,532,568, ,2014-08-30 21:49:18.277,0
676,532,568, ,2014-08-30 21:54:10.117,0
677,616,568,Avestron,2014-08-30 21:55:12.563,0
678,616,568,Avestron,2014-08-30 21:57:32.520,0
695,564,569, ,2014-08-31 04:32:06.297,2
703,616,569,NickBudden,2014-08-31 14:28:19.227,0
780,354,569, ,2014-09-06 08:32:11.850,0
696,354,571, ,2014-08-31 04:42:25.637,0
697,43,571,ATrubka,2014-08-31 05:00:35.300,0
710,354,572, ,2014-09-01 18:32:21.870,0
725,302,572,ATrubka,2014-09-02 09:55:45.073,0
706,91,573, ,2014-09-01 05:06:41.180,0
707,624,573, ,2014-09-01 07:13:10.547,0
724,624,575, ,2014-09-02 09:05:16.807,0
727,344,575, ,2014-09-02 12:19:44.753,0
745,624,575, ,2014-09-03 09:05:38.927,0
747,344,575, ,2014-09-03 13:30:45.697,0
709,9,579, ,2014-09-01 17:16:11.980,3
962,59,579, ,2014-09-16 07:16:49.147,2
712,635,581, ,2014-09-01 19:43:04.760,1
750,91,581, ,2014-09-03 17:23:03.350,3
960,551,581,BradRhoads,2014-09-16 06:28:32.700,0
966,91,581, ,2014-09-16 16:56:17.420,1
716,354,583, ,2014-09-02 05:15:14.360,1
717,354,583, ,2014-09-02 05:18:57.493,0
719,131,583,ATrubka,2014-09-02 06:33:25.750,2
721,59,584, ,2014-09-02 06:56:34.703,3
729,43,584,MatthewHaugen,2014-09-02 19:07:13.147,1
1029,844,584,MatthewHaugen,2014-09-23 07:38:04.697,1
733,462,586, ,2014-09-02 19:29:44.510,0
734,43,586,user2844240,2014-09-02 19:31:35.960,0
735,462,586, ,2014-09-02 19:45:10.927,0
738,43,586,user2844240,2014-09-02 19:58:22.580,0
720,416,590, ,2014-09-02 06:48:15.973,0
743,200,594, ,2014-09-03 07:04:57.407,0
741,43,599, ,2014-09-03 06:23:16.910,0
742,664,599, ,2014-09-03 06:28:18.887,0
744,416,599, ,2014-09-03 07:35:38.947,0
752,664,599,TommyOtzen,2014-09-03 18:35:41.033,0
762,233,599, ,2014-09-04 10:33:36.923,0
765,664,599,a20,2014-09-04 18:35:28.860,0
759,233,601, ,2014-09-04 00:44:45.273,0
746,43,603, ,2014-09-03 10:59:16.773,0
749,44,603, ,2014-09-03 17:08:22.640,0
1043,844,604, ,2014-09-24 02:02:51.560,0
1044,669,604, ,2014-09-24 14:22:58.200,0
748,668,606, ,2014-09-03 16:49:46.053,0
998,668,606, ,2014-09-19 18:49:16.010,0
753,131,607, ,2014-09-03 19:53:57.040,3
754,44,609, ,2014-09-03 22:39:12.187,1
756,551,609,NickWilde,2014-09-03 23:11:09.713,1
760,44,609, ,2014-09-04 01:20:20.757,2
1346,425,609, ,2014-10-14 12:59:59.623,0
758,43,611, ,2014-09-03 23:21:43.113,2
761,677,611, ,2014-09-04 09:04:11.420,0
763,677,612, ,2014-09-04 12:43:42.170,0
839,44,616, ,2014-09-10 14:30:07.583,1
764,121,618, ,2014-09-04 13:57:49.017,3
774,684,618,Jonast92,2014-09-05 02:48:03.563,0
775,321,618,SarpKaya,2014-09-05 13:21:12.300,0
776,684,618,qdot,2014-09-06 02:19:18.857,1
812,416,618, ,2014-09-08 11:12:16.417,0
834,684,618,TommyOtzen,2014-09-09 13:29:43.380,0
766,669,619, ,2014-09-04 18:57:44.213,0
767,416,619, ,2014-09-04 19:45:02.283,0
769,44,620, ,2014-09-04 20:19:35.067,1
770,689,620,NickWilde,2014-09-04 20:36:50.763,0
771,131,620, ,2014-09-04 20:50:00.920,0
772,689,620, ,2014-09-04 20:52:49.030,0
785,689,623,eggyval!,2014-09-06 20:05:11.253,0
786,131,623,IlyaBarkov,2014-09-06 20:28:19.183,0
1857,1482,625, ,2014-11-26 19:09:48.450,0
777,564,627, ,2014-09-06 08:13:16.307,1
779,354,627, ,2014-09-06 08:22:13.627,1
781,131,630, ,2014-09-06 12:18:16.057,1
782,44,630, ,2014-09-06 14:06:17.667,0
783,131,630,NickWilde,2014-09-06 17:07:28.677,0
784,,630,eggyal,2014-09-06 17:30:33.193,0
792,,632, ,2014-09-07 09:06:55.433,0
793,,632, ,2014-09-07 09:07:55.617,0
794,,632, ,2014-09-07 09:08:48.687,0
791,131,635, ,2014-09-07 07:39:17.657,1
801,551,635, ,2014-09-07 19:20:10.600,0
803,91,635, ,2014-09-07 20:18:48.060,0
806,131,635,BradRhoads,2014-09-07 23:22:38.110,0
787,43,636, ,2014-09-07 06:39:49.660,0
788,131,636, ,2014-09-07 07:33:52.287,2
797,131,637, ,2014-09-07 09:32:25.883,1
798,378,638, ,2014-09-07 12:51:00.670,0
799,615,638, ,2014-09-07 13:12:00.663,0
1603,,638, ,2014-10-31 14:21:02.280,0
841,91,640, ,2014-09-10 16:58:46.900,0
886,756,640, ,2014-09-11 14:38:16.987,0
804,131,642, ,2014-09-07 20:36:10.610,0
808,628,642, ,2014-09-08 05:46:27.023,0
809,684,643, ,2014-09-08 06:32:51.867,0
811,668,643,jonast92,2014-09-08 09:31:08.783,0
959,551,643,SarpKaya,2014-09-16 06:04:24.323,0
846,460,644, ,2014-09-10 18:10:59.087,0
810,131,645, ,2014-09-08 08:00:27.313,0
815,131,646, ,2014-09-08 12:34:40.097,0
816,131,646, ,2014-09-08 12:35:55.820,1
818,327,646, ,2014-09-08 13:06:51.997,0
819,131,646, ,2014-09-08 13:14:24.503,2
821,327,647, ,2014-09-08 15:01:21.040,0
822,327,647, ,2014-09-08 15:02:36.950,0
950,423,648, ,2014-09-15 17:27:12.117,0
954,551,648,Cromian,2014-09-16 00:51:14.943,0
963,131,648, ,2014-09-16 10:30:27.240,0
967,551,648,eggyal,2014-09-16 17:50:34.993,0
823,131,649, ,2014-09-08 16:16:02.023,0
828,44,649, ,2014-09-09 00:48:47.610,1
831,152,650, ,2014-09-09 12:43:53.213,4
863,715,650, ,2014-09-11 03:29:47.043,0
824,131,652, ,2014-09-08 21:31:34.420,4
825,91,652, ,2014-09-09 00:03:41.073,1
826,44,652,BradRhoads,2014-09-09 00:46:36.697,0
833,152,652, ,2014-09-09 12:53:33.817,0
837,131,663, ,2014-09-10 11:45:51.777,3
838,44,663, ,2014-09-10 14:10:44.903,0
840,43,663,NickWilde,2014-09-10 16:35:56.503,0
842,44,663,jdero,2014-09-10 17:25:41.750,0
861,44,663,eggyal,2014-09-11 02:48:00.780,0
865,131,663,NickWilde,2014-09-11 06:30:40.863,1
856,59,665, ,2014-09-10 21:53:16.360,0
857,59,665, ,2014-09-10 21:53:43.670,1
858,23,665,MatthewHaugen,2014-09-10 21:57:00.993,0
843,44,668, ,2014-09-10 17:55:19.203,1
844,26,668, ,2014-09-10 17:59:03.777,0
853,9,668, ,2014-09-10 20:59:37.820,0
855,131,668,connor,2014-09-10 21:36:34.457,2
859,9,668, ,2014-09-10 22:09:24.317,2
860,131,668,connor,2014-09-10 22:48:25.793,0
847,131,670, ,2014-09-10 18:35:33.310,0
849,460,670,eggyal,2014-09-10 18:37:51.383,0
850,131,670, ,2014-09-10 18:39:36.877,0
845,460,671, ,2014-09-10 18:08:48.797,4
854,551,672, ,2014-09-10 21:23:34.170,0
864,233,676, ,2014-09-11 06:07:07.097,0
866,26,676, ,2014-09-11 06:39:04.777,0
881,131,681, ,2014-09-11 12:49:00.167,3
882,437,681,eggyal,2014-09-11 13:31:06.433,0
883,131,681, ,2014-09-11 14:17:01.887,1
884,437,681, ,2014-09-11 14:31:19.377,0
888,551,681, ,2014-09-11 16:01:04.300,0
889,437,683,blunders,2014-09-11 16:02:53.367,0
893,43,683, ,2014-09-11 19:40:42.260,1
894,551,683, ,2014-09-11 20:11:41.920,0
899,91,685, ,2014-09-12 01:59:53.003,0
919,,685, ,2014-09-12 00:16:31.507,0
920,91,690, ,2014-09-12 21:42:34.240,0
932,9,690, ,2014-09-13 15:45:09.727,2
904,551,691, ,2014-09-12 15:33:37.127,2
907,551,691, ,2014-09-12 15:45:50.453,2
908,131,699, ,2014-09-12 16:09:48.727,0
909,131,702, ,2014-09-12 16:37:30.430,1
910,767,702,eggyal,2014-09-12 16:57:16.493,0
911,551,702, ,2014-09-12 17:01:45.103,0
961,769,705, ,2014-09-16 07:05:07.337,0
924,131,706, ,2014-09-12 23:09:32.570,2
927,767,706, ,2014-09-13 06:12:06.997,0
942,769,710, ,2014-09-15 07:16:06.320,0
925,59,711, ,2014-09-13 02:53:59.293,0
926,770,711, ,2014-09-13 03:06:43.903,1
929,551,713, ,2014-09-13 13:08:17.993,0
930,131,713,blunders,2014-09-13 13:34:04.827,0
931,551,713, ,2014-09-13 15:34:54.493,0
941,769,717, ,2014-09-15 07:15:37.373,0
939,551,719, ,2014-09-14 21:39:27.500,0
940,44,719,blunders,2014-09-14 22:18:52.870,0
943,437,722, ,2014-09-15 08:58:47.400,0
944,437,722, ,2014-09-15 08:59:27.767,0
1315,425,722, ,2014-10-10 20:24:26.300,1
951,131,728, ,2014-09-15 17:33:25.877,0
953,44,728,eggyal,2014-09-16 00:22:49.897,0
955,551,728,Cromain,2014-09-16 01:02:19.607,0
957,59,729, ,2014-09-16 01:45:07.490,0
958,551,729,MatthewHaugen,2014-09-16 01:53:22.077,0
990,23,731, ,2014-09-18 15:53:46.683,0
1407,1120,731, ,2014-10-17 12:25:07.060,0
968,551,734, ,2014-09-16 18:00:00.793,1
969,91,734, ,2014-09-16 18:15:31.847,0
970,59,734, ,2014-09-16 19:12:53.563,2
979,48,734, ,2014-09-17 22:36:01.503,0
980,131,734, ,2014-09-17 23:22:18.207,0
964,131,735, ,2014-09-16 14:52:31.170,0
972,233,737, ,2014-09-17 06:02:00.670,0
976,131,743, ,2014-09-17 20:21:41.207,0
977,808,743, ,2014-09-17 20:24:57.713,0
985,551,743, ,2014-09-18 04:36:47.010,0
993,808,743, ,2014-09-18 18:34:15.240,0
982,551,745, ,2014-09-18 04:21:00.850,0
986,551,745, ,2014-09-18 05:02:27.093,0
987,131,746, ,2014-09-18 12:17:17.757,3
989,140,746, ,2014-09-18 12:33:51.410,0
991,551,746,TK-421,2014-09-18 16:41:44.883,0
992,140,746, ,2014-09-18 16:47:01.380,0
994,131,753, ,2014-09-19 08:51:36.937,1
997,91,753, ,2014-09-19 14:10:01.863,0
999,810,753,eggyal,2014-09-19 21:26:29.197,0
1000,810,754, ,2014-09-19 21:43:22.203,0
1016,282,761, ,2014-09-22 16:42:06.400,0
1017,48,761,James,2014-09-22 17:37:01.847,0
1018,48,761,James,2014-09-22 17:39:03.657,2
1003,131,766, ,2014-09-21 12:31:00.563,0
1004,9,766, ,2014-09-21 13:56:29.923,1
1006,833,766,eggyal,2014-09-21 16:42:38.813,0
1019,48,766, ,2014-09-22 18:21:37.833,0
1005,131,767, ,2014-09-21 16:02:34.097,1
1010,810,771, ,2014-09-22 03:12:30.430,0
1015,131,772, ,2014-09-22 13:06:44.283,2
1030,844,781, ,2014-09-23 16:15:22.290,0
1041,59,781,JRWarren,2014-09-23 19:52:25.720,0
1028,131,782, ,2014-09-23 06:21:04.937,2
1031,551,785, ,2014-09-23 16:25:03.527,1
1032,131,785, ,2014-09-23 17:20:26.657,2
1033,551,785,eggyal,2014-09-23 17:41:13.100,0
1034,131,785,blunders,2014-09-23 17:46:44.557,0
1035,551,785,eggyal,2014-09-23 17:53:28.350,0
1036,844,785,eggyal,2014-09-23 17:56:12.640,1
1037,844,785, ,2014-09-23 18:06:36.967,0
1046,844,788, ,2014-09-24 18:27:55.460,0
1047,844,788, ,2014-09-24 18:29:04.570,0
1423,302,788,JRWarren,2014-10-19 15:50:25.747,0
1045,44,789, ,2014-09-24 17:27:58.187,2
1048,131,789,NickWilde,2014-09-24 18:37:57.143,0
1049,44,789,eggyal,2014-09-24 19:27:56.397,1
1082,551,789, ,2014-09-26 16:15:29.490,0
1091,858,789, ,2014-09-29 09:39:00.170,0
1093,551,789, ,2014-09-29 12:40:37.943,0
1051,131,796, ,2014-09-25 08:51:40.113,0
1053,131,798, ,2014-09-25 14:45:05.693,0
1054,551,798, ,2014-09-25 14:45:10.233,0
1055,131,798, ,2014-09-25 15:12:00.300,0
1057,91,798,eggyal,2014-09-25 16:15:20.333,0
1063,44,798, ,2014-09-25 17:06:32.237,0
1064,131,798,NickWilde,2014-09-25 18:14:44.993,0
1065,44,798, ,2014-09-25 18:26:34.160,0
1062,91,799, ,2014-09-25 16:39:55.777,2
1066,844,799,BradRhoads,2014-09-25 21:05:13.593,0
1058,875,800, ,2014-09-25 16:27:21.300,0
1059,551,800,startupguest,2014-09-25 16:28:55.057,0
1060,875,800, ,2014-09-25 16:29:41.557,0
1061,551,800, ,2014-09-25 16:34:06.867,1
1067,9,804, ,2014-09-25 22:38:21.707,4
1068,9,804, ,2014-09-25 22:39:49.137,3
1069,880,807, ,2014-09-25 22:44:23.853,0
1070,59,807,fixitinthemix,2014-09-25 22:49:22.673,0
1071,880,807, ,2014-09-25 22:56:46.963,0
1073,844,807,fixitinthemix,2014-09-25 23:24:19.510,0
1075,879,814,MatthewHaaugen,2014-09-26 03:16:09.840,0
1076,59,814,user2719875,2014-09-26 03:19:10.853,3
1077,891,814, ,2014-09-26 10:42:13.023,0
1088,551,824, ,2014-09-27 04:53:37.417,2
1098,900,824, ,2014-09-29 17:02:55.353,0
1099,551,824, ,2014-09-29 18:19:02.080,0
1101,551,827, ,2014-09-29 21:38:33.517,0
1092,9,836, ,2014-09-29 11:38:46.477,0
1272,1000,838, ,2014-10-06 01:07:03.897,0
1094,91,840, ,2014-09-29 14:20:37.070,0
1504,1134,840, ,2014-10-23 14:22:49.393,0
1095,551,841, ,2014-09-29 14:42:54.097,0
1096,,841, ,2014-09-29 15:02:31.663,0
1097,551,841, ,2014-09-29 15:20:08.330,0
1113,,841, ,2014-09-30 02:26:40.380,0
1103,551,846, ,2014-09-29 21:46:08.520,0
1110,551,849, ,2014-09-30 00:50:45.167,0
1111,925,849, ,2014-09-30 00:54:56.853,0
1114,551,849, ,2014-09-30 04:28:35.987,0
1115,59,849,thequeue,2014-09-30 04:52:05.430,0
1142,344,849, ,2014-10-01 00:21:51.113,0
1116,551,850, ,2014-09-30 14:16:14.143,0
1117,844,850,blunders,2014-09-30 15:50:01.423,0
1118,844,850,blunders,2014-09-30 15:52:45.057,0
1120,551,850, ,2014-09-30 16:19:41.433,0
1121,844,850,blunders,2014-09-30 16:28:51.477,0
1122,844,850, ,2014-09-30 16:31:49.727,0
1130,551,850, ,2014-09-30 20:36:29.023,0
1131,844,850,blunders,2014-09-30 21:24:53.270,0
1137,551,850, ,2014-09-30 23:40:52.653,0
1135,551,859, ,2014-09-30 23:11:36.970,0
1136,844,859,blunders,2014-09-30 23:26:02.120,0
1138,551,859, ,2014-09-30 23:50:27.357,1
1139,844,859,blunders,2014-09-30 23:56:41.877,0
1140,551,859, ,2014-09-30 23:59:40.817,0
1141,551,859, ,2014-10-01 00:03:41.137,0
1161,719,859, ,2014-10-01 05:21:33.117,0
1172,551,859,DeerHunter,2014-10-01 19:17:37.370,0
1159,74,862, ,2014-10-01 04:21:01.980,0
1160,59,863, ,2014-10-01 04:52:02.167,0
1162,551,863, ,2014-10-01 14:06:56.660,0
1164,551,864, ,2014-10-01 15:29:21.587,0
1165,942,864, ,2014-10-01 15:34:35.380,1
1192,9,868, ,2014-10-01 20:49:49.623,1
1193,551,868,connor,2014-10-01 20:58:09.263,0
1194,9,868, ,2014-10-01 21:01:39.167,1
1199,551,868,connor,2014-10-01 23:19:36.500,0
1170,551,869, ,2014-10-01 17:58:04.413,0
1191,942,869, ,2014-10-01 20:43:48.213,0
1196,826,869,DimaKnivets,2014-10-01 21:21:21.013,0
1197,942,869,drs,2014-10-01 21:27:18.953,0
1174,551,870, ,2014-10-01 19:35:16.313,0
1176,91,870,blunders,2014-10-01 19:40:43.673,0
1180,551,870, ,2014-10-01 20:09:38.350,0
1181,176,872, ,2014-10-01 19:50:36.487,0
1182,,872, ,2014-10-01 19:53:40.107,0
1183,176,872, ,2014-10-01 19:54:20.173,0
1184,,872,J,2014-10-01 20:02:28.193,0
1190,59,872,ThatIdiot,2014-10-01 20:31:10.527,1
1198,48,873, ,2014-10-01 22:02:43.350,0
1221,551,875, ,2014-10-02 18:12:36.283,0
1226,43,875, ,2014-10-02 20:53:54.653,1
1227,551,875, ,2014-10-02 20:59:26.867,0
1243,59,875,blunders,2014-10-03 01:38:31.290,1
1244,551,875,MatthewHaugen,2014-10-03 01:46:39.607,0
1201,,877, ,2014-10-01 19:35:44.213,0
1204,91,877, ,2014-10-02 02:13:01.503,0
1235,972,878, ,2014-10-03 01:04:19.043,0
1236,972,878, ,2014-10-03 01:05:19.430,0
1202,551,880, ,2014-10-02 01:58:47.330,0
1203,551,880, ,2014-10-02 02:01:40.917,0
1205,844,880,blunders,2014-10-02 02:22:56.783,1
1206,844,880,blunders,2014-10-02 02:31:58.350,0
1214,551,880, ,2014-10-02 11:35:28.557,0
1220,844,880,blunders,2014-10-02 17:53:56.860,0
1222,551,880, ,2014-10-02 18:17:25.243,0
1223,844,880,blunders,2014-10-02 18:33:25.040,0
1224,551,880, ,2014-10-02 20:23:41.703,0
1209,59,882, ,2014-10-02 07:58:23.463,0
1210,953,882, ,2014-10-02 08:12:44.307,0
1211,59,882, ,2014-10-02 08:21:26.167,0
1212,59,882, ,2014-10-02 08:29:02.477,0
1213,43,882,RosdiKasim,2014-10-02 09:50:54.947,1
1215,43,884, ,2014-10-02 12:01:16.440,3
1217,551,884, ,2014-10-02 12:39:17.003,0
1219,954,884, ,2014-10-02 12:53:56.770,1
1229,551,884,ydaetskcoR,2014-10-02 22:25:36.973,0
1216,551,885, ,2014-10-02 12:36:11.927,0
1225,959,885, ,2014-10-02 20:48:41.643,0
1228,551,885, ,2014-10-02 21:06:42.507,0
1247,959,885, ,2014-10-03 07:21:57.610,0
1257,551,885, ,2014-10-03 12:04:00.320,0
1261,959,885, ,2014-10-04 07:27:33.173,0
1271,551,885, ,2014-10-06 00:40:04.370,0
1248,959,887, ,2014-10-03 07:47:20.947,0
1249,959,887, ,2014-10-03 07:49:07.873,0
1252,844,887,CyrilN,2014-10-03 08:01:40.280,0
1253,959,887, ,2014-10-03 10:29:17.347,0
1250,959,888, ,2014-10-03 07:52:09.620,0
1251,959,888, ,2014-10-03 07:53:02.540,0
1256,959,888, ,2014-10-03 10:31:02.563,0
1254,959,895, ,2014-10-03 10:30:31.143,0
1273,551,896, ,2014-10-06 03:01:15.840,0
1318,708,907, ,2014-10-11 22:38:38.087,0
1320,43,907, ,2014-10-12 05:19:52.457,0
1321,43,907,Gardecolo,2014-10-12 05:21:35.397,0
1267,844,908, ,2014-10-05 21:59:50.197,0
1268,844,908, ,2014-10-05 22:01:26.730,0
1319,708,915, ,2014-10-11 22:42:47.077,0
1276,551,920, ,2014-10-07 02:11:21.633,0
1278,43,920,blunders,2014-10-07 02:26:13.457,0
1279,43,920,blunders,2014-10-07 02:27:04.357,0
1281,551,920, ,2014-10-07 02:51:54.623,0
1283,551,920, ,2014-10-07 09:54:25.483,0
1284,43,920,blunders,2014-10-07 09:56:16.120,0
1285,551,920, ,2014-10-07 10:30:58.897,0
1295,651,921, ,2014-10-08 06:43:58.393,0
1290,551,925, ,2014-10-07 19:17:50.473,0
1288,551,926, ,2014-10-07 18:57:31.017,0
1286,551,929, ,2014-10-07 17:29:12.173,1
1287,844,929, ,2014-10-07 17:43:51.967,7
1299,720,929, ,2014-10-08 11:23:56.470,0
1300,720,929, ,2014-10-08 11:28:10.723,0
1291,551,931, ,2014-10-08 02:18:56.910,0
1292,1025,931, ,2014-10-08 02:31:58.733,0
1293,1025,933, ,2014-10-08 05:38:48.097,0
1296,551,933,Cinnamon,2014-10-08 10:35:20.127,0
1297,551,933,Cinnamon,2014-10-08 10:46:18.923,0
1298,551,933, ,2014-10-08 10:49:42.697,0
1301,551,934, ,2014-10-08 12:34:31.017,1
1302,44,934, ,2014-10-08 13:47:28.723,0
1304,551,934,NickWilde,2014-10-08 14:25:47.697,0
1305,44,934, ,2014-10-08 14:32:37.213,0
1306,551,934,NickWilde,2014-10-08 21:57:55.657,1
1307,551,934,NickWilde,2014-10-08 21:58:23.333,1
1308,43,937, ,2014-10-08 23:00:31.453,1
1309,43,938, ,2014-10-09 19:01:13.390,2
1311,844,944, ,2014-10-09 23:08:19.737,1
1312,551,944,JRWarren,2014-10-09 23:16:47.893,0
1314,756,944, ,2014-10-10 08:39:27.017,3
1316,43,952, ,2014-10-11 00:04:59.017,1
1329,354,952, ,2014-10-13 02:09:19.930,0
1330,354,952, ,2014-10-13 02:10:19.053,1
1339,983,952, ,2014-10-13 22:05:27.087,0
1541,9,952,ATrubka,2014-10-26 15:34:36.017,1
1543,9,952, ,2014-10-26 16:29:11.997,1
1322,1047,953, ,2014-10-12 10:11:53.400,0
1323,131,953,Gilesey,2014-10-12 10:31:22.583,0
1324,1047,953, ,2014-10-12 13:00:02.473,0
1325,44,959, ,2014-10-12 14:27:03.557,0
1326,44,961, ,2014-10-12 14:31:19.630,0
1327,1063,961,NickWilde,2014-10-12 15:11:13.203,0
1333,983,964, ,2014-10-13 17:51:46.413,1
1334,1068,964,NobuGames,2014-10-13 18:38:12.533,0
1335,983,964, ,2014-10-13 20:13:49.263,1
1336,1068,964,NobuGames,2014-10-13 20:55:48.620,0
1337,1068,964,NobuGames,2014-10-13 20:56:39.407,0
1338,983,964, ,2014-10-13 21:48:12.163,1
1359,1059,966, ,2014-10-15 14:07:50.280,0
1340,983,969, ,2014-10-13 22:28:26.113,0
1332,1074,970, ,2014-10-13 14:00:06.737,0
1341,59,972, ,2014-10-14 00:11:08.547,2
1343,551,972, ,2014-10-14 03:16:26.197,0
1347,1082,972,MatthewHaugen,2014-10-14 16:20:42.227,0
1348,1082,972,blunders,2014-10-14 16:25:42.040,0
1350,1082,974, ,2014-10-14 16:44:00.847,0
1353,91,974, ,2014-10-14 19:15:13.603,0
1372,551,975, ,2014-10-15 22:07:11.813,0
1349,1082,977, ,2014-10-14 16:39:01.047,0
1358,425,977,hanesjw,2014-10-15 06:10:49.387,1
1363,1082,977, ,2014-10-15 16:49:03.317,0
1360,1059,979, ,2014-10-15 14:38:18.730,0
1384,425,979,Sercan,2014-10-16 05:31:46.037,0
1361,1068,980, ,2014-10-15 15:53:24.617,0
1385,425,980,Omid1989,2014-10-16 05:34:10.410,1
1386,1068,980,JeremyParsons,2014-10-16 07:41:13.620,0
1387,425,980, ,2014-10-16 08:01:30.870,1
1388,1068,980,JeremyParsons,2014-10-16 08:17:43.167,0
1395,1115,980,Omid1989,2014-10-16 20:17:30.127,1
1396,1068,980,DanBron,2014-10-16 20:33:01.447,0
1398,1115,980,Omid,2014-10-16 20:44:17.037,1
1400,1068,980,DanBron,2014-10-16 21:10:55.913,0
1402,1115,980,Omid1989,2014-10-16 21:19:27.633,1
1352,4,988, ,2014-10-14 18:56:20.727,16
1356,59,990, ,2014-10-14 21:05:35.813,0
1357,1083,990,MatthewHaugen,2014-10-14 21:08:48.167,0
1364,1082,1002, ,2014-10-15 17:44:21.053,0
1382,59,1004, ,2014-10-16 02:38:34.900,1
1437,125,1004, ,2014-10-20 12:43:57.663,0
1365,844,1005, ,2014-10-15 21:27:26.800,0
1366,844,1005, ,2014-10-15 21:34:40.863,0
1367,844,1005, ,2014-10-15 21:36:05.390,0
1368,551,1005,JRWarren,2014-10-15 21:47:39.587,0
1369,551,1005,JRWarren,2014-10-15 21:48:34.303,1
1370,551,1005,JRWarren,2014-10-15 21:53:40.947,0
1371,551,1005,JRWarren,2014-10-15 21:55:25.503,0
1375,844,1005, ,2014-10-16 01:41:57.217,0
1376,844,1005, ,2014-10-16 01:46:45.997,0
1377,551,1005,JRWarren,2014-10-16 01:53:50.087,1
1381,844,1005, ,2014-10-16 02:26:07.870,0
1383,551,1005,JRWarren,2014-10-16 02:43:39.717,0
1391,1104,1006,blunders,2014-10-16 13:49:51.207,0
1399,59,1007, ,2014-10-16 20:57:15.627,0
1390,1104,1008, ,2014-10-16 13:46:04.373,0
2029,1268,1008, ,2014-12-12 15:45:33.263,0
1389,808,1012, ,2014-10-16 11:48:53.533,0
1392,425,1012, ,2014-10-16 15:46:13.373,0
1404,551,1021, ,2014-10-16 23:19:13.123,0
1406,844,1021,blunders,2014-10-16 23:43:33.040,0
1393,44,1022, ,2014-10-16 19:58:39.433,0
1394,551,1022,NickWilde,2014-10-16 20:05:12.493,0
1397,44,1022, ,2014-10-16 20:41:03.880,0
1427,1107,1025, ,2014-10-20 07:44:31.043,0
1416,9,1036, ,2014-10-17 23:12:46.250,0
1417,9,1037, ,2014-10-17 23:50:40.950,1
1418,983,1037,connor,2014-10-17 23:53:39.860,0
1419,9,1037, ,2014-10-17 23:56:55.790,0
1420,983,1037,connor,2014-10-18 00:00:14.850,0
1421,9,1042, ,2014-10-18 18:32:13.933,2
1982,1111,1042, ,2014-12-07 22:27:21.417,0
1445,1126,1044, ,2014-10-20 19:34:35.287,0
1457,1134,1044, ,2014-10-21 01:47:45.930,0
1458,1134,1044, ,2014-10-21 01:50:06.873,0
1459,1134,1044, ,2014-10-21 02:02:27.863,0
1466,1126,1044, ,2014-10-21 03:21:00.243,0
1467,1126,1044, ,2014-10-21 03:34:48.010,0
1499,1134,1044, ,2014-10-23 10:40:15.010,0
1500,1134,1044, ,2014-10-23 10:42:22.557,0
1444,1126,1045, ,2014-10-20 19:24:11.040,0
1446,1126,1045, ,2014-10-20 19:42:19.893,0
1460,1134,1045, ,2014-10-21 02:04:26.837,0
1461,1134,1045, ,2014-10-21 02:08:32.747,0
1462,1134,1045, ,2014-10-21 02:09:38.647,0
1465,1126,1045, ,2014-10-21 03:19:10.847,0
1472,1134,1045, ,2014-10-22 08:35:46.153,0
1473,1134,1045, ,2014-10-22 08:45:01.073,0
1474,1134,1045, ,2014-10-22 08:50:16.913,0
1480,1126,1045, ,2014-10-22 19:37:58.043,0
1422,425,1046, ,2014-10-19 13:43:56.807,0
1433,551,1046, ,2014-10-20 08:58:45.903,0
2323,1139,1046,JeremyParsons,2015-01-05 10:43:26.673,0
2324,1139,1046,blunders,2015-01-05 10:44:37.030,0
2327,551,1046, ,2015-01-05 13:55:09.917,0
2328,551,1046, ,2015-01-05 13:57:35.543,0
2335,1139,1046,blunders,2015-01-05 18:19:16.603,0
2338,551,1046,wrisolve,2015-01-05 19:59:56.770,0
2343,44,1046, ,2015-01-06 05:27:56.547,0
2349,551,1046,wrisolve,2015-01-06 15:53:21.967,0
1424,1130,1048, ,2014-10-19 18:55:40.693,0
1430,425,1048, ,2014-10-20 08:27:40.720,1
2086,1111,1048, ,2014-12-14 19:09:09.593,0
1551,131,1049, ,2014-10-27 13:49:22.393,0
2053,1775,1049, ,2014-12-13 19:35:39.243,0
2054,1775,1049, ,2014-12-13 19:41:28.647,0
2055,1775,1049, ,2014-12-13 19:43:01.733,0
1426,551,1054, ,2014-10-20 07:38:36.017,1
1464,1146,1054,blunders,2014-10-21 02:54:59.030,0
1463,1146,1059, ,2014-10-21 02:52:42.810,0
2061,1111,1059, ,2014-12-13 22:49:00.353,0
2064,551,1059,Esq,2014-12-13 23:19:29.700,0
2065,1111,1059, ,2014-12-13 23:31:05.323,0
2066,551,1059,Esq,2014-12-13 23:41:55.000,0
1425,1149,1060, ,2014-10-20 07:34:39.307,0
1428,551,1060,Dev,2014-10-20 08:03:04.960,0
1429,1149,1060, ,2014-10-20 08:08:06.383,1
1431,551,1060,Dev,2014-10-20 08:32:18.703,0
1432,551,1060,Dev,2014-10-20 08:33:00.573,0
1436,1149,1060, ,2014-10-20 12:16:04.940,0
1434,1148,1061, ,2014-10-20 09:59:04.537,0
1435,551,1061,dot,2014-10-20 10:50:01.007,0
1443,1148,1061, ,2014-10-20 17:37:42.140,0
1447,551,1061,dot,2014-10-20 21:04:00.313,0
1450,1148,1061, ,2014-10-20 22:07:05.477,0
1451,551,1061,dot,2014-10-20 22:20:01.160,0
1453,1148,1061, ,2014-10-20 22:25:08.067,0
1455,551,1061,dot,2014-10-20 22:30:13.073,0
1438,551,1064, ,2014-10-20 13:28:35.410,0
1439,44,1066, ,2014-10-20 14:17:25.753,0
1440,1153,1066, ,2014-10-20 14:20:45.433,0
1441,44,1066, ,2014-10-20 15:26:43.833,0
1469,160,1066, ,2014-10-21 15:30:53.657,0
1448,1148,1068, ,2014-10-20 21:57:56.513,0
1456,1148,1068, ,2014-10-20 23:34:07.243,0
1449,1155,1069, ,2014-10-20 22:02:08.013,0
1452,59,1069, ,2014-10-20 22:21:58.077,0
1454,59,1069,MarvMills,2014-10-20 22:26:18.733,0
2325,1139,1073, ,2015-01-05 10:45:47.413,0
2350,551,1073,wrisolve,2015-01-06 15:56:52.200,0
1981,1111,1074, ,2014-12-07 22:23:49.400,0
1475,114,1076, ,2014-10-22 09:45:27.680,0
1483,82,1076, ,2014-10-22 21:45:41.813,1
1484,82,1076, ,2014-10-22 21:48:14.860,2
1485,82,1076, ,2014-10-22 21:54:13.057,0
1471,59,1078,OMFSM,2014-10-21 23:10:42.477,0
1529,425,1079, ,2014-10-25 07:13:57.253,1
1482,1165,1084, ,2014-10-22 20:54:12.107,0
1502,1169,1084, ,2014-10-23 11:42:52.347,0
1478,532,1085, ,2014-10-22 12:51:49.637,0
2050,1775,1085, ,2014-12-13 18:38:57.063,0
1479,551,1087, ,2014-10-22 17:02:19.087,1
1490,9,1087, ,2014-10-23 00:08:50.247,0
1497,551,1087,connor,2014-10-23 01:58:32.807,0
1505,844,1088, ,2014-10-23 15:21:17.583,0
1481,532,1089, ,2014-10-22 20:47:53.387,0
1498,91,1094, ,2014-10-23 02:47:11.107,0
1487,983,1095, ,2014-10-22 23:46:08.500,0
1488,551,1095, ,2014-10-22 23:57:14.387,2
1489,983,1095, ,2014-10-23 00:04:13.443,0
1491,551,1095,NobuGames,2014-10-23 00:10:45.730,1
1492,983,1095, ,2014-10-23 00:15:20.623,0
1503,1134,1095, ,2014-10-23 12:22:57.613,0
1639,1111,1097, ,2014-11-04 13:30:11.337,1
3637,3231,1107, ,2015-01-24 18:29:32.413,0
3668,1134,1107, ,2015-01-25 20:17:24.357,1
1514,1134,1108, ,2014-10-23 19:01:23.237,0
1517,1134,1108, ,2014-10-23 20:32:15.953,0
1518,1134,1108, ,2014-10-23 20:33:30.257,0
1955,1111,1112, ,2014-12-06 10:50:49.170,0
1960,44,1112,Esq,2014-12-06 22:42:58.883,0
1974,1111,1112, ,2014-12-07 10:39:45.960,0
1506,1195,1114, ,2014-10-23 15:58:10.807,0
1507,551,1115, ,2014-10-23 17:00:12.880,0
1508,1134,1115, ,2014-10-23 17:34:51.130,0
1509,551,1115, ,2014-10-23 17:44:23.850,0
1510,1134,1115, ,2014-10-23 18:01:21.857,0
1511,1134,1115, ,2014-10-23 18:10:37.213,0
1512,551,1115, ,2014-10-23 18:27:58.020,0
1513,1134,1115, ,2014-10-23 18:31:44.877,0
1515,551,1120, ,2014-10-23 19:56:58.883,0
1516,1197,1120, ,2014-10-23 20:01:36.377,0
1573,844,1120,blunders,2014-10-28 20:18:40.160,0
1519,551,1122, ,2014-10-23 23:40:08.893,0
1520,1047,1124, ,2014-10-24 07:31:57.023,0
1521,551,1125, ,2014-10-24 09:25:30.167,0
1522,1199,1125, ,2014-10-24 13:09:00.223,0
1527,425,1125,Federico,2014-10-25 05:34:12.763,0
1528,425,1129, ,2014-10-25 06:24:29.133,1
1523,767,1135, ,2014-10-24 20:29:38.043,0
1525,767,1136, ,2014-10-24 21:18:55.090,1
2212,1824,1136,WilliamD.Edwards,2014-12-27 14:55:23.020,0
1531,59,1137, ,2014-10-25 19:13:32.143,0
1539,1134,1137, ,2014-10-26 08:20:01.977,0
1572,1249,1142, ,2014-10-28 19:39:13.157,0
1547,114,1143, ,2014-10-27 10:04:09.367,0
1559,425,1143,Revious,2014-10-28 07:49:48.353,1
1532,844,1144, ,2014-10-25 19:39:23.793,1
1537,551,1144, ,2014-10-26 05:42:46.540,0
1530,551,1145, ,2014-10-25 19:02:05.437,0
1545,425,1145, ,2014-10-26 18:39:46.270,0
1601,1216,1145, ,2014-10-31 11:23:44.780,0
1536,551,1146, ,2014-10-26 05:39:48.847,0
1538,1217,1146, ,2014-10-26 06:08:34.233,0
1807,1268,1146, ,2014-11-18 17:58:17.630,0
1533,551,1147, ,2014-10-26 01:58:12.830,0
1534,91,1147, ,2014-10-26 03:49:49.397,2
1535,551,1147,BradRhoads,2014-10-26 05:06:31.353,1
1574,1218,1147,BradRhoads,2014-10-28 23:35:23.003,0
1668,1111,1147, ,2014-11-05 15:04:03.607,0
1669,1111,1147, ,2014-11-05 15:06:28.457,0
1540,737,1149, ,2014-10-26 13:37:59.063,0
1544,551,1150, ,2014-10-26 17:11:15.073,0
1542,1221,1152, ,2014-10-26 16:14:13.053,0
1548,131,1158, ,2014-10-27 10:27:23.723,2
1550,1203,1158, ,2014-10-27 11:44:43.873,0
2048,1775,1158, ,2014-12-13 18:20:56.660,0
1554,1228,1160, ,2014-10-27 20:21:51.530,0
1560,131,1160,NickHalden,2014-10-28 08:00:16.970,0
1552,1207,1162, ,2014-10-27 16:21:19.990,2
1553,132,1162,JaredWadsworth,2014-10-27 18:10:19.260,0
1555,551,1162, ,2014-10-27 21:12:08.790,0
1556,132,1162,blunders,2014-10-27 21:23:10.830,0
1557,551,1162, ,2014-10-27 22:09:10.783,2
1558,132,1162,blunders,2014-10-27 23:30:38.983,0
1570,1232,1164, ,2014-10-28 18:31:34.073,0
1571,1232,1167, ,2014-10-28 18:41:14.620,0
1625,425,1167, ,2014-11-03 15:47:22.467,0
1561,1207,1168, ,2014-10-28 13:58:53.713,1
1567,211,1168, ,2014-10-28 16:29:18.567,0
1569,1237,1168, ,2014-10-28 18:30:37.077,0
1562,407,1173, ,2014-10-28 14:09:59.987,1
1563,1245,1174, ,2014-10-28 14:14:47.850,0
1564,806,1174, ,2014-10-28 14:18:53.557,0
1565,806,1174, ,2014-10-28 14:19:40.040,0
1566,806,1174, ,2014-10-28 14:20:57.233,0
1578,1237,1178, ,2014-10-29 13:17:13.263,0
1579,1237,1178, ,2014-10-29 13:18:20.790,0
1586,1207,1191, ,2014-10-29 16:29:52.790,0
1600,1207,1191, ,2014-10-30 16:15:08.197,0
1580,1252,1195, ,2014-10-29 13:41:05.203,0
1583,844,1195,karancan,2014-10-29 15:18:46.300,0
1593,1134,1195, ,2014-10-30 02:23:23.153,2
1594,1134,1195, ,2014-10-30 02:31:19.947,0
1595,1134,1195, ,2014-10-30 02:57:31.813,0
1591,132,1199, ,2014-10-29 23:24:55.517,0
1592,9,1203, ,2014-10-30 01:15:58.137,1
1597,1134,1213, ,2014-10-30 13:54:36.843,2
1598,1134,1213, ,2014-10-30 13:56:21.750,0
1599,551,1213,JohnLooker,2014-10-30 14:12:16.247,1
1602,,1222, ,2014-10-31 14:12:46.913,3
1604,1134,1222, ,2014-10-31 16:40:37.897,0
1605,1134,1222, ,2014-10-31 16:43:56.113,0
1608,1111,1222, ,2014-10-31 18:33:40.693,2
1610,1299,1222,Esq:You,2014-10-31 23:54:48.440,1
1611,1134,1222, ,2014-11-01 02:35:23.283,0
1613,1111,1222, ,2014-11-01 06:51:52.733,0
2058,1775,1222, ,2014-12-13 20:10:19.287,1
1606,1134,1223, ,2014-10-31 16:49:47.317,4
2306,43,1236, ,2015-01-02 18:30:25.693,5
1618,1153,1241, ,2014-11-02 16:28:56.770,0
1619,1299,1241, ,2014-11-03 03:06:27.977,0
1620,1153,1241, ,2014-11-03 06:48:53.337,0
1621,1299,1241,Jasper,2014-11-03 06:56:56.740,1
1622,1299,1241, ,2014-11-03 07:01:47.673,0
1623,1153,1241, ,2014-11-03 07:11:27.547,0
1624,1299,1241,Jasper,2014-11-03 07:29:33.547,0
1614,1298,1243, ,2014-11-01 13:36:58.727,0
1628,1288,1246, ,2014-11-03 23:48:21.607,1
1630,43,1246, ,2014-11-04 02:12:42.610,2
1627,1134,1247, ,2014-11-03 21:43:11.760,0
1637,425,1247, ,2014-11-04 07:55:23.657,0
1626,1134,1248, ,2014-11-03 21:32:04.937,0
1629,1252,1248, ,2014-11-04 00:33:05.897,0
1636,425,1248,karancan,2014-11-04 07:50:34.673,1
1631,1337,1253, ,2014-11-04 03:54:28.360,0
1632,1288,1253, ,2014-11-04 03:57:17.083,0
1633,1337,1253, ,2014-11-04 03:59:59.973,0
1634,1288,1253, ,2014-11-04 04:01:32.843,0
1635,1337,1253, ,2014-11-04 04:02:57.147,0
1641,1288,1254, ,2014-11-04 15:51:12.847,0
1642,1288,1256, ,2014-11-04 15:56:13.510,3
1652,844,1256, ,2014-11-04 22:13:36.953,1
1656,1342,1256,eyedar,2014-11-05 01:18:13.713,0
1638,1337,1261, ,2014-11-04 11:28:13.847,0
1654,551,1269, ,2014-11-05 00:16:13.000,0
1655,1355,1269, ,2014-11-05 01:09:01.363,0
1657,551,1269, ,2014-11-05 01:22:35.303,1
1658,1357,1269, ,2014-11-05 01:30:05.930,0
1660,551,1269, ,2014-11-05 02:59:16.760,0
1684,1384,1269, ,2014-11-06 19:41:07.120,2
1687,1355,1269, ,2014-11-06 20:44:18.663,0
1688,1355,1269, ,2014-11-06 20:44:52.790,0
1689,1384,1269,DavidK,2014-11-06 21:52:06.413,2
1664,551,1273, ,2014-11-05 12:14:52.170,0
1671,1358,1273, ,2014-11-05 16:23:17.313,1
1673,551,1273, ,2014-11-05 16:51:28.777,0
1676,1355,1273, ,2014-11-05 19:06:02.617,1
1680,1358,1273, ,2014-11-06 04:44:29.967,0
1662,532,1274, ,2014-11-05 06:53:33.463,0
1663,1358,1274, ,2014-11-05 09:07:42.023,0
1667,551,1278, ,2014-11-05 14:39:33.177,0
1672,1337,1280, ,2014-11-05 16:48:40.420,0
1674,425,1281, ,2014-11-05 17:35:17.607,1
1677,551,1283, ,2014-11-05 20:35:31.250,0
1678,1374,1283, ,2014-11-06 02:12:17.640,1
1681,229,1283, ,2014-11-06 09:58:40.957,1
1682,1378,1283, ,2014-11-06 12:07:11.457,0
1679,1355,1291, ,2014-11-06 02:20:57.473,0
1685,1373,1291,DavidK,2014-11-06 19:49:21.507,0
1686,1373,1292, ,2014-11-06 19:51:09.943,0
1693,425,1292,DavidMulder,2014-11-07 07:37:10.800,0
1714,1359,1296, ,2014-11-11 04:27:20.030,0
1715,28,1296, ,2014-11-11 05:03:06.520,0
1683,551,1297, ,2014-11-06 18:58:48.940,0
1692,91,1300, ,2014-11-07 00:46:46.417,1
1698,9,1307, ,2014-11-07 22:04:20.193,1
1796,344,1307, ,2014-11-17 21:06:19.270,0
1696,44,1315, ,2014-11-07 16:38:17.883,0
1697,1403,1315, ,2014-11-07 17:45:52.830,0
2060,1775,1318, ,2014-12-13 20:54:47.240,1
1699,59,1319, ,2014-11-08 21:21:11.360,0
1705,425,1324, ,2014-11-10 08:55:11.687,0
1706,1412,1324,JeremyParsons,2014-11-10 14:04:11.533,0
1707,425,1324,conor,2014-11-10 15:08:13.063,1
1708,1412,1324, ,2014-11-10 15:09:09.690,0
1709,82,1324, ,2014-11-10 17:43:00.193,1
1710,1134,1324, ,2014-11-10 22:27:52.827,0
2077,551,1325, ,2014-12-14 15:55:45.850,0
1701,59,1328, ,2014-11-09 20:01:37.517,0
1703,1419,1328,MatthewHaugen,2014-11-09 20:40:22.440,0
1704,59,1328, ,2014-11-09 20:42:02.523,1
1716,1419,1330, ,2014-11-11 05:26:00.137,0
1721,91,1330, ,2014-11-11 13:31:14.053,0
1718,1419,1331, ,2014-11-11 05:30:00.857,0
1719,74,1331, ,2014-11-11 05:34:47.107,0
1720,1419,1331, ,2014-11-11 05:36:17.510,0
1722,74,1331, ,2014-11-11 15:10:49.060,0
1723,1419,1331, ,2014-11-11 16:36:27.657,0
1717,1419,1335, ,2014-11-11 05:26:15.693,0
1713,1412,1339, ,2014-11-10 23:46:03.177,0
1727,551,1344, ,2014-11-11 18:38:38.667,0
1728,1337,1344, ,2014-11-11 18:40:16.450,0
1731,551,1344, ,2014-11-11 19:24:49.420,0
1732,1337,1344, ,2014-11-11 19:29:05.080,0
1733,551,1344, ,2014-11-11 19:33:27.300,0
1734,1337,1344, ,2014-11-11 19:34:28.713,0
1735,551,1344, ,2014-11-11 19:37:45.420,1
1736,1337,1344, ,2014-11-11 19:40:17.467,0
1737,551,1344, ,2014-11-11 19:43:20.973,1
1738,1337,1344, ,2014-11-11 19:43:49.850,0
1742,1134,1344, ,2014-11-11 23:24:04.007,2
1743,1134,1344, ,2014-11-11 23:31:46.847,3
1744,1134,1344, ,2014-11-11 23:33:38.703,0
1745,1337,1344, ,2014-11-11 23:38:08.600,0
1726,1373,1348, ,2014-11-11 18:22:44.147,0
1729,425,1348, ,2014-11-11 18:44:33.703,0
1730,1373,1348,JeremyParsons,2014-11-11 18:48:15.177,0
1739,1337,1350, ,2014-11-11 21:21:12.427,0
1753,160,1352, ,2014-11-12 15:12:15.147,4
1755,82,1355, ,2014-11-12 16:16:24.820,0
1756,1207,1355, ,2014-11-12 19:02:10.817,0
1764,1358,1355,PeterMaidens,2014-11-13 12:28:48.277,1
1751,1358,1356, ,2014-11-12 11:57:36.540,0
1759,59,1356,Taiko,2014-11-12 21:19:26.427,0
1778,1465,1357, ,2014-11-14 16:07:14.300,0
1763,1419,1358, ,2014-11-13 07:32:48.287,0
1761,1443,1359, ,2014-11-13 07:06:25.117,0
1828,1449,1365, ,2014-11-21 19:34:08.253,1
1769,144,1371, ,2014-11-13 17:26:14.637,0
1774,425,1371, ,2014-11-14 08:20:11.800,1
1771,1207,1374, ,2014-11-13 18:49:51.040,0
1772,1453,1374, ,2014-11-13 22:05:46.173,0
1773,59,1374, ,2014-11-13 22:33:49.597,1
1775,1453,1377, ,2014-11-14 09:56:22.067,0
1776,425,1377,Eschator,2014-11-14 11:11:12.020,0
1777,1207,1378, ,2014-11-14 14:51:01.793,1
1782,9,1379, ,2014-11-14 21:51:57.223,0
1783,1207,1379, ,2014-11-14 21:52:38.810,0
1779,844,1382, ,2014-11-14 20:42:26.300,0
1784,407,1383, ,2014-11-16 16:55:55.660,0
1780,1470,1384, ,2014-11-14 21:17:07.093,0
1781,1226,1385, ,2014-11-14 21:28:57.183,0
1818,1226,1389, ,2014-11-20 01:15:28.987,0
1821,425,1389,RiadC,2014-11-20 07:29:21.697,0
1799,1501,1391, ,2014-11-18 02:26:28.007,0
1785,551,1396, ,2014-11-17 00:19:50.610,3
1792,1491,1396, ,2014-11-17 11:06:53.283,6
1786,1350,1397, ,2014-11-17 01:52:58.270,0
1787,1482,1397, ,2014-11-17 01:57:11.410,0
1788,1350,1397, ,2014-11-17 02:01:44.537,0
1789,1482,1397, ,2014-11-17 02:17:13.363,0
1797,1482,1400, ,2014-11-17 22:45:37.823,1
1820,1482,1400, ,2014-11-20 05:58:28.787,1
1803,551,1402, ,2014-11-18 17:15:40.837,1
1805,1482,1402, ,2014-11-18 17:42:10.883,0
1809,,1402, ,2014-11-18 14:25:43.573,0
1864,1366,1402, ,2014-11-27 12:30:54.043,0
1798,9,1406, ,2014-11-18 02:16:16.347,2
1800,1500,1406, ,2014-11-18 03:43:05.600,0
1808,1482,1410, ,2014-11-18 18:41:03.800,0
1802,1083,1414, ,2014-11-18 17:13:39.130,1
1813,425,1414, ,2014-11-19 09:55:40.680,0
1810,1482,1417, ,2014-11-19 00:50:23.853,0
1811,59,1419, ,2014-11-19 02:32:44.503,0
1812,67,1419, ,2014-11-19 02:34:20.260,0
1815,551,1423, ,2014-11-19 22:04:16.800,0
1816,1538,1423, ,2014-11-19 22:55:08.703,0
1817,551,1423, ,2014-11-19 23:50:44.263,0
1837,9,1443, ,2014-11-23 22:03:02.660,1
1841,1482,1443, ,2014-11-24 18:22:47.143,1
1842,1345,1443,Fernando,2014-11-25 06:39:36.643,0
1836,1255,1448, ,2014-11-23 12:54:17.270,3
2047,1775,1448, ,2014-12-13 17:59:11.523,0
1838,1580,1465, ,2014-11-24 06:09:38.693,0
1839,1482,1465, ,2014-11-24 06:56:34.863,0
1843,551,1490, ,2014-11-25 14:51:56.097,2
1844,1207,1491, ,2014-11-25 20:06:29.047,2
1867,1597,1491, ,2014-11-27 13:48:26.887,0
1869,1597,1491, ,2014-11-27 19:34:22.927,0
2036,135,1491, ,2014-12-13 07:48:10.133,0
1853,1420,1492, ,2014-11-26 14:29:47.150,0
1856,1482,1492, ,2014-11-26 17:36:03.517,0
1845,1000,1493, ,2014-11-26 03:30:07.020,0
1846,1255,1493,haneefmubarak,2014-11-26 06:32:21.177,1
1868,1597,1493, ,2014-11-27 19:30:51.067,1
1875,1255,1493,hellectronic,2014-11-27 20:39:54.947,0
1847,59,1496, ,2014-11-26 10:00:53.207,0
1848,551,1496, ,2014-11-26 11:00:51.183,0
1849,1610,1496, ,2014-11-26 11:04:40.870,0
1855,44,1497, ,2014-11-26 15:59:09.113,0
1852,551,1498, ,2014-11-26 13:49:03.947,0
1850,551,1500, ,2014-11-26 13:41:22.300,3
1854,551,1501, ,2014-11-26 14:58:36.470,3
1865,1366,1501, ,2014-11-27 12:37:04.477,0
1866,1366,1501, ,2014-11-27 12:38:18.837,1
1879,1345,1501,blunders,2014-11-28 20:57:45.260,1
1878,1333,1503, ,2014-11-28 14:46:32.693,0
1880,44,1503, ,2014-11-28 21:25:57.487,0
1876,1420,1510, ,2014-11-27 20:47:08.067,0
1872,59,1511, ,2014-11-27 19:46:32.610,0
1873,59,1511, ,2014-11-27 19:47:59.570,0
1874,59,1511, ,2014-11-27 19:51:00.290,0
1886,91,1513, ,2014-11-29 00:13:20.787,0
1877,1641,1514, ,2014-11-27 22:45:33.550,0
1887,1134,1515, ,2014-11-29 02:38:35.237,1
1890,1111,1515, ,2014-11-29 08:33:14.973,2
2059,1775,1515, ,2014-12-13 20:15:31.550,0
1881,1482,1516, ,2014-11-28 22:54:15.737,0
1882,1646,1516, ,2014-11-28 23:03:06.420,0
1884,91,1516, ,2014-11-28 23:15:15.797,0
1885,1646,1516, ,2014-11-28 23:17:36.483,0
1891,1111,1517, ,2014-11-29 08:34:11.977,0
1938,181,1517, ,2014-12-04 12:22:21.493,0
1889,1649,1518, ,2014-11-29 07:24:07.793,2
1898,1646,1522, ,2014-12-01 17:39:44.780,0
1897,551,1527, ,2014-12-01 17:25:19.080,0
1899,1664,1527, ,2014-12-01 17:42:27.887,3
1893,1664,1528, ,2014-12-01 13:44:14.807,0
1894,425,1528, ,2014-12-01 15:52:56.823,0
1895,551,1528,Grodriguez,2014-12-01 15:57:05.543,1
1896,1664,1528,blunders,2014-12-01 16:40:15.183,0
1901,1482,1529, ,2014-12-01 19:06:08.290,3
1903,1671,1529, ,2014-12-01 20:23:20.583,0
1921,1666,1529, ,2014-12-02 20:54:20.113,0
1900,1671,1531, ,2014-12-01 18:48:26.563,0
1918,1465,1531, ,2014-12-02 17:23:30.053,0
1939,1700,1531,joslinm,2014-12-04 14:26:21.687,4
1947,1668,1531, ,2014-12-05 01:18:38.737,1
1902,551,1532, ,2014-12-01 19:28:03.340,0
1904,1669,1532,blunders,2014-12-01 21:22:12.437,0
1917,1465,1532, ,2014-12-02 17:19:32.837,0
2042,1775,1532, ,2014-12-13 17:19:22.440,0
1906,1669,1533, ,2014-12-01 21:46:05.287,0
1907,551,1533,davidge,2014-12-02 00:16:49.390,1
1908,1669,1533,blunders,2014-12-02 01:16:10.443,0
1909,551,1533,davidge,2014-12-02 01:31:15.970,0
1919,1482,1533, ,2014-12-02 17:39:29.463,0
1920,551,1533,Fernando,2014-12-02 19:47:30.213,0
1910,551,1535, ,2014-12-02 02:30:07.033,0
1911,551,1535, ,2014-12-02 03:19:33.413,0
1912,551,1537, ,2014-12-02 13:18:49.360,1
1913,551,1537, ,2014-12-02 13:23:20.403,2
1914,1580,1537,blunders,2014-12-02 15:29:05.887,0
1915,44,1537,BenYoung,2014-12-02 16:12:20.460,0
1916,1580,1537,NickWilde,2014-12-02 16:25:52.397,0
2002,1753,1537, ,2014-12-10 16:25:20.430,1
1922,1669,1538, ,2014-12-02 21:49:05.860,0
1923,1268,1538, ,2014-12-02 22:42:50.850,0
1924,1669,1538, ,2014-12-03 00:09:52.273,0
1926,551,1538,davidge,2014-12-03 03:51:32.720,0
1927,1669,1538,blunders,2014-12-03 04:47:32.930,0
1928,551,1538,davidge,2014-12-03 06:04:22.477,0
2001,1753,1539, ,2014-12-10 16:22:22.880,1
1929,551,1541, ,2014-12-03 17:41:58.970,0
1930,1111,1541, ,2014-12-03 17:44:30.590,0
1932,181,1541, ,2014-12-03 21:38:22.510,0
1934,1111,1541, ,2014-12-04 10:20:26.747,0
1935,1111,1541, ,2014-12-04 10:21:12.460,0
1946,551,1541,MarcoPoli,2014-12-04 23:10:59.613,0
1936,1111,1543, ,2014-12-04 10:25:21.343,0
1937,181,1543, ,2014-12-04 11:40:31.127,1
2226,1111,1543, ,2014-12-28 14:04:17.060,0
2227,1111,1543, ,2014-12-28 14:05:09.927,0
2228,1111,1543, ,2014-12-28 14:07:34.010,0
2224,1111,1544, ,2014-12-28 13:49:57.323,0
1941,1703,1549, ,2014-12-04 14:50:46.537,1
1942,1699,1549,MCH,2014-12-04 15:38:48.730,0
1948,551,1551, ,2014-12-05 02:41:09.897,1
1949,1704,1551,blunders,2014-12-05 14:27:36.883,0
1950,551,1551, ,2014-12-05 14:29:43.500,0
2155,551,1553, ,2014-12-21 19:25:20.247,0
1952,1698,1556, ,2014-12-06 03:38:07.127,0
2108,1824,1557, ,2014-12-16 19:35:12.693,0
1969,91,1558, ,2014-12-07 07:37:13.087,0
1970,1712,1558,BradRhoads,2014-12-07 08:33:22.393,0
1985,54,1558, ,2014-12-08 19:11:43.800,2
1971,1698,1559, ,2014-12-07 09:46:09.097,0
1973,1111,1559, ,2014-12-07 10:26:47.617,0
1983,1698,1559, ,2014-12-08 11:07:33.450,1
2017,1698,1559, ,2014-12-11 10:04:26.033,1
2022,1111,1559, ,2014-12-11 20:03:16.763,0
1996,1053,1562, ,2014-12-09 22:28:18.550,0
1997,1712,1562,aioobe,2014-12-09 23:12:41.803,0
2014,1751,1562, ,2014-12-10 22:20:50.880,1
2015,1712,1562,RichardA,2014-12-10 22:44:18.927,0
1980,1111,1563, ,2014-12-07 21:09:25.087,0
1984,1207,1563, ,2014-12-08 15:36:58.593,0
1964,720,1572, ,2014-12-06 22:55:04.210,0
1975,1111,1572, ,2014-12-07 10:44:41.567,0
1977,720,1572, ,2014-12-07 11:03:45.353,0
1978,1111,1572, ,2014-12-07 11:07:10.220,1
1979,720,1572, ,2014-12-07 11:13:30.087,0
1962,720,1573, ,2014-12-06 22:51:11.637,0
1963,720,1573, ,2014-12-06 22:52:53.210,0
1987,1111,1577, ,2014-12-08 22:20:01.243,0
3355,1824,1579, ,2015-01-07 08:11:54.127,0
1989,551,1581, ,2014-12-09 04:11:18.477,0
1991,1736,1581, ,2014-12-09 05:52:29.090,0
1992,551,1581, ,2014-12-09 09:52:59.400,0
1993,551,1586, ,2014-12-09 18:26:12.470,0
1994,1745,1586, ,2014-12-09 18:29:44.727,1
1995,551,1586, ,2014-12-09 19:04:34.390,0
2013,1668,1587, ,2014-12-10 22:19:17.553,0
2023,1747,1587,joslinm,2014-12-11 22:10:06.243,0
1999,551,1588, ,2014-12-10 13:58:40.483,0
2000,1751,1588,blunders,2014-12-10 14:08:17.083,0
2003,551,1590, ,2014-12-10 16:26:51.770,0
2005,1111,1590, ,2014-12-10 16:29:50.070,0
2006,551,1590, ,2014-12-10 17:20:33.380,0
2007,551,1590, ,2014-12-10 17:33:15.283,0
2008,1755,1590, ,2014-12-10 17:39:56.593,0
2009,1111,1590,blunders,2014-12-10 17:50:00.227,0
2010,1111,1590,Claudio,2014-12-10 17:50:16.543,0
2011,1755,1590,Esq,2014-12-10 18:22:08.540,1
2012,551,1592, ,2014-12-10 22:12:44.863,1
2016,551,1592, ,2014-12-11 00:43:27.703,0
2044,1775,1592, ,2014-12-13 17:26:07.463,1
2045,1111,1592, ,2014-12-13 17:34:06.793,0
2154,551,1592, ,2014-12-21 19:25:03.350,1
2275,551,1603, ,2014-12-31 16:39:25.350,0
2308,1693,1603, ,2015-01-02 22:51:36.157,0
2026,1771,1604, ,2014-12-12 13:47:31.507,0
2030,1482,1604, ,2014-12-12 15:57:16.660,0
2025,59,1605, ,2014-12-12 04:21:22.490,0
2028,1773,1605,MatthewHaugen,2014-12-12 15:40:59.410,0
2089,1712,1605, ,2014-12-15 07:00:39.153,0
2107,1824,1609, ,2014-12-16 18:57:58.203,1
2071,1804,1610, ,2014-12-14 08:58:08.607,1
2027,1111,1613, ,2014-12-12 15:07:38.150,0
2031,1763,1613, ,2014-12-12 16:21:23.200,0
2034,1134,1614, ,2014-12-13 01:13:00.490,0
2035,1345,1614, ,2014-12-13 07:27:15.583,0
2080,,1614, ,2014-12-14 16:53:49.133,0
2094,1345,1614,GerardoSalandra,2014-12-15 13:31:59.347,0
2143,425,1614, ,2014-12-21 10:32:27.183,0
2032,551,1615, ,2014-12-12 19:29:49.920,1
2033,9,1615, ,2014-12-12 21:51:28.757,1
2133,233,1615,Connor,2014-12-18 18:36:54.843,0
2037,1788,1620, ,2014-12-13 14:53:41.543,0
2057,135,1620, ,2014-12-13 19:57:22.960,0
2038,551,1621, ,2014-12-13 15:33:19.297,1
2041,1775,1621, ,2014-12-13 17:15:52.327,0
3610,1439,1621,Tim,2015-01-23 13:27:03.040,0
3639,1775,1621,tepples,2015-01-24 20:31:06.383,0
3651,1345,1621,Tim,2015-01-25 09:22:38.463,0
2039,1797,1622, ,2014-12-13 15:46:46.313,0
2040,1795,1622, ,2014-12-13 15:54:02.557,0
2046,1775,1622, ,2014-12-13 17:37:25.417,0
2049,1795,1622, ,2014-12-13 18:24:21.310,0
2106,54,1622, ,2014-12-16 14:45:15.947,0
2056,551,1626, ,2014-12-13 19:48:47.647,1
2062,181,1635, ,2014-12-13 22:49:56.403,1
2068,551,1637, ,2014-12-14 02:52:35.257,0
2069,551,1637, ,2014-12-14 02:56:42.437,0
2082,1803,1637,blunders,2014-12-14 18:15:32.080,0
2073,551,1639, ,2014-12-14 14:28:13.443,0
2087,59,1639,blunders,2014-12-14 20:54:47.567,1
2072,551,1640, ,2014-12-14 14:24:47.033,0
2074,1804,1640, ,2014-12-14 14:32:42.967,0
2075,551,1640, ,2014-12-14 15:03:44.950,0
2076,1804,1640, ,2014-12-14 15:20:51.757,0
2078,551,1640, ,2014-12-14 16:02:25.987,0
2079,1804,1640, ,2014-12-14 17:08:34.840,0
2081,551,1640, ,2014-12-14 17:31:34.913,0
2083,1803,1640,blunders,2014-12-14 18:34:16.557,0
2084,1804,1640, ,2014-12-14 18:38:48.537,0
2085,1804,1640, ,2014-12-14 18:41:51.113,0
2095,60,1641, ,2014-12-15 13:45:07.763,0
2096,1345,1641,Math,2014-12-15 14:37:35.793,0
2104,59,1641,Math,2014-12-15 21:02:50.137,2
2091,1345,1647, ,2014-12-15 09:23:03.733,1
2088,1482,1650, ,2014-12-15 03:13:28.363,1
2093,378,1650, ,2014-12-15 09:29:28.930,0
2099,551,1655, ,2014-12-15 17:34:18.630,1
2098,551,1656, ,2014-12-15 17:30:41.203,1
2102,43,1656, ,2014-12-15 20:17:56.000,0
2103,551,1656, ,2014-12-15 20:42:59.957,0
2105,43,1656,blunders,2014-12-15 23:14:20.230,1
2225,1111,1664, ,2014-12-28 13:59:48.473,0
2109,1482,1665, ,2014-12-16 20:34:09.250,1
2110,1795,1666, ,2014-12-16 21:22:21.520,0
2111,1824,1666, ,2014-12-16 22:03:28.860,0
2125,9,1668, ,2014-12-17 11:41:01.950,2
2128,293,1669, ,2014-12-17 19:16:18.843,0
2129,293,1669, ,2014-12-17 19:17:34.927,1
2340,210,1672, ,2015-01-05 21:51:32.620,2
2341,1836,1672, ,2015-01-05 22:14:51.770,1
2126,1836,1673, ,2014-12-17 17:09:02.340,0
2127,1824,1673, ,2014-12-17 18:58:38.470,1
2339,210,1673, ,2015-01-05 21:37:52.587,0
3416,1824,1673,ClayNichols,2015-01-11 17:48:07.457,1
3454,210,1673,DenisdeBernardy,2015-01-13 22:01:23.633,0
3407,162,1678, ,2015-01-11 06:07:18.983,1
2131,1836,1681, ,2014-12-18 09:54:59.543,0
2132,233,1681, ,2014-12-18 18:17:53.467,1
3409,162,1681, ,2015-01-11 06:12:19.450,1
2130,1824,1685, ,2014-12-18 08:28:39.877,1
2134,59,1695, ,2014-12-19 09:45:41.530,1
2156,1836,1697, ,2014-12-22 16:28:24.967,0
2313,425,1697, ,2015-01-03 10:51:07.297,0
3410,162,1697,JeremyParsons,2015-01-11 06:28:52.317,1
3513,425,1697,rob,2015-01-17 13:48:25.373,0
3514,425,1697,rob,2015-01-17 13:52:24.153,1
2135,1824,1702, ,2014-12-20 06:31:59.167,0
2137,1863,1708, ,2014-12-21 08:44:03.810,0
2138,1111,1708, ,2014-12-21 09:09:24.977,0
2139,425,1708, ,2014-12-21 09:17:59.673,0
2140,1111,1708, ,2014-12-21 09:20:56.423,0
2141,1863,1708, ,2014-12-21 09:28:01.717,1
2142,1863,1708, ,2014-12-21 09:28:41.443,1
2215,1863,1709, ,2014-12-28 07:03:14.743,0
2144,59,1711, ,2014-12-21 11:17:42.853,0
2145,1824,1714, ,2014-12-21 13:07:05.623,0
2151,1824,1716,blunders,2014-12-21 15:20:26.670,2
2162,1863,1716,blunders,2014-12-23 07:34:58.253,0
2163,1863,1716,DenisdeBernardy,2014-12-23 07:35:46.437,1
2146,1111,1717, ,2014-12-21 14:01:26.990,0
2150,1824,1717,Esq,2014-12-21 15:13:08.100,1
2158,1824,1727, ,2014-12-22 21:22:33.017,0
2159,1268,1727, ,2014-12-22 21:42:33.417,1
2169,44,1728, ,2014-12-23 15:03:16.480,1
2179,1268,1731, ,2014-12-23 20:47:24.103,2
2170,1824,1732, ,2014-12-23 16:06:16.997,0
2171,1895,1732, ,2014-12-23 16:21:33.907,1
2173,1895,1732, ,2014-12-23 16:23:08.500,1
2175,1895,1734, ,2014-12-23 18:50:14.097,0
2176,1824,1734, ,2014-12-23 18:54:56.423,0
2177,1895,1734, ,2014-12-23 18:59:25.470,0
2178,1824,1734, ,2014-12-23 19:02:01.307,0
2180,1895,1736, ,2014-12-23 21:10:08.577,0
2183,1268,1736, ,2014-12-23 21:53:08.180,0
2181,1895,1737, ,2014-12-23 21:11:21.237,0
2182,1268,1737, ,2014-12-23 21:47:19.333,0
2197,1351,1739, ,2014-12-25 13:19:10.457,0
2199,1907,1743, ,2014-12-25 16:37:35.117,1
2336,210,1744, ,2015-01-05 18:59:56.463,0
2337,1824,1744, ,2015-01-05 19:11:19.617,0
2196,1910,1745, ,2014-12-25 13:11:36.257,0
2202,1824,1750, ,2014-12-26 05:38:23.843,0
2206,526,1750, ,2014-12-27 02:35:29.323,0
2229,1111,1750, ,2014-12-28 14:20:04.390,0
2268,526,1750, ,2014-12-30 22:36:13.440,0
2204,1863,1751, ,2014-12-26 05:50:18.163,3
2233,1111,1753, ,2014-12-28 22:45:40.043,0
2296,59,1753,Esq,2015-01-02 09:47:47.073,0
2300,1824,1753, ,2015-01-02 11:00:45.100,0
2207,1824,1761, ,2014-12-27 13:37:29.470,0
2208,1927,1761, ,2014-12-27 13:49:47.793,0
2209,1824,1761, ,2014-12-27 14:00:14.297,1
2210,43,1761, ,2014-12-27 14:29:05.230,0
2211,1927,1761, ,2014-12-27 14:37:37.053,0
2235,1941,1761, ,2014-12-29 01:21:27.023,0
2236,1927,1761, ,2014-12-29 01:48:46.527,0
2213,1824,1762, ,2014-12-27 17:25:08.187,0
2234,1927,1763, ,2014-12-29 00:47:16.043,0
2237,1927,1763, ,2014-12-29 04:23:54.633,0
2231,1933,1767, ,2014-12-28 16:28:41.967,0
2223,1111,1769, ,2014-12-28 13:29:01.543,1
2230,44,1769, ,2014-12-28 14:54:16.333,1
2221,1824,1770, ,2014-12-28 12:08:51.483,0
2222,1345,1770, ,2014-12-28 12:16:16.627,0
2351,551,1775, ,2015-01-06 20:01:49.770,0
2356,1111,1775, ,2015-01-06 21:11:58.300,0
2358,551,1775, ,2015-01-06 21:51:07.397,1
2238,1111,1776, ,2014-12-29 08:52:00.677,0
2250,210,1780, ,2014-12-30 01:45:33.200,0
2239,378,1783, ,2014-12-29 11:22:40.937,0
2244,318,1783,adrianh,2014-12-29 14:58:52.407,0
2241,1946,1784, ,2014-12-29 11:55:47.657,0
2242,1927,1787, ,2014-12-29 13:16:36.073,0
2243,1111,1787, ,2014-12-29 13:54:38.397,0
2245,1927,1787, ,2014-12-29 16:31:44.053,0
2246,1111,1787, ,2014-12-29 17:36:33.690,0
2247,1927,1787, ,2014-12-30 00:31:18.280,0
2248,1927,1787, ,2014-12-30 00:35:22.963,0
2249,1927,1787, ,2014-12-30 00:43:55.680,0
2240,1111,1789, ,2014-12-29 11:32:36.070,0
2251,59,1791, ,2014-12-30 07:34:05.457,0
2254,1863,1791, ,2014-12-30 11:57:44.993,0
2267,44,1795, ,2014-12-30 21:58:13.967,0
2252,1949,1797, ,2014-12-30 09:06:15.357,1
2253,318,1797,Volati3,2014-12-30 09:59:33.070,0
2265,1957,1798, ,2014-12-30 20:53:33.077,1
2273,1944,1799, ,2014-12-31 09:59:42.667,0
2255,1928,1801, ,2014-12-30 13:21:09.793,0
2256,1944,1806, ,2014-12-30 15:43:53.223,0
2257,318,1806, ,2014-12-30 15:51:40.857,0
2258,1944,1806, ,2014-12-30 16:29:15.480,0
2259,1713,1808, ,2014-12-30 18:10:22.680,0
2260,1863,1808, ,2014-12-30 18:25:07.830,0
2261,1863,1808,StanShunpike,2014-12-30 18:26:22.263,0
2262,91,1808, ,2014-12-30 19:44:30.083,1
2263,1824,1808,StanShunpike,2014-12-30 20:05:42.160,0
2264,1824,1808,BradRhoads,2014-12-30 20:11:14.723,1
2269,1927,1809, ,2014-12-30 23:37:18.657,0
2274,1824,1809, ,2014-12-31 10:41:05.520,0
2266,1337,1811, ,2014-12-30 21:14:58.610,0
2276,1111,1821, ,2014-12-31 21:57:15.903,0
2303,1345,1821, ,2015-01-02 15:23:39.170,0
2278,318,1822, ,2015-01-01 04:52:56.700,0
2279,127,1825, ,2015-01-01 05:33:21.773,0
2280,1977,1829, ,2015-01-02 03:47:02.843,0
2281,59,1829,dan14941,2015-01-02 04:26:58.977,0
2282,59,1829, ,2015-01-02 04:27:48.013,0
2307,1957,1830, ,2015-01-02 22:01:49.923,0
3461,3110,1834, ,2015-01-14 05:46:30.460,1
2309,551,1835, ,2015-01-03 02:22:26.650,0
2310,318,1835, ,2015-01-03 02:48:38.753,0
2284,1699,1836, ,2015-01-02 06:25:34.850,0
2286,59,1837, ,2015-01-02 08:10:06.803,0
2299,1824,1840, ,2015-01-02 10:59:25.610,0
2314,1977,1843, ,2015-01-03 13:38:21.523,0
2304,1949,1846, ,2015-01-02 17:58:45.550,0
2305,1345,1846, ,2015-01-02 18:03:08.297,1
3649,1824,1846, ,2015-01-25 05:56:27.000,0
3488,991,1848, ,2015-01-16 02:45:50.743,0
2311,318,1853, ,2015-01-03 03:41:12.617,0
2319,1998,1865, ,2015-01-04 17:31:50.880,0
2320,1824,1865, ,2015-01-04 17:44:06.233,0
2315,1824,1866, ,2015-01-04 10:51:22.690,0
2316,1997,1867, ,2015-01-04 10:51:52.173,0
2321,1944,1869, ,2015-01-04 19:35:10.693,0
2318,1482,1871, ,2015-01-04 17:26:14.070,0
2322,318,1871,Fernando,2015-01-04 23:31:40.463,0
2317,1824,1872, ,2015-01-04 14:52:19.987,2
2334,160,1873, ,2015-01-05 16:51:16.980,1
2344,1914,1879, ,2015-01-06 05:53:01.687,0
2348,1111,1879, ,2015-01-06 13:19:22.913,0
2326,1771,1883,Jason,2015-01-05 13:27:28.317,0
2329,1824,1889, ,2015-01-05 15:18:11.510,1
2332,318,1889, ,2015-01-05 15:49:03.830,0
2333,1824,1889, ,2015-01-05 16:26:31.170,1
3366,1988,1889,codelion,2015-01-08 11:29:06.837,1
2342,551,1890, ,2015-01-06 00:53:22.883,3
2347,551,1892, ,2015-01-06 13:00:48.307,4
2346,1824,1894, ,2015-01-06 11:45:08.947,2
2359,1824,1896, ,2015-01-06 22:55:29.267,0
2360,551,1898, ,2015-01-06 23:53:07.710,0
2352,551,1899, ,2015-01-06 20:05:45.103,0
2353,2038,1899, ,2015-01-06 20:06:54.543,0
2354,551,1899, ,2015-01-06 20:11:10.410,0
2355,2038,1899, ,2015-01-06 20:11:52.307,0
2357,2038,1900, ,2015-01-06 21:34:17.527,0
3351,1824,1902, ,2015-01-07 06:33:27.370,0
3360,551,1902,DenisdeBernardy,2015-01-07 20:04:35.627,0
3356,3037,2902, ,2015-01-07 13:57:18.470,1
3357,318,2902, ,2015-01-07 13:57:50.357,1
3365,1111,2906, ,2015-01-08 11:09:19.893,0
3374,990,2906, ,2015-01-09 04:51:55.327,0
3361,318,2907, ,2015-01-08 01:27:35.480,1
3363,1824,2907, ,2015-01-08 09:43:28.973,0
3367,3043,2907,codelion,2015-01-08 11:50:23.133,0
3368,1728,2907, ,2015-01-08 12:27:05.067,0
3370,3043,2907, ,2015-01-08 14:31:50.607,0
3414,423,2908, ,2015-01-11 14:25:56.300,0
3415,3044,2908, ,2015-01-11 17:13:27.697,0
3425,423,2908, ,2015-01-12 19:03:47.113,0
3462,3044,2908, ,2015-01-14 08:01:28.427,0
3398,43,2909, ,2015-01-10 21:35:38.787,0
3421,3045,2909, ,2015-01-12 02:03:17.540,0
3362,1824,2910, ,2015-01-08 09:38:10.283,0
3364,1985,2910, ,2015-01-08 10:06:11.053,0
3371,1824,2910, ,2015-01-08 21:12:09.257,0
3377,1985,2910,DenisdeBernardy,2015-01-09 09:20:55.957,0
3379,1824,2910, ,2015-01-09 14:19:20.323,0
3372,1824,2913, ,2015-01-08 21:18:29.903,0
3439,3055,2913, ,2015-01-13 15:08:17.943,0
3380,1836,2914, ,2015-01-09 17:17:18.817,0
3636,3059,2918, ,2015-01-24 17:40:54.657,0
3376,59,2925, ,2015-01-09 08:55:34.927,0
3378,1863,2928, ,2015-01-09 12:42:55.763,2
3381,1824,2928,BasitAnwer,2015-01-09 18:55:45.727,0
3382,1863,2928,DenisdeBernardy,2015-01-09 19:21:05.267,1
3390,1863,2928,DenisdeBernardy,2015-01-10 04:46:26.720,0
3389,810,2929, ,2015-01-10 04:42:35.313,0
3391,425,2929, ,2015-01-10 08:19:05.787,0
3388,162,2931, ,2015-01-10 01:17:53.210,0
3392,3068,2931, ,2015-01-10 11:12:26.223,1
3387,162,2933, ,2015-01-10 01:15:10.197,0
3394,3068,2933, ,2015-01-10 11:16:01.173,0
3393,3068,2935, ,2015-01-10 11:14:17.347,0
3397,1836,2936, ,2015-01-10 19:42:23.730,0
3395,1111,2937, ,2015-01-10 17:37:04.670,1
3384,551,2941, ,2015-01-09 20:22:01.510,0
3385,423,2941, ,2015-01-09 20:28:58.213,0
3386,551,2941, ,2015-01-09 20:45:59.650,0
3420,3045,2941, ,2015-01-12 02:00:05.643,0
3474,551,2941,Ali,2015-01-15 15:29:52.583,0
3411,1824,2953,Jnos,2015-01-11 08:28:09.323,0
3399,43,2955, ,2015-01-11 00:48:17.573,0
3400,3082,2955,jdero,2015-01-11 03:34:58.770,1
3408,2010,2955, ,2015-01-11 06:08:27.873,2
3401,3082,2956, ,2015-01-11 03:37:34.413,1
3402,318,2956, ,2015-01-11 03:44:19.427,0
3404,318,2956, ,2015-01-11 04:02:16.277,0
3405,318,2956, ,2015-01-11 05:18:31.220,0
3423,1836,2959, ,2015-01-12 15:45:20.177,0
3424,1836,2959,rob?,2015-01-12 15:59:29.087,0
3428,162,2959, ,2015-01-12 21:35:33.337,1
3430,162,2959, ,2015-01-12 21:45:33.253,1
3432,1836,2959, ,2015-01-12 21:57:52.770,0
3434,162,2959, ,2015-01-13 05:17:25.647,1
3436,1836,2959, ,2015-01-13 10:23:48.543,0
3413,551,2961, ,2015-01-11 13:57:24.283,0
3419,59,2962, ,2015-01-11 22:52:59.187,1
3417,3093,2963, ,2015-01-11 18:38:19.183,0
3418,3087,2963, ,2015-01-11 18:39:19.503,0
3445,551,2963, ,2015-01-13 16:51:41.380,0
3448,3087,2963, ,2015-01-13 18:44:40.843,0
3452,551,2963,Sai,2015-01-13 21:20:31.437,0
3473,3088,2966,DenisdeBernardy,2015-01-15 08:56:02.090,0
3475,318,2966, ,2015-01-15 16:30:59.497,2
3486,3088,2966,Okyasoft,2015-01-15 20:37:18.807,0
3426,43,2976, ,2015-01-12 20:01:35.863,0
3427,1345,2985, ,2015-01-12 21:17:21.680,3
3437,3101,2985, ,2015-01-13 10:26:11.157,0
3435,1824,2986, ,2015-01-13 06:44:37.577,0
3438,1824,2990, ,2015-01-13 11:53:58.460,0
3442,720,2997, ,2015-01-13 16:34:12.920,0
3443,1111,2997, ,2015-01-13 16:40:50.940,0
3444,720,2997, ,2015-01-13 16:41:37.363,0
3446,1111,2997, ,2015-01-13 17:02:55.087,0
3447,720,2997, ,2015-01-13 17:07:06.483,0
3450,1111,2997, ,2015-01-13 21:15:06.393,0
3451,720,2997, ,2015-01-13 21:17:32.847,0
3453,1111,2997, ,2015-01-13 21:37:58.850,0
3466,2010,3003, ,2015-01-14 13:37:51.907,0
3467,318,3003, ,2015-01-14 14:27:31.213,0
3463,3088,3006, ,2015-01-14 11:56:56.673,0
3464,318,3006, ,2015-01-14 12:08:10.320,0
3465,3088,3006, ,2015-01-14 12:13:04.680,0
3471,43,3007, ,2015-01-15 01:39:13.763,1
3468,3119,3009, ,2015-01-14 19:01:09.030,0
3469,3119,3009, ,2015-01-14 19:09:42.127,0
3470,551,3010,downvoter,2015-01-14 23:21:33.073,0
3478,551,3013, ,2015-01-15 17:47:29.083,0
3476,3110,3014, ,2015-01-15 17:25:07.383,2
3487,43,3021, ,2015-01-15 23:58:18.550,3
3500,3101,3023, ,2015-01-16 12:37:46.033,0
3492,1997,3029, ,2015-01-16 05:57:57.080,0
3493,318,3029, ,2015-01-16 06:14:55.453,1
3501,3101,3031, ,2015-01-16 12:38:39.577,0
3502,1111,3031, ,2015-01-16 12:48:12.647,0
3494,43,3032,chris,2015-01-16 08:34:32.827,0
3495,3129,3032, ,2015-01-16 08:35:29.503,0
3496,43,3032,chris,2015-01-16 08:36:38.463,1
3497,3129,3032,jdero,2015-01-16 08:38:29.107,0
3498,43,3032, ,2015-01-16 08:51:08.210,1
3499,3129,3032, ,2015-01-16 09:18:26.307,0
3506,44,3032, ,2015-01-16 18:35:23.010,0
3508,3129,3032,NickWilde,2015-01-17 03:27:39.553,0
3503,1824,3034, ,2015-01-16 14:02:29.687,0
3504,3132,3034, ,2015-01-16 14:38:19.077,0
3507,59,3036, ,2015-01-16 21:43:36.500,1
3510,810,3042, ,2015-01-17 09:15:22.270,0
3511,810,3044, ,2015-01-17 09:20:33.147,0
3515,1268,3044, ,2015-01-17 17:21:07.353,1
3512,43,3045, ,2015-01-17 10:24:15.890,0
3516,1268,3046, ,2015-01-17 20:59:24.320,0
3539,3143,3046, ,2015-01-20 10:10:24.770,0
3523,3110,3048, ,2015-01-18 20:43:51.263,0
3525,43,3048,littleadv,2015-01-18 21:10:59.327,0
3528,59,3048, ,2015-01-18 23:46:04.973,1
3518,1111,3053, ,2015-01-18 08:42:33.360,1
3545,3088,3057, ,2015-01-20 16:37:57.637,0
3520,551,3061, ,2015-01-18 17:49:58.873,0
3535,43,3061,demirb,2015-01-20 04:07:57.530,0
3541,1345,3061, ,2015-01-20 11:38:24.457,0
3540,1345,3066, ,2015-01-20 11:18:40.367,2
3543,551,3066,demirb,2015-01-20 12:31:42.153,0
3536,59,3074, ,2015-01-20 04:48:00.727,1
3537,1337,3074, ,2015-01-20 04:53:49.180,0
3538,1337,3076, ,2015-01-20 09:24:05.613,0
3544,1824,3081, ,2015-01-20 14:21:08.187,0
3546,3178,3081, ,2015-01-20 17:49:25.453,0
3547,1337,3086, ,2015-01-20 18:01:20.617,0
3554,3141,3091, ,2015-01-21 11:18:56.040,0
3556,3141,3091, ,2015-01-21 11:27:55.010,0
3558,59,3091,JohnG,2015-01-21 12:21:41.517,1
3560,3110,3092, ,2015-01-21 16:22:15.437,0
3573,3143,3092,littleadv,2015-01-21 23:23:03.123,0
3578,551,3092, ,2015-01-21 23:59:33.897,0
3566,43,3093, ,2015-01-21 19:34:20.837,3
3575,3143,3094, ,2015-01-21 23:26:42.583,1
3576,551,3094,user58446,2015-01-21 23:37:20.570,0
3581,1824,3094,user58446,2015-01-22 05:57:49.913,0
3570,1111,3098, ,2015-01-21 20:19:48.757,0
3562,551,3100, ,2015-01-21 17:24:53.900,1
3563,3141,3100,blunders,2015-01-21 17:32:03.143,0
3590,2032,3103, ,2015-01-22 13:55:27.840,0
3591,551,3103,Dck,2015-01-22 14:38:48.063,0
3593,2032,3103, ,2015-01-22 15:17:28.753,0
3596,551,3103,DcK,2015-01-22 16:08:43.860,0
3572,1111,3107, ,2015-01-21 23:03:58.617,0
3574,551,3107, ,2015-01-21 23:25:12.233,0
3579,2010,3107, ,2015-01-22 02:52:58.510,0
3580,551,3107, ,2015-01-22 04:36:12.820,0
3582,1824,3109, ,2015-01-22 06:11:09.303,0
3592,2010,3109, ,2015-01-22 14:46:51.330,0
3588,3209,3112, ,2015-01-22 13:32:32.910,39
3589,3209,3112, ,2015-01-22 13:34:22.687,5
3599,3220,3112, ,2015-01-22 16:24:39.127,10
3602,3221,3112,Kik,2015-01-22 16:51:43.227,4
3603,3221,3112,JohnG,2015-01-22 17:19:07.640,4
3608,3141,3112, ,2015-01-23 10:53:01.690,0
3638,478,3112, ,2015-01-24 20:16:38.540,1
3644,3141,3112,AAA,2015-01-25 04:16:59.433,0
3675,3347,3112, ,2015-01-26 02:27:23.407,0
3676,3141,3112,StephanBranczyk,2015-01-26 02:34:11.227,0
3585,3143,3113, ,2015-01-22 11:25:59.227,0
3604,3110,3113,user58446,2015-01-22 21:15:16.553,0
3598,3217,3114, ,2015-01-22 16:19:27.743,21
3615,3262,3114, ,2015-01-23 16:28:29.187,2
3626,3311,3114, ,2015-01-24 09:21:07.520,5
3586,3141,3116, ,2015-01-22 11:36:11.953,0
3587,160,3116, ,2015-01-22 13:10:13.570,42
3594,3212,3116,Levi,2015-01-22 15:47:38.080,22
3600,3220,3116, ,2015-01-22 16:25:56.320,11
3605,3253,3116,Kik,2015-01-23 05:16:08.737,1
3606,3257,3116, ,2015-01-23 08:57:18.277,0
3611,3278,3116, ,2015-01-23 14:05:22.573,16
3681,3356,3116, ,2015-01-26 16:28:58.187,1
3595,3216,3117, ,2015-01-22 15:53:44.943,5
3597,3212,3117, ,2015-01-22 16:17:25.877,1
3601,3141,3117, ,2015-01-22 16:46:06.653,2
3607,3257,3117, ,2015-01-23 08:59:08.837,6
3614,3262,3117,MichaelKjrling,2015-01-23 16:26:45.900,1
3616,1824,3117,MichaelKjrling,2015-01-23 16:29:00.083,1
3619,3257,3117, ,2015-01-23 18:32:46.243,1
3680,3356,3117, ,2015-01-26 15:58:06.523,0
3620,3296,3125, ,2015-01-23 18:39:17.677,1
3621,3296,3125, ,2015-01-23 18:43:26.893,0
3678,3356,3127, ,2015-01-26 15:50:33.213,1
3612,3141,3128, ,2015-01-23 14:19:48.423,0
3618,1824,3134, ,2015-01-23 18:23:25.950,0
3623,3287,3134, ,2015-01-23 19:20:42.923,0
3625,1824,3134, ,2015-01-23 23:48:57.187,0
3631,3287,3134, ,2015-01-24 12:56:37.410,0
3647,3110,3134,DavidBengoa,2015-01-25 05:07:15.173,0
3679,3356,3136, ,2015-01-26 15:53:09.547,0
3624,3277,3140, ,2015-01-23 20:56:38.747,0
3641,1775,3141, ,2015-01-24 20:36:02.780,0
3632,3287,3142, ,2015-01-24 12:59:27.003,0
3633,1824,3142,DavidBengoa,2015-01-24 14:05:27.713,0
3627,1824,3151, ,2015-01-24 11:16:25.967,0
3628,1111,3151, ,2015-01-24 11:18:31.037,0
3629,1111,3151, ,2015-01-24 11:19:33.800,0
3630,1824,3152, ,2015-01-24 11:21:11.260,1
3640,1775,3153, ,2015-01-24 20:35:25.103,0
3642,720,3153, ,2015-01-25 00:50:30.027,0
3669,59,3153, ,2015-01-25 21:27:32.623,0
3671,720,3153,MatthewHaugen,2015-01-25 22:03:01.067,0
3635,720,3156, ,2015-01-24 15:17:31.610,0
3645,3110,3161, ,2015-01-25 05:01:05.157,0
3648,1824,3161,littleadv,2015-01-25 05:36:22.973,0
3650,3110,3161, ,2015-01-25 06:27:56.507,1
3663,551,3161, ,2015-01-25 15:26:30.523,0
3643,551,3164,Downvoter,2015-01-25 01:35:51.490,1
3646,3110,3164, ,2015-01-25 05:05:22.647,2
3652,1111,3164, ,2015-01-25 10:11:10.597,2
3655,551,3164, ,2015-01-25 12:03:59.030,0
3662,551,3170, ,2015-01-25 15:21:44.400,0
3665,3327,3174, ,2015-01-25 15:55:09.373,0
3677,68,3174, ,2015-01-26 05:44:25.427,0
3654,551,3175, ,2015-01-25 12:01:21.910,0
3656,551,3175, ,2015-01-25 12:22:06.457,0
3657,1824,3175,blunders,2015-01-25 12:45:00.950,0
3658,551,3175, ,2015-01-25 14:10:42.847,0
3659,1824,3175,blunders,2015-01-25 14:40:51.480,0
3660,1824,3175,blunders,2015-01-25 14:41:06.890,0
3661,551,3175, ,2015-01-25 15:02:17.417,0
3664,1824,3175,blunders,2015-01-25 15:30:47.070,0
3674,551,3177,DenisdeBernardy,2015-01-26 00:09:38.230,0
3672,1824,3178, ,2015-01-25 23:29:19.900,0
3682,551,3190, ,2015-01-26 16:35:09.753,0
3683,3358,3190, ,2015-01-26 17:24:30.563,0
3685,551,3190, ,2015-01-26 19:14:20.243,0
3684,551,3193, ,2015-01-26 19:13:51.560,0
