UserId,Time,days,first_time,last_time
8.0,2011-10-11 19:29:01.593,0,0,52
1.0,2011-10-11 19:30:20.670,0,0,172
5.0,2011-10-11 19:31:39.507,0,0,0
20.0,2011-10-11 19:33:16.830,0,0,130
14.0,2011-10-11 19:34:15.730,0,0,179
20.0,2011-10-11 19:34:19.230,0,0,130
5.0,2011-10-11 19:35:17.553,0,0,0
8.0,2011-10-11 19:35:17.553,0,0,52
15.0,2011-10-11 19:37:17.473,0,0,6
8.0,2011-10-11 19:37:28.133,0,0,52
20.0,2011-10-11 19:40:36.977,0,0,130
5.0,2011-10-11 19:45:01.370,0,0,0
31.0,2011-10-11 19:45:01.370,0,0,150
20.0,2011-10-11 19:45:04.567,0,0,130
14.0,2011-10-11 19:45:35.817,0,0,179
23.0,2011-10-11 19:45:35.817,0,0,3
8.0,2011-10-11 19:49:05.547,0,0,52
1.0,2011-10-11 19:51:51.500,0,0,172
8.0,2011-10-11 19:54:41.967,0,0,52
20.0,2011-10-11 19:55:28.703,0,0,130
41.0,2011-10-11 19:57:59.390,0,0,0
1.0,2011-10-11 19:57:59.390,0,0,172
1.0,2011-10-11 19:59:31.820,0,0,172
26.0,2011-10-11 20:00:20.467,0,0,159
43.0,2011-10-11 20:03:44.390,0,0,0
1.0,2011-10-11 20:04:38.163,0,0,172
47.0,2011-10-11 20:07:56.653,0,0,136
23.0,2011-10-11 20:11:19.333,0,0,3
1.0,2011-10-11 20:12:21.977,0,0,172
45.0,2011-10-11 20:12:31.960,0,0,141
44.0,2011-10-11 20:17:40.273,0,0,35
8.0,2011-10-11 20:17:54.823,0,0,52
45.0,2011-10-11 20:18:33.090,0,0,141
47.0,2011-10-11 20:18:33.090,0,0,136
43.0,2011-10-11 20:18:43.060,0,0,0
41.0,2011-10-11 20:18:49.730,0,0,0
1.0,2011-10-11 20:18:49.730,0,0,172
8.0,2011-10-11 20:20:07.877,0,0,52
41.0,2011-10-11 20:21:33.257,0,0,0
40.0,2011-10-11 20:22:36.413,0,0,2
20.0,2011-10-11 20:24:43.317,0,0,130
48.0,2011-10-11 20:25:20.163,0,0,174
43.0,2011-10-11 20:26:12.487,0,0,0
8.0,2011-10-11 20:30:05.713,0,0,52
9.0,2011-10-11 20:31:15.133,0,0,0
26.0,2011-10-11 20:31:22.390,0,0,159
50.0,2011-10-11 20:33:15.910,0,0,168
43.0,2011-10-11 20:36:02.350,0,0,0
8.0,2011-10-11 20:44:34.920,0,0,52
57.0,2011-10-11 20:49:20.297,0,0,0
48.0,2011-10-11 21:00:35.797,0,0,174
48.0,2011-10-11 21:02:48.760,0,0,174
57.0,2011-10-11 21:17:19.927,0,0,0
30.0,2011-10-11 21:23:46.820,0,0,157
15.0,2011-10-11 21:32:15.290,0,0,6
11.0,2011-10-11 21:32:15.290,0,0,147
8.0,2011-10-11 21:33:17.787,0,0,52
68.0,2011-10-11 21:35:56.153,0,0,61
26.0,2011-10-11 21:38:02.423,0,0,159
47.0,2011-10-11 21:41:01.327,0,0,136
8.0,2011-10-11 21:45:49.690,0,0,52
65.0,2011-10-11 21:51:48.887,0,0,33
26.0,2011-10-11 21:57:20.367,0,0,159
8.0,2011-10-11 22:00:03.883,0,0,52
71.0,2011-10-11 22:06:29.360,0,0,157
26.0,2011-10-11 22:25:31.497,0,0,159
50.0,2011-10-11 22:47:26.197,0,0,168
20.0,2011-10-11 22:50:04.197,0,0,130
48.0,2011-10-11 22:57:47.370,0,0,174
23.0,2011-10-11 23:27:26.660,0,0,3
23.0,2011-10-11 23:29:53.773,0,0,3
23.0,2011-10-11 23:31:07.483,0,0,3
86.0,2011-10-11 23:49:24.857,0,0,0
86.0,2011-10-11 23:50:30.330,0,0,0
86.0,2011-10-12 00:00:53.350,0,0,0
86.0,2011-10-12 00:02:38.013,0,0,0
20.0,2011-10-12 00:15:15.527,0,0,130
1.0,2011-10-12 00:21:39.603,0,0,172
41.0,2011-10-12 00:41:20.173,0,0,0
45.0,2011-10-12 01:34:34.840,0,0,141
65.0,2011-10-12 01:35:11.207,0,0,33
20.0,2011-10-12 01:54:27.550,0,0,130
20.0,2011-10-12 02:02:59.380,0,0,130
79.0,2011-10-12 02:08:38.733,0,0,178
26.0,2011-10-12 02:08:53.847,0,0,159
65.0,2011-10-12 02:19:18.160,0,0,33
10.0,2011-10-12 02:21:25.440,0,0,7
30.0,2011-10-12 02:21:25.440,0,0,157
10.0,2011-10-12 03:11:40.590,0,0,7
68.0,2011-10-12 03:37:40.947,0,0,61
68.0,2011-10-12 04:00:07.753,0,0,61
45.0,2011-10-12 04:00:07.753,0,0,141
68.0,2011-10-12 04:05:52.923,0,0,61
10.0,2011-10-12 04:12:44.023,0,0,7
68.0,2011-10-12 04:23:45.087,0,0,61
10.0,2011-10-12 04:30:42.830,0,0,7
68.0,2011-10-12 04:30:56.327,0,0,61
68.0,2011-10-12 04:55:32.753,0,0,61
10.0,2011-10-12 04:55:32.753,0,0,7
68.0,2011-10-12 04:59:35.713,0,0,61
68.0,2011-10-12 05:02:05.507,0,0,61
65.0,2011-10-12 05:14:56.723,0,0,33
68.0,2011-10-12 05:14:56.723,0,0,61
68.0,2011-10-12 05:21:16.123,0,0,61
68.0,2011-10-12 05:28:45.613,0,0,61
10.0,2011-10-12 05:37:47.927,0,0,7
8.0,2011-10-12 05:37:47.927,0,0,52
68.0,2011-10-12 05:50:38.050,0,0,61
68.0,2011-10-12 06:03:54.033,0,0,61
30.0,2011-10-12 06:17:55.863,0,0,157
8.0,2011-10-12 06:35:35.600,0,0,52
100.0,2011-10-12 06:35:35.600,0,0,8
100.0,2011-10-12 06:37:17.393,0,0,8
104.0,2011-10-12 10:12:51.280,0,0,175
65.0,2011-10-12 10:47:43.070,0,0,33
104.0,2011-10-12 11:02:09.630,0,0,175
104.0,2011-10-12 11:14:53.673,0,0,175
110.0,2011-10-12 11:31:31.820,0,0,0
113.0,2011-10-12 11:37:21.607,0,0,0
48.0,2011-10-12 11:46:23.023,0,0,174
65.0,2011-10-12 11:46:23.023,0,0,33
104.0,2011-10-12 11:54:33.063,0,0,175
50.0,2011-10-12 11:56:31.317,0,0,168
104.0,2011-10-12 12:17:45.540,0,0,175
116.0,2011-10-12 12:24:34.513,0,0,0
111.0,2011-10-12 12:31:00.743,0,0,36
115.0,2011-10-12 12:33:32.783,0,0,127
110.0,2011-10-12 12:33:32.783,0,0,0
104.0,2011-10-12 12:57:14.397,0,0,175
55.0,2011-10-12 13:01:41.113,0,0,49
62.0,2011-10-12 13:20:30.383,0,0,21
104.0,2011-10-12 13:25:27.620,0,0,175
62.0,2011-10-12 13:47:16.450,0,0,21
40.0,2011-10-12 14:03:04.213,0,0,2
10.0,2011-10-12 14:10:34.600,0,0,7
86.0,2011-10-12 14:14:33.233,0,0,0
10.0,2011-10-12 14:18:23.080,0,0,7
8.0,2011-10-12 14:22:48.270,0,0,52
110.0,2011-10-12 14:26:26.843,0,0,0
501.0,2011-10-12 14:34:45.050,0,0,70
20.0,2011-10-12 15:30:32.043,0,0,130
55.0,2011-10-12 15:37:38.817,0,0,49
50.0,2011-10-12 15:45:49.373,0,0,168
501.0,2011-10-12 15:45:49.373,0,0,70
40.0,2011-10-12 15:56:58.270,0,0,2
82.0,2011-10-12 16:04:06.680,0,0,66
57.0,2011-10-12 16:45:26.990,0,0,0
104.0,2011-10-12 16:55:34.610,0,0,175
104.0,2011-10-12 17:02:30.687,0,0,175
501.0,2011-10-12 17:22:14.120,0,0,70
104.0,2011-10-12 17:43:11.153,0,0,175
104.0,2011-10-12 17:50:57.680,0,0,175
82.0,2011-10-12 17:54:17.417,0,0,66
20.0,2011-10-12 18:14:18.127,0,0,130
104.0,2011-10-12 18:16:30.057,0,0,175
104.0,2011-10-12 18:28:42.313,0,0,175
114.0,2011-10-12 18:36:18.833,0,0,118
22.0,2011-10-12 18:41:59.297,0,0,2
89.0,2011-10-12 18:58:34.073,0,0,84
48.0,2011-10-12 19:10:45.823,0,0,174
114.0,2011-10-12 19:10:45.823,0,0,118
114.0,2011-10-12 19:14:34.807,0,0,118
89.0,2011-10-12 19:17:16.023,0,0,84
11.0,2011-10-12 19:19:33.163,0,0,147
501.0,2011-10-12 19:19:33.163,0,0,70
20.0,2011-10-12 19:22:25.653,0,0,130
48.0,2011-10-12 19:30:41.463,1,0,174
89.0,2011-10-12 19:31:00.293,1,0,84
114.0,2011-10-12 19:31:29.333,1,0,118
48.0,2011-10-12 19:32:50.030,1,0,174
32.0,2011-10-12 19:38:18.797,1,1,1
114.0,2011-10-12 19:40:58.473,1,0,118
11.0,2011-10-12 20:02:08.110,1,0,147
114.0,2011-10-12 20:10:46.667,1,0,118
8.0,2011-10-12 20:26:30.530,1,0,52
104.0,2011-10-12 20:31:29.633,1,0,175
114.0,2011-10-12 20:34:23.203,1,0,118
8.0,2011-10-12 20:42:53.943,1,0,52
89.0,2011-10-12 20:58:17.107,1,0,84
104.0,2011-10-12 20:58:17.107,1,0,175
79.0,2011-10-12 21:01:58.660,1,0,178
68.0,2011-10-12 21:19:27.827,1,0,61
10.0,2011-10-12 21:20:43.523,1,0,7
104.0,2011-10-12 21:24:30.590,1,0,175
20.0,2011-10-12 21:24:31.223,1,0,130
114.0,2011-10-12 21:30:33.947,1,0,118
68.0,2011-10-12 21:30:41.230,1,0,61
68.0,2011-10-12 21:35:35.233,1,0,61
68.0,2011-10-12 21:40:59.470,1,0,61
104.0,2011-10-12 21:43:18.157,1,0,175
68.0,2011-10-12 21:43:18.470,1,0,61
104.0,2011-10-12 21:51:20.017,1,0,175
68.0,2011-10-12 22:20:06.927,1,0,61
26.0,2011-10-12 22:27:33.730,1,0,159
68.0,2011-10-12 22:34:22.447,1,0,61
68.0,2011-10-12 22:44:05.383,1,0,61
103.0,2011-10-12 22:51:47.500,1,1,104
103.0,2011-10-12 22:59:01.880,1,1,104
103.0,2011-10-12 23:07:21.967,1,1,104
50.0,2011-10-12 23:15:17.700,1,0,168
20.0,2011-10-13 00:19:34.553,1,0,130
79.0,2011-10-13 00:34:16.723,1,0,178
71.0,2011-10-13 00:37:32.247,1,0,157
50.0,2011-10-13 01:03:46.170,1,0,168
40.0,2011-10-13 01:32:20.043,1,0,2
124.0,2011-10-13 01:46:13.907,1,1,2
501.0,2011-10-13 02:22:25.747,1,0,70
124.0,2011-10-13 02:32:16.547,1,1,2
68.0,2011-10-13 05:14:37.477,1,0,61
104.0,2011-10-13 07:08:47.077,1,0,175
104.0,2011-10-13 07:14:35.820,1,0,175
95.0,2011-10-13 07:23:06.943,1,1,132
103.0,2011-10-13 08:46:06.973,1,1,104
103.0,2011-10-13 08:54:28.167,1,1,104
126.0,2011-10-13 08:56:24.747,1,1,145
103.0,2011-10-13 08:56:38.197,1,1,104
103.0,2011-10-13 09:07:41.853,1,1,104
104.0,2011-10-13 09:56:31.840,1,0,175
104.0,2011-10-13 09:58:10.240,1,0,175
104.0,2011-10-13 10:03:20.663,1,0,175
48.0,2011-10-13 10:12:32.437,1,0,174
79.0,2011-10-13 10:20:21.493,1,0,178
48.0,2011-10-13 10:23:26.670,1,0,174
104.0,2011-10-13 10:25:03.750,1,0,175
95.0,2011-10-13 11:03:47.693,1,1,132
103.0,2011-10-13 11:09:00.480,1,1,104
114.0,2011-10-13 11:17:32.820,1,0,118
127.0,2011-10-13 11:43:16.997,1,1,1
104.0,2011-10-13 12:18:24.767,1,0,175
103.0,2011-10-13 13:19:31.430,1,1,104
1.0,2011-10-13 16:04:56.883,1,0,172
26.0,2011-10-13 16:53:43.920,1,0,159
50.0,2011-10-13 17:35:59.297,1,0,168
104.0,2011-10-13 19:27:05.590,1,0,175
22.0,2011-10-13 19:27:27.833,1,0,2
22.0,2011-10-13 19:34:47.760,2,0,2
68.0,2011-10-13 19:36:00.253,2,0,61
124.0,2011-10-13 19:36:00.253,2,1,2
119.0,2011-10-13 19:50:10.663,2,2,149
73.0,2011-10-13 20:07:46.703,2,2,2
119.0,2011-10-13 20:20:31.573,2,2,149
119.0,2011-10-13 20:21:50.090,2,2,149
26.0,2011-10-13 20:24:21.320,2,0,159
104.0,2011-10-13 21:12:36.540,2,0,175
104.0,2011-10-13 21:28:17.467,2,0,175
26.0,2011-10-13 21:29:51.890,2,0,159
71.0,2011-10-13 21:46:21.283,2,0,157
131.0,2011-10-13 23:11:09.920,2,2,2
82.0,2011-10-13 23:26:33.600,2,0,66
68.0,2011-10-14 00:29:46.470,2,0,61
21.0,2011-10-14 03:43:23.513,2,2,84
21.0,2011-10-14 03:45:54.723,2,2,84
21.0,2011-10-14 04:05:52.687,2,2,84
71.0,2011-10-14 05:03:55.627,2,0,157
131.0,2011-10-14 06:07:38.470,2,2,2
71.0,2011-10-14 07:01:22.327,2,0,157
132.0,2011-10-14 08:02:21.043,2,2,2
104.0,2011-10-14 09:09:40.590,2,0,175
40.0,2011-10-14 15:14:09.383,2,0,2
40.0,2011-10-14 15:16:35.387,2,0,2
104.0,2011-10-14 16:12:47.777,2,0,175
65.0,2011-10-14 18:59:27.730,2,0,33
65.0,2011-10-14 19:00:26.247,2,0,33
71.0,2011-10-14 19:30:24.943,3,0,157
133.0,2011-10-14 19:55:45.853,3,3,178
133.0,2011-10-14 20:04:49.050,3,3,178
103.0,2011-10-14 20:12:31.163,3,1,104
23.0,2011-10-14 20:54:17.383,3,0,3
23.0,2011-10-14 21:01:44.303,3,0,3
104.0,2011-10-14 21:10:15.153,3,0,175
23.0,2011-10-14 21:12:54.397,3,0,3
26.0,2011-10-15 02:54:31.777,3,0,159
50.0,2011-10-15 04:09:15.933,3,0,168
103.0,2011-10-15 04:09:15.933,3,1,104
104.0,2011-10-15 06:44:43.870,3,0,175
104.0,2011-10-15 07:23:56.943,3,0,175
114.0,2011-10-15 08:05:26.530,3,0,118
104.0,2011-10-15 09:36:28.050,3,0,175
65.0,2011-10-15 11:31:28.837,3,0,33
48.0,2011-10-15 11:31:28.837,3,0,174
114.0,2011-10-15 12:32:22.010,3,0,118
103.0,2011-10-15 13:45:45.630,3,1,104
104.0,2011-10-15 13:45:45.630,3,0,175
104.0,2011-10-15 15:04:58.527,3,0,175
114.0,2011-10-15 15:08:24.950,3,0,118
115.0,2011-10-15 15:11:18.500,3,0,127
21.0,2011-10-15 15:23:51.833,3,2,84
47.0,2011-10-15 18:43:35.157,3,0,136
149.0,2011-10-15 18:55:17.087,3,3,35
149.0,2011-10-15 19:04:03.207,3,3,35
149.0,2011-10-15 19:15:22.270,3,3,35
149.0,2011-10-15 19:33:15.667,4,3,35
104.0,2011-10-15 20:48:08.023,4,0,175
152.0,2011-10-15 21:53:22.067,4,4,32
149.0,2011-10-15 23:46:31.087,4,3,35
15.0,2011-10-16 00:05:27.233,4,0,6
71.0,2011-10-16 00:57:23.803,4,0,157
71.0,2011-10-16 03:24:31.763,4,0,157
71.0,2011-10-16 04:18:12.097,4,0,157
71.0,2011-10-16 04:23:18.200,4,0,157
68.0,2011-10-16 06:35:29.343,4,0,61
104.0,2011-10-16 08:16:52.380,4,0,175
104.0,2011-10-16 08:28:51.330,4,0,175
95.0,2011-10-16 10:17:38.893,4,1,132
95.0,2011-10-16 10:19:45.177,4,1,132
95.0,2011-10-16 13:21:29.137,4,1,132
68.0,2011-10-16 17:12:27.893,4,0,61
149.0,2011-10-16 22:55:38.443,5,3,35
133.0,2011-10-17 00:41:49.370,5,3,178
26.0,2011-10-17 02:12:28.947,5,0,159
115.0,2011-10-17 05:51:34.573,5,0,127
11.0,2011-10-17 10:05:17.353,5,0,147
103.0,2011-10-17 10:30:28.957,5,1,104
133.0,2011-10-17 10:45:53.737,5,3,178
104.0,2011-10-17 12:46:25.970,5,0,175
26.0,2011-10-17 13:27:58.993,5,0,159
26.0,2011-10-17 13:35:07.250,5,0,159
26.0,2011-10-17 13:42:43.383,5,0,159
133.0,2011-10-17 13:43:49.473,5,3,178
133.0,2011-10-17 13:46:07.783,5,3,178
26.0,2011-10-17 13:54:03.163,5,0,159
133.0,2011-10-17 14:07:20.050,5,3,178
26.0,2011-10-17 15:48:48.317,5,0,159
133.0,2011-10-17 16:38:48.527,5,3,178
104.0,2011-10-17 17:38:10.070,5,0,175
103.0,2011-10-17 17:38:10.070,5,1,104
1.0,2011-10-17 18:34:01.187,5,0,172
1.0,2011-10-17 19:26:20.453,5,0,172
26.0,2011-10-17 20:21:46.657,6,0,159
26.0,2011-10-17 21:21:43.890,6,0,159
119.0,2011-10-17 21:55:43.247,6,2,149
119.0,2011-10-17 22:03:13.887,6,2,149
15.0,2011-10-17 23:47:02.843,6,0,6
26.0,2011-10-17 23:47:02.843,6,0,159
97.0,2011-10-18 02:21:34.077,6,6,100
97.0,2011-10-18 02:33:06.130,6,6,100
26.0,2011-10-18 03:18:28.113,6,0,159
26.0,2011-10-18 03:49:05.677,6,0,159
48.0,2011-10-18 05:37:58.247,6,0,174
31.0,2011-10-18 06:38:34.333,6,0,150
48.0,2011-10-18 07:20:12.710,6,0,174
101.0,2011-10-18 09:36:04.903,6,6,6
133.0,2011-10-18 13:04:34.670,6,3,178
133.0,2011-10-18 13:05:23.827,6,3,178
133.0,2011-10-18 13:06:49.157,6,3,178
50.0,2011-10-18 13:38:56.007,6,0,168
133.0,2011-10-18 13:42:45.217,6,3,178
48.0,2011-10-18 13:49:37.277,6,0,174
89.0,2011-10-18 14:17:09.047,6,0,84
133.0,2011-10-18 14:28:50.677,6,3,178
100.0,2011-10-18 14:44:51.597,6,0,8
89.0,2011-10-18 14:59:17.573,6,0,84
89.0,2011-10-18 15:13:18.873,6,0,84
119.0,2011-10-18 16:05:40.800,6,2,149
26.0,2011-10-18 19:49:35.920,7,0,159
72.0,2011-10-18 20:57:34.827,7,7,16
44.0,2011-10-18 21:06:56.180,7,0,35
126.0,2011-10-18 21:41:39.717,7,1,145
10.0,2011-10-18 21:41:39.717,7,0,7
89.0,2011-10-18 22:41:33.993,7,0,84
115.0,2011-10-18 22:49:11.277,7,0,127
89.0,2011-10-18 22:49:11.277,7,0,84
10.0,2011-10-18 23:35:37.367,7,0,7
89.0,2011-10-19 01:20:55.690,7,0,84
21.0,2011-10-19 01:31:57.550,7,2,84
71.0,2011-10-19 03:09:52.397,7,0,157
26.0,2011-10-19 03:52:25.653,7,0,159
71.0,2011-10-19 05:05:29.573,7,0,157
48.0,2011-10-19 06:14:18.393,7,0,174
71.0,2011-10-19 06:18:57.380,7,0,157
26.0,2011-10-19 13:33:20.170,7,0,159
44.0,2011-10-19 13:52:04.977,7,0,35
89.0,2011-10-19 14:00:16.253,7,0,84
10.0,2011-10-19 14:04:16.360,7,0,7
26.0,2011-10-19 14:07:21.787,7,0,159
48.0,2011-10-19 14:18:15.533,7,0,174
133.0,2011-10-19 14:53:28.750,7,3,178
89.0,2011-10-19 15:25:58.810,7,0,84
163.0,2011-10-19 15:52:59.177,7,7,7
133.0,2011-10-19 18:29:57.427,7,3,178
133.0,2011-10-19 18:37:00.187,7,3,178
50.0,2011-10-20 02:02:22.450,8,0,168
100.0,2011-10-20 04:56:19.473,8,0,8
48.0,2011-10-20 15:29:10.590,8,0,174
47.0,2011-10-20 15:46:45.330,8,0,136
133.0,2011-10-20 16:03:37.960,8,3,178
26.0,2011-10-20 16:36:33.777,8,0,159
114.0,2011-10-20 17:13:50.843,8,0,118
47.0,2011-10-20 17:13:50.843,8,0,136
21.0,2011-10-20 17:26:07.153,8,2,84
133.0,2011-10-20 19:02:25.873,8,3,178
149.0,2011-10-21 01:33:31.070,9,3,35
26.0,2011-10-21 03:20:54.960,9,0,159
50.0,2011-10-21 05:52:35.160,9,0,168
68.0,2011-10-21 05:52:35.160,9,0,61
68.0,2011-10-21 06:01:15.930,9,0,61
104.0,2011-10-21 06:28:52.387,9,0,175
48.0,2011-10-21 07:27:39.680,9,0,174
48.0,2011-10-21 07:39:46.167,9,0,174
82.0,2011-10-21 09:30:58.563,9,0,66
104.0,2011-10-21 10:09:49.413,9,0,175
149.0,2011-10-21 13:25:45.713,9,3,35
68.0,2011-10-21 13:29:08.250,9,0,61
104.0,2011-10-21 13:29:28.453,9,0,175
149.0,2011-10-21 13:30:01.417,9,3,35
149.0,2011-10-21 13:32:35.017,9,3,35
104.0,2011-10-21 13:44:36.760,9,0,175
149.0,2011-10-21 14:19:04.877,9,3,35
50.0,2011-10-21 16:12:34.477,9,0,168
50.0,2011-10-21 17:25:32.220,9,0,168
149.0,2011-10-21 19:33:47.420,10,3,35
1.0,2011-10-22 01:00:14.053,10,0,172
1.0,2011-10-22 01:18:38.600,10,0,172
149.0,2011-10-22 23:09:44.427,11,3,35
149.0,2011-10-22 23:20:39.183,11,3,35
149.0,2011-10-23 00:58:06.777,11,3,35
50.0,2011-10-23 02:38:11.983,11,0,168
50.0,2011-10-23 18:54:56.543,11,0,168
114.0,2011-10-23 21:07:35.120,12,0,118
14.0,2011-10-23 21:17:49.117,12,0,179
149.0,2011-10-23 22:20:05.140,12,3,35
71.0,2011-10-24 00:05:26.787,12,0,157
152.0,2011-10-24 01:51:29.240,12,4,32
48.0,2011-10-24 08:11:05.717,12,0,174
104.0,2011-10-24 08:46:09.997,12,0,175
14.0,2011-10-24 08:46:09.997,12,0,179
95.0,2011-10-24 12:03:52.657,12,1,132
26.0,2011-10-24 12:59:55.767,12,0,159
169.0,2011-10-24 14:56:48.187,12,12,12
21.0,2011-10-24 15:44:32.830,12,2,84
149.0,2011-10-24 17:37:36.723,12,3,35
26.0,2011-10-24 19:23:55.690,12,0,159
27.0,2011-10-24 21:18:05.860,13,13,13
171.0,2011-10-25 05:09:10.467,13,13,14
89.0,2011-10-25 13:36:46.503,13,0,84
171.0,2011-10-25 13:51:13.220,13,13,14
26.0,2011-10-25 13:51:13.220,13,0,159
44.0,2011-10-25 14:04:37.567,13,0,35
26.0,2011-10-25 14:39:43.173,13,0,159
26.0,2011-10-25 14:42:29.703,13,0,159
104.0,2011-10-25 17:01:57.667,13,0,175
171.0,2011-10-25 18:35:26.840,13,13,14
104.0,2011-10-25 19:04:33.053,13,0,175
14.0,2011-10-25 19:22:59.160,13,0,179
21.0,2011-10-25 19:38:40.553,14,2,84
89.0,2011-10-25 19:39:30.297,14,0,84
26.0,2011-10-25 19:52:35.430,14,0,159
114.0,2011-10-25 19:53:22.097,14,0,118
104.0,2011-10-25 19:58:32.617,14,0,175
114.0,2011-10-25 20:07:36.273,14,0,118
178.0,2011-10-25 20:15:51.363,14,14,99
178.0,2011-10-25 20:19:17.223,14,14,99
178.0,2011-10-25 20:25:14.417,14,14,99
178.0,2011-10-25 20:31:05.420,14,14,99
178.0,2011-10-25 20:39:32.347,14,14,99
114.0,2011-10-25 22:23:58.433,14,0,118
103.0,2011-10-25 22:23:58.433,14,1,104
181.0,2011-10-25 22:32:27.583,14,14,56
149.0,2011-10-25 22:59:07.603,14,3,35
171.0,2011-10-25 23:25:10.390,14,13,14
181.0,2011-10-25 23:25:10.390,14,14,56
189.0,2011-10-26 00:10:41.533,14,14,14
26.0,2011-10-26 03:03:34.250,14,0,159
501.0,2011-10-26 04:46:38.193,14,0,70
178.0,2011-10-26 16:46:35.990,14,14,99
178.0,2011-10-26 19:35:53.913,15,14,99
178.0,2011-10-26 19:37:55.893,15,14,99
178.0,2011-10-26 20:46:34.927,15,14,99
68.0,2011-10-26 22:01:16.533,15,0,61
206.0,2011-10-26 23:27:33.277,15,15,15
206.0,2011-10-27 00:02:00.130,15,15,15
178.0,2011-10-27 00:02:00.130,15,14,99
207.0,2011-10-27 01:07:45.993,15,15,15
209.0,2011-10-27 04:30:51.510,15,15,15
68.0,2011-10-27 06:40:25.327,15,0,61
104.0,2011-10-27 07:02:30.587,15,0,175
104.0,2011-10-27 07:13:23.790,15,0,175
45.0,2011-10-27 10:13:13.297,15,0,141
45.0,2011-10-27 11:44:10.280,15,0,141
209.0,2011-10-27 13:17:25.610,15,15,15
178.0,2011-10-27 13:17:25.610,15,14,99
178.0,2011-10-27 13:29:54.283,15,14,99
89.0,2011-10-27 14:26:23.727,15,0,84
212.0,2011-10-27 16:27:55.210,15,15,17
11.0,2011-10-27 17:59:28.400,15,0,147
213.0,2011-10-27 21:06:54.737,16,16,16
26.0,2011-10-27 22:01:39.957,16,0,159
79.0,2011-10-27 23:54:14.483,16,0,178
26.0,2011-10-28 00:20:29.080,16,0,159
68.0,2011-10-28 03:47:25.537,16,0,61
215.0,2011-10-28 05:08:29.430,16,16,47
95.0,2011-10-28 05:55:22.370,16,1,132
121.0,2011-10-28 13:05:17.480,16,16,19
219.0,2011-10-28 13:16:04.700,16,16,173
121.0,2011-10-28 13:43:58.570,16,16,19
133.0,2011-10-28 14:03:27.623,16,3,178
72.0,2011-10-28 18:58:27.967,16,7,16
212.0,2011-10-29 09:39:31.830,17,15,17
121.0,2011-10-29 10:53:22.563,17,16,19
121.0,2011-10-29 11:25:52.117,17,16,19
30.0,2011-10-29 12:53:38.900,17,0,157
44.0,2011-10-29 13:12:06.527,17,0,35
121.0,2011-10-29 13:12:06.527,17,16,19
21.0,2011-10-29 14:05:03.773,17,2,84
21.0,2011-10-29 14:58:11.650,17,2,84
50.0,2011-10-29 14:58:11.650,17,0,168
50.0,2011-10-29 15:11:52.087,17,0,168
68.0,2011-10-29 16:54:22.800,17,0,61
68.0,2011-10-29 17:01:47.270,17,0,61
68.0,2011-10-29 17:13:51.060,17,0,61
125.0,2011-10-29 17:39:51.960,17,17,17
104.0,2011-10-29 18:43:36.620,17,0,175
224.0,2011-10-29 18:58:54.433,17,17,41
68.0,2011-10-29 19:02:28.750,17,0,61
221.0,2011-10-29 19:29:02.680,18,18,124
221.0,2011-10-29 19:41:49.247,18,18,124
104.0,2011-10-29 20:14:46.087,18,0,175
71.0,2011-10-29 21:38:10.350,18,0,157
21.0,2011-10-30 00:01:55.473,18,2,84
26.0,2011-10-30 01:29:53.290,18,0,159
228.0,2011-10-30 01:33:03.740,18,18,18
26.0,2011-10-30 01:35:59.413,18,0,159
68.0,2011-10-30 06:59:42.640,18,0,61
68.0,2011-10-30 07:01:40.377,18,0,61
44.0,2011-10-30 13:02:45.877,18,0,35
44.0,2011-10-30 13:15:57.997,18,0,35
30.0,2011-10-30 13:15:57.997,18,0,157
26.0,2011-10-30 20:51:10.173,19,0,159
114.0,2011-10-30 22:38:55.913,19,0,118
68.0,2011-10-30 23:04:00.607,19,0,61
26.0,2011-10-30 23:20:34.513,19,0,159
114.0,2011-10-30 23:31:47.483,19,0,118
121.0,2011-10-30 23:46:06.810,19,16,19
71.0,2011-10-31 01:39:37.273,19,0,157
65.0,2011-10-31 02:00:29.590,19,0,33
65.0,2011-10-31 02:09:06.367,19,0,33
71.0,2011-10-31 06:04:24.260,19,0,157
71.0,2011-10-31 06:43:23.277,19,0,157
104.0,2011-10-31 06:50:44.683,19,0,175
65.0,2011-10-31 07:22:04.240,19,0,33
104.0,2011-10-31 07:22:04.240,19,0,175
48.0,2011-10-31 08:37:34.690,19,0,174
104.0,2011-10-31 09:03:16.080,19,0,175
114.0,2011-10-31 09:26:35.847,19,0,118
104.0,2011-10-31 10:21:29.173,19,0,175
103.0,2011-10-31 10:34:30.093,19,1,104
103.0,2011-10-31 10:52:35.233,19,1,104
114.0,2011-10-31 12:17:51.513,19,0,118
121.0,2011-10-31 12:55:38.067,19,16,19
104.0,2011-10-31 13:05:51.130,19,0,175
65.0,2011-10-31 13:22:54.073,19,0,33
104.0,2011-10-31 13:27:46.610,19,0,175
48.0,2011-10-31 13:35:14.213,19,0,174
65.0,2011-10-31 13:53:40.180,19,0,33
26.0,2011-10-31 13:56:06.950,19,0,159
104.0,2011-10-31 13:57:38.350,19,0,175
65.0,2011-10-31 13:59:57.333,19,0,33
104.0,2011-10-31 14:15:28.843,19,0,175
65.0,2011-10-31 14:16:29.340,19,0,33
48.0,2011-10-31 14:22:19.757,19,0,174
104.0,2011-10-31 14:25:21.357,19,0,175
48.0,2011-10-31 14:28:19.840,19,0,174
121.0,2011-10-31 14:40:00.353,19,16,19
133.0,2011-10-31 14:45:07.307,19,3,178
104.0,2011-10-31 15:02:11.750,19,0,175
26.0,2011-10-31 15:25:01.597,19,0,159
26.0,2011-10-31 15:34:12.473,19,0,159
48.0,2011-10-31 16:07:35.687,19,0,174
133.0,2011-10-31 16:40:22.217,19,3,178
224.0,2011-10-31 16:40:22.217,19,17,41
133.0,2011-10-31 16:43:00.653,19,3,178
26.0,2011-10-31 18:13:05.083,19,0,159
44.0,2011-10-31 18:52:52.987,19,0,35
119.0,2011-10-31 18:52:52.987,19,2,149
119.0,2011-10-31 19:06:52.423,19,2,149
238.0,2011-10-31 20:19:54.817,20,20,20
26.0,2011-10-31 20:23:41.313,20,0,159
48.0,2011-10-31 21:54:18.143,20,0,174
48.0,2011-10-31 22:01:08.587,20,0,174
44.0,2011-10-31 22:52:16.233,20,0,35
44.0,2011-10-31 22:59:17.393,20,0,35
26.0,2011-11-01 03:41:25.077,20,0,159
26.0,2011-11-01 03:47:34.273,20,0,159
26.0,2011-11-01 03:50:51.367,20,0,159
26.0,2011-11-01 03:56:43.590,20,0,159
104.0,2011-11-01 06:32:05.817,20,0,175
44.0,2011-11-01 09:02:42.807,20,0,35
242.0,2011-11-01 09:48:04.573,20,20,32
48.0,2011-11-01 10:36:20.470,20,0,174
104.0,2011-11-01 11:53:28.810,20,0,175
242.0,2011-11-01 12:54:23.840,20,20,32
104.0,2011-11-01 13:11:58.947,20,0,175
178.0,2011-11-01 13:20:24.777,20,14,99
242.0,2011-11-01 13:51:33.083,20,20,32
133.0,2011-11-01 14:17:33.720,20,3,178
21.0,2011-11-01 14:29:23.717,20,2,84
21.0,2011-11-01 14:30:21.033,20,2,84
133.0,2011-11-01 14:48:35.307,20,3,178
71.0,2011-11-01 15:14:56.830,20,0,157
133.0,2011-11-01 17:23:40.183,20,3,178
62.0,2011-11-01 20:02:26.390,21,0,21
187.0,2011-11-02 05:05:22.937,21,21,21
246.0,2011-11-02 07:06:59.737,21,21,21
104.0,2011-11-02 07:41:50.583,21,0,175
104.0,2011-11-02 08:04:40.133,21,0,175
104.0,2011-11-02 08:32:51.207,21,0,175
79.0,2011-11-02 09:28:49.653,21,0,178
114.0,2011-11-02 12:00:54.667,21,0,118
133.0,2011-11-02 12:49:37.173,21,3,178
187.0,2011-11-02 13:24:11.107,21,21,21
133.0,2011-11-02 13:24:11.107,21,3,178
133.0,2011-11-02 13:30:35.640,21,3,178
133.0,2011-11-02 13:42:44.720,21,3,178
48.0,2011-11-02 13:51:32.180,21,0,174
133.0,2011-11-02 14:11:37.477,21,3,178
133.0,2011-11-02 14:19:54.237,21,3,178
1.0,2011-11-02 14:56:50.037,21,0,172
48.0,2011-11-02 15:32:33.803,21,0,174
114.0,2011-11-02 15:50:38.287,21,0,118
48.0,2011-11-02 15:50:38.287,21,0,174
48.0,2011-11-02 15:51:17.990,21,0,174
104.0,2011-11-02 16:01:02.283,21,0,175
247.0,2011-11-02 16:17:51.653,21,21,49
242.0,2011-11-02 16:49:45.250,21,20,32
133.0,2011-11-02 17:41:25.497,21,3,178
48.0,2011-11-02 17:46:35.707,21,0,174
187.0,2011-11-02 17:54:54.480,21,21,21
104.0,2011-11-02 17:57:57.193,21,0,175
26.0,2011-11-02 18:15:27.733,21,0,159
48.0,2011-11-02 18:34:50.017,21,0,174
133.0,2011-11-02 19:33:11.943,22,3,178
501.0,2011-11-02 20:33:01.960,22,0,70
501.0,2011-11-02 20:35:37.477,22,0,70
133.0,2011-11-02 20:36:18.417,22,3,178
501.0,2011-11-02 20:40:40.903,22,0,70
104.0,2011-11-02 20:44:25.440,22,0,175
242.0,2011-11-02 23:03:05.057,22,20,32
249.0,2011-11-03 00:07:23.310,22,22,37
242.0,2011-11-03 00:12:28.387,22,20,32
242.0,2011-11-03 00:16:35.620,22,20,32
104.0,2011-11-03 08:38:23.867,22,0,175
133.0,2011-11-03 13:22:04.057,22,3,178
242.0,2011-11-03 13:33:55.773,22,20,32
181.0,2011-11-03 14:52:07.167,22,14,56
501.0,2011-11-03 15:01:14.317,22,0,70
44.0,2011-11-03 15:57:02.710,22,0,35
44.0,2011-11-03 15:59:54.610,22,0,35
26.0,2011-11-03 16:24:42.090,22,0,159
133.0,2011-11-03 17:51:49.513,22,3,178
183.0,2011-11-03 17:55:21.980,22,22,22
254.0,2011-11-03 18:07:45.147,22,22,23
254.0,2011-11-03 18:30:27.177,22,22,23
26.0,2011-11-03 19:03:18.010,22,0,159
183.0,2011-11-03 19:03:18.010,22,22,22
255.0,2011-11-03 19:10:22.117,22,22,30
254.0,2011-11-03 19:27:16.587,22,22,23
104.0,2011-11-03 19:27:16.587,22,0,175
119.0,2011-11-03 21:06:07.793,23,2,149
501.0,2011-11-04 04:21:12.653,23,0,70
501.0,2011-11-04 04:27:20.713,23,0,70
501.0,2011-11-04 04:33:57.617,23,0,70
104.0,2011-11-04 10:43:54.467,23,0,175
262.0,2011-11-04 15:09:18.480,23,23,24
254.0,2011-11-04 18:04:01.797,23,22,23
501.0,2011-11-04 18:26:23.423,23,0,70
133.0,2011-11-04 18:37:02.450,23,3,178
104.0,2011-11-04 18:37:19.033,23,0,175
26.0,2011-11-04 19:36:13.493,24,0,159
262.0,2011-11-04 20:25:46.903,24,23,24
45.0,2011-11-04 21:36:24.390,24,0,141
26.0,2011-11-04 21:52:56.880,24,0,159
60.0,2011-11-05 03:08:50.690,24,24,24
60.0,2011-11-05 08:47:43.477,24,24,24
104.0,2011-11-05 08:47:43.477,24,0,175
104.0,2011-11-05 08:49:16.437,24,0,175
204.0,2011-11-05 17:39:25.247,24,24,59
334.0,2011-11-06 04:12:34.720,25,25,25
26.0,2011-11-06 04:53:25.043,25,0,159
335.0,2011-11-06 07:50:44.120,25,25,25
322.0,2011-11-06 09:37:27.797,25,25,25
115.0,2011-11-06 14:10:02.580,25,0,127
242.0,2011-11-06 18:42:23.920,25,20,32
257.0,2011-11-06 21:42:34.553,26,26,26
115.0,2011-11-06 21:42:34.553,26,0,127
257.0,2011-11-06 21:59:51.783,26,26,26
257.0,2011-11-06 22:23:54.057,26,26,26
71.0,2011-11-07 04:21:54.127,26,0,157
97.0,2011-11-07 12:23:51.090,26,6,100
133.0,2011-11-07 15:59:26.830,26,3,178
133.0,2011-11-07 16:04:35.903,26,3,178
133.0,2011-11-07 16:10:16.347,26,3,178
501.0,2011-11-07 16:27:08.023,26,0,70
501.0,2011-11-08 00:14:18.090,27,0,70
71.0,2011-11-08 03:01:12.690,27,0,157
48.0,2011-11-08 06:42:54.543,27,0,174
104.0,2011-11-08 07:06:40.323,27,0,175
354.0,2011-11-08 08:31:30.613,27,27,29
97.0,2011-11-08 09:29:31.277,27,6,100
104.0,2011-11-08 09:47:02.143,27,0,175
354.0,2011-11-08 09:56:32.473,27,27,29
133.0,2011-11-08 15:30:45.607,27,3,178
133.0,2011-11-08 15:36:04.227,27,3,178
26.0,2011-11-08 15:38:54.607,27,0,159
354.0,2011-11-08 15:45:48.263,27,27,29
26.0,2011-11-08 16:24:51.680,27,0,159
133.0,2011-11-08 17:06:50.247,27,3,178
48.0,2011-11-08 17:18:06.747,27,0,174
133.0,2011-11-08 17:33:27.373,27,3,178
133.0,2011-11-08 17:35:45.983,27,3,178
133.0,2011-11-08 17:49:22.173,27,3,178
133.0,2011-11-08 18:26:26.310,27,3,178
21.0,2011-11-08 21:27:21.387,28,2,84
48.0,2011-11-08 22:12:30.797,28,0,174
365.0,2011-11-08 22:56:50.667,28,28,29
26.0,2011-11-08 23:11:53.293,28,0,159
21.0,2011-11-08 23:38:00.893,28,2,84
204.0,2011-11-08 23:47:44.830,28,24,59
501.0,2011-11-08 23:47:44.830,28,0,70
367.0,2011-11-09 03:27:25.100,28,28,28
114.0,2011-11-09 10:09:20.613,28,0,118
133.0,2011-11-09 14:15:27.577,28,3,178
133.0,2011-11-09 14:19:02.207,28,3,178
48.0,2011-11-09 15:53:16.137,28,0,174
48.0,2011-11-09 20:10:52.247,29,0,174
365.0,2011-11-09 20:10:52.247,29,28,29
48.0,2011-11-09 20:16:23.223,29,0,174
249.0,2011-11-09 20:29:21.503,29,22,37
249.0,2011-11-09 20:34:10.390,29,22,37
133.0,2011-11-09 21:22:13.423,29,3,178
58.0,2011-11-09 22:55:20.840,29,29,29
58.0,2011-11-09 22:58:44.207,29,29,29
249.0,2011-11-10 03:15:17.503,29,22,37
71.0,2011-11-10 03:15:17.503,29,0,157
71.0,2011-11-10 04:16:37.770,29,0,157
71.0,2011-11-10 04:22:15.953,29,0,157
48.0,2011-11-10 05:55:33.880,29,0,174
48.0,2011-11-10 07:59:49.053,29,0,174
104.0,2011-11-10 08:00:55.243,29,0,175
81.0,2011-11-10 08:47:02.310,29,29,177
81.0,2011-11-10 08:52:31.320,29,29,177
48.0,2011-11-10 10:39:23.433,29,0,174
48.0,2011-11-10 10:51:56.460,29,0,174
81.0,2011-11-10 12:08:48.737,29,29,177
48.0,2011-11-10 12:36:48.873,29,0,174
81.0,2011-11-10 12:39:12.643,29,29,177
354.0,2011-11-10 12:57:08.050,29,27,29
21.0,2011-11-10 13:32:02.347,29,2,84
133.0,2011-11-10 14:48:37.303,29,3,178
133.0,2011-11-10 14:56:38.133,29,3,178
501.0,2011-11-10 15:05:04.397,29,0,70
48.0,2011-11-10 15:28:14.040,29,0,174
21.0,2011-11-10 16:33:52.757,29,2,84
26.0,2011-11-10 18:14:10.397,29,0,159
21.0,2011-11-10 19:03:58.780,29,2,84
249.0,2011-11-10 19:36:42.950,30,22,37
255.0,2011-11-10 20:08:21.270,30,22,30
48.0,2011-11-11 12:18:09.810,30,0,174
133.0,2011-11-11 14:34:17.820,30,3,178
48.0,2011-11-11 15:54:51.947,30,0,174
48.0,2011-11-11 15:56:19.563,30,0,174
133.0,2011-11-11 16:36:15.343,30,3,178
21.0,2011-11-11 16:46:51.500,30,2,84
21.0,2011-11-11 17:27:29.920,30,2,84
133.0,2011-11-11 17:36:51.867,30,3,178
381.0,2011-11-11 17:49:54.837,30,30,31
21.0,2011-11-11 17:50:43.027,30,2,84
104.0,2011-11-11 18:01:30.697,30,0,175
381.0,2011-11-12 03:03:00.867,31,30,31
68.0,2011-11-12 03:03:00.867,31,0,61
26.0,2011-11-12 05:57:54.313,31,0,159
381.0,2011-11-12 07:51:36.717,31,30,31
104.0,2011-11-12 09:24:10.593,31,0,175
68.0,2011-11-12 10:23:12.253,31,0,61
68.0,2011-11-12 10:23:20.553,31,0,61
68.0,2011-11-12 10:47:24.063,31,0,61
81.0,2011-11-12 11:57:47.787,31,29,177
381.0,2011-11-12 15:16:46.850,31,30,31
242.0,2011-11-12 20:48:27.753,32,20,32
152.0,2011-11-12 21:55:55.380,32,4,32
48.0,2011-11-12 22:15:32.247,32,0,174
133.0,2011-11-13 00:30:56.230,32,3,178
133.0,2011-11-13 00:38:41.977,32,3,178
133.0,2011-11-13 00:49:23.897,32,3,178
104.0,2011-11-13 10:59:03.820,32,0,175
104.0,2011-11-13 11:02:01.630,32,0,175
242.0,2011-11-13 11:02:01.630,32,20,32
48.0,2011-11-13 13:51:42.727,32,0,174
48.0,2011-11-13 13:54:30.307,32,0,174
14.0,2011-11-13 19:41:04.423,33,0,179
14.0,2011-11-13 20:21:38.117,33,0,179
133.0,2011-11-13 21:01:21.790,33,3,178
133.0,2011-11-13 21:03:16.467,33,3,178
104.0,2011-11-13 21:44:28.157,33,0,175
65.0,2011-11-14 01:45:35.627,33,0,33
26.0,2011-11-14 04:30:04.670,33,0,159
26.0,2011-11-14 04:34:02.103,33,0,159
95.0,2011-11-14 09:14:36.537,33,1,132
133.0,2011-11-14 14:36:47.913,33,3,178
104.0,2011-11-14 18:07:40.140,33,0,175
68.0,2011-11-14 22:08:38.390,34,0,61
160.0,2011-11-15 01:20:30.663,34,34,62
104.0,2011-11-15 13:49:52.430,34,0,175
44.0,2011-11-15 18:03:54.007,34,0,35
68.0,2011-11-15 18:59:44.127,34,0,61
68.0,2011-11-15 19:08:20.943,34,0,61
44.0,2011-11-15 19:08:20.943,34,0,35
71.0,2011-11-15 19:14:35.947,34,0,157
71.0,2011-11-15 19:15:44.480,34,0,157
68.0,2011-11-15 19:31:25.937,35,0,61
68.0,2011-11-15 19:39:53.593,35,0,61
68.0,2011-11-15 19:47:33.267,35,0,61
104.0,2011-11-15 20:19:06.257,35,0,175
119.0,2011-11-15 21:25:53.640,35,2,149
119.0,2011-11-15 21:43:36.437,35,2,149
44.0,2011-11-15 22:21:40.560,35,0,35
48.0,2011-11-15 22:23:16.413,35,0,174
249.0,2011-11-15 22:26:43.030,35,22,37
249.0,2011-11-15 22:29:36.800,35,22,37
68.0,2011-11-15 23:01:17.960,35,0,61
68.0,2011-11-15 23:04:04.617,35,0,61
44.0,2011-11-15 23:13:24.513,35,0,35
249.0,2011-11-15 23:15:44.210,35,22,37
249.0,2011-11-15 23:25:18.310,35,22,37
249.0,2011-11-15 23:36:16.667,35,22,37
26.0,2011-11-16 03:46:42.333,35,0,159
149.0,2011-11-16 14:25:33.680,35,3,35
26.0,2011-11-16 16:50:24.920,35,0,159
68.0,2011-11-16 20:17:12.243,36,0,61
111.0,2011-11-16 21:24:43.987,36,0,36
111.0,2011-11-17 10:33:27.143,36,0,36
104.0,2011-11-17 10:33:27.143,36,0,175
397.0,2011-11-17 14:36:39.540,36,36,179
68.0,2011-11-17 14:36:39.540,36,0,61
397.0,2011-11-17 14:58:35.110,36,36,179
68.0,2011-11-17 15:35:08.527,36,0,61
68.0,2011-11-17 20:17:33.720,37,0,61
71.0,2011-11-17 22:21:09.013,37,0,157
178.0,2011-11-17 22:21:09.013,37,14,99
114.0,2011-11-17 22:40:57.777,37,0,118
400.0,2011-11-17 23:23:44.337,37,37,124
114.0,2011-11-17 23:23:44.337,37,0,118
249.0,2011-11-18 04:44:48.213,37,22,37
249.0,2011-11-18 04:46:12.660,37,22,37
403.0,2011-11-18 08:47:16.087,37,37,120
403.0,2011-11-18 13:15:23.683,37,37,120
104.0,2011-11-18 13:15:23.683,37,0,175
403.0,2011-11-18 13:46:58.683,37,37,120
404.0,2011-11-18 13:49:58.140,37,37,38
403.0,2011-11-18 14:03:34.307,37,37,120
104.0,2011-11-18 14:12:32.783,37,0,175
104.0,2011-11-18 14:20:25.743,37,0,175
104.0,2011-11-18 14:34:58.373,37,0,175
403.0,2011-11-18 14:35:40.960,37,37,120
104.0,2011-11-18 14:35:40.960,37,0,175
178.0,2011-11-18 15:18:10.120,37,14,99
133.0,2011-11-18 15:20:44.530,37,3,178
403.0,2011-11-18 15:23:00.400,37,37,120
178.0,2011-11-18 15:23:24.963,37,14,99
404.0,2011-11-18 15:38:32.897,37,37,38
48.0,2011-11-18 15:38:56.390,37,0,174
404.0,2011-11-18 15:44:15.740,37,37,38
133.0,2011-11-18 15:46:08.520,37,3,178
133.0,2011-11-18 15:48:18.423,37,3,178
104.0,2011-11-18 15:48:40.363,37,0,175
104.0,2011-11-18 15:58:22.717,37,0,175
133.0,2011-11-18 16:14:08.167,37,3,178
133.0,2011-11-18 16:24:05.213,37,3,178
405.0,2011-11-18 16:26:28.627,37,37,154
104.0,2011-11-18 17:08:15.723,37,0,175
68.0,2011-11-18 17:33:10.377,37,0,61
406.0,2011-11-18 18:39:24.573,37,37,41
68.0,2011-11-18 20:08:14.867,38,0,61
178.0,2011-11-18 20:57:32.913,38,14,99
178.0,2011-11-18 21:06:17.030,38,14,99
178.0,2011-11-18 21:55:31.943,38,14,99
404.0,2011-11-19 01:49:28.320,38,37,38
501.0,2011-11-19 03:34:55.293,38,0,70
501.0,2011-11-19 03:43:54.060,38,0,70
406.0,2011-11-19 10:28:34.837,38,37,41
82.0,2011-11-19 10:28:34.837,38,0,66
410.0,2011-11-19 11:09:23.790,38,38,57
411.0,2011-11-19 11:35:43.130,38,38,38
31.0,2011-11-19 11:39:51.340,38,0,150
410.0,2011-11-19 13:09:49.313,38,38,57
104.0,2011-11-19 15:12:43.767,38,0,175
412.0,2011-11-19 15:29:47.557,38,38,38
178.0,2011-11-19 17:03:03.920,38,14,99
406.0,2011-11-19 17:12:40.267,38,37,41
31.0,2011-11-19 18:27:03.563,38,0,150
48.0,2011-11-19 21:06:04.837,39,0,174
403.0,2011-11-19 22:32:51.753,39,37,120
26.0,2011-11-19 23:28:41.620,39,0,159
416.0,2011-11-20 04:53:54.040,39,39,39
104.0,2011-11-20 09:51:15.267,39,0,175
410.0,2011-11-20 11:30:38.170,39,38,57
81.0,2011-11-20 11:48:01.973,39,29,177
26.0,2011-11-20 16:20:17.900,39,0,159
178.0,2011-11-20 17:40:16.687,39,14,99
21.0,2011-11-21 07:47:19.290,40,2,84
104.0,2011-11-21 08:34:13.317,40,0,175
133.0,2011-11-21 14:52:55.733,40,3,178
26.0,2011-11-21 17:19:31.297,40,0,159
21.0,2011-11-21 17:54:49.020,40,2,84
165.0,2011-11-21 18:08:10.430,40,40,154
165.0,2011-11-21 18:27:50.747,40,40,154
165.0,2011-11-21 19:17:30.973,40,40,154
224.0,2011-11-21 21:45:56.687,41,17,41
406.0,2011-11-22 02:23:35.233,41,37,41
406.0,2011-11-22 17:02:15.457,41,37,41
406.0,2011-11-22 17:02:53.553,41,37,41
421.0,2011-11-23 12:04:46.650,42,42,42
104.0,2011-11-23 12:17:44.787,42,0,175
421.0,2011-11-23 12:30:15.043,42,42,42
104.0,2011-11-23 12:30:15.043,42,0,175
421.0,2011-11-23 12:39:04.650,42,42,42
421.0,2011-11-23 12:39:20.300,42,42,42
104.0,2011-11-23 12:41:44.363,42,0,175
104.0,2011-11-23 14:51:00.750,42,0,175
422.0,2011-11-23 14:56:03.983,42,42,52
423.0,2011-11-23 15:38:11.663,42,42,42
133.0,2011-11-23 16:21:10.813,42,3,178
405.0,2011-11-23 17:15:25.860,42,37,154
104.0,2011-11-23 17:42:30.757,42,0,175
178.0,2011-11-23 19:07:54.267,42,14,99
48.0,2011-11-23 19:11:53.130,42,0,174
26.0,2011-11-23 19:34:17.530,43,0,159
104.0,2011-11-23 20:31:18.043,43,0,175
178.0,2011-11-23 22:43:11.363,43,14,99
28.0,2011-11-23 23:26:22.167,43,43,97
21.0,2011-11-24 14:02:33.020,43,2,84
501.0,2011-11-24 17:51:33.803,43,0,70
130.0,2011-11-25 00:14:34.760,44,44,67
501.0,2011-11-25 00:14:34.760,44,0,70
432.0,2011-11-25 11:36:01.877,44,44,179
432.0,2011-11-25 12:15:42.283,44,44,179
435.0,2011-11-25 17:37:13.040,44,44,44
435.0,2011-11-25 17:42:48.613,44,44,44
197.0,2011-11-26 08:19:15.323,45,45,178
104.0,2011-11-26 08:50:20.450,45,0,175
104.0,2011-11-26 08:54:00.787,45,0,175
104.0,2011-11-26 09:16:05.500,45,0,175
439.0,2011-11-27 00:13:14.410,46,46,46
30.0,2011-11-27 14:51:47.903,46,0,157
30.0,2011-11-27 15:47:15.170,46,0,157
81.0,2011-11-27 15:47:15.170,46,29,177
114.0,2011-11-27 20:56:27.943,47,0,118
114.0,2011-11-27 21:16:31.373,47,0,118
441.0,2011-11-28 03:33:14.580,47,47,53
410.0,2011-11-28 09:12:41.973,47,38,57
410.0,2011-11-28 09:22:07.020,47,38,57
197.0,2011-11-28 09:47:16.497,47,45,178
104.0,2011-11-28 11:13:58.500,47,0,175
178.0,2011-11-28 13:38:59.677,47,14,99
104.0,2011-11-28 15:01:48.440,47,0,175
28.0,2011-11-28 16:34:11.497,47,43,97
215.0,2011-11-28 16:51:45.077,47,16,47
104.0,2011-11-28 17:27:52.477,47,0,175
26.0,2011-11-28 18:29:46.277,47,0,159
410.0,2011-11-28 20:46:57.900,48,38,57
410.0,2011-11-28 21:02:17.893,48,38,57
133.0,2011-11-28 22:03:48.110,48,3,178
133.0,2011-11-28 22:06:25.863,48,3,178
48.0,2011-11-28 22:16:28.567,48,0,174
133.0,2011-11-28 22:17:03.350,48,3,178
501.0,2011-11-28 22:29:13.147,48,0,70
501.0,2011-11-28 22:31:40.180,48,0,70
501.0,2011-11-28 22:33:50.270,48,0,70
501.0,2011-11-28 22:36:30.313,48,0,70
48.0,2011-11-28 22:37:15.007,48,0,174
48.0,2011-11-28 22:38:01.730,48,0,174
444.0,2011-11-29 05:01:04.003,48,48,48
48.0,2011-11-29 08:02:53.673,48,0,174
48.0,2011-11-29 08:22:06.647,48,0,174
48.0,2011-11-29 08:24:47.827,48,0,174
447.0,2011-11-29 14:51:14.840,48,48,48
178.0,2011-11-29 15:55:36.430,48,14,99
501.0,2011-11-29 15:56:41.083,48,0,70
178.0,2011-11-29 15:59:38.340,48,14,99
133.0,2011-11-29 17:04:10.240,48,3,178
26.0,2011-11-29 17:47:51.667,48,0,159
446.0,2011-11-29 18:33:11.323,48,48,119
48.0,2011-11-29 18:40:04.827,48,0,174
133.0,2011-11-29 18:55:06.473,48,3,178
133.0,2011-11-29 20:40:28.780,49,3,178
114.0,2011-11-29 23:31:49.620,49,0,118
114.0,2011-11-29 23:31:49.620,49,0,118
114.0,2011-11-30 01:35:58.450,49,0,118
432.0,2011-11-30 04:28:08.053,49,44,179
432.0,2011-11-30 04:36:26.383,49,44,179
432.0,2011-11-30 04:42:27.853,49,44,179
432.0,2011-11-30 04:46:04.740,49,44,179
432.0,2011-11-30 04:46:39.140,49,44,179
432.0,2011-11-30 04:47:07.453,49,44,179
1.0,2011-11-30 04:50:37.273,49,0,172
26.0,2011-11-30 05:10:36.243,49,0,159
26.0,2011-11-30 05:12:17.943,49,0,159
26.0,2011-11-30 05:18:15.523,49,0,159
26.0,2011-11-30 05:21:37.657,49,0,159
432.0,2011-11-30 05:58:15.207,49,44,179
432.0,2011-11-30 05:59:20.790,49,44,179
68.0,2011-11-30 06:34:41.690,49,0,61
432.0,2011-11-30 06:34:41.690,49,44,179
68.0,2011-11-30 06:52:30.847,49,0,61
97.0,2011-11-30 09:39:49.460,49,6,100
48.0,2011-11-30 09:52:58.950,49,0,174
247.0,2011-11-30 11:06:02.173,49,21,49
55.0,2011-11-30 14:24:32.173,49,0,49
133.0,2011-11-30 14:31:44.963,49,3,178
133.0,2011-11-30 14:40:18.190,49,3,178
48.0,2011-11-30 14:47:13.223,49,0,174
48.0,2011-11-30 15:06:16.353,49,0,174
133.0,2011-11-30 15:13:16.310,49,3,178
432.0,2011-11-30 15:13:16.310,49,44,179
133.0,2011-11-30 15:15:58.193,49,3,178
178.0,2011-11-30 15:23:40.767,49,14,99
26.0,2011-11-30 18:10:52.440,49,0,159
97.0,2011-11-30 18:21:33.560,49,6,100
97.0,2011-11-30 18:22:58.517,49,6,100
26.0,2011-11-30 19:18:12.330,49,0,159
68.0,2011-11-30 19:21:01.673,49,0,61
68.0,2011-11-30 19:36:21.977,50,0,61
68.0,2011-11-30 19:46:24.033,50,0,61
133.0,2011-11-30 19:54:39.600,50,3,178
133.0,2011-11-30 20:41:33.280,50,3,178
68.0,2011-11-30 20:50:23.813,50,0,61
97.0,2011-12-01 03:38:00.143,50,6,100
501.0,2011-12-01 14:05:09.223,50,0,70
501.0,2011-12-01 14:23:56.963,50,0,70
432.0,2011-12-01 14:23:56.963,50,44,179
133.0,2011-12-01 14:29:40.453,50,3,178
133.0,2011-12-01 14:39:03.367,50,3,178
397.0,2011-12-01 19:53:30.280,51,36,179
397.0,2011-12-01 20:26:57.497,51,36,179
391.0,2011-12-01 20:27:24.030,51,51,51
397.0,2011-12-01 20:45:46.073,51,36,179
130.0,2011-12-01 22:43:20.963,51,44,67
432.0,2011-12-02 04:25:39.543,51,44,179
432.0,2011-12-02 04:31:40.173,51,44,179
114.0,2011-12-02 13:57:59.540,51,0,118
457.0,2011-12-02 18:10:39.180,51,51,52
48.0,2011-12-02 19:46:19.953,52,0,174
133.0,2011-12-02 20:00:38.370,52,3,178
68.0,2011-12-02 23:09:40.017,52,0,61
422.0,2011-12-03 04:15:52.737,52,42,52
165.0,2011-12-03 04:15:52.737,52,40,154
82.0,2011-12-03 07:42:58.460,52,0,66
114.0,2011-12-03 12:34:35.910,52,0,118
28.0,2011-12-03 13:29:36.023,52,43,97
441.0,2011-12-03 14:51:54.000,52,47,53
165.0,2011-12-03 15:58:57.520,52,40,154
8.0,2011-12-03 15:58:57.520,52,0,52
501.0,2011-12-03 17:56:49.040,52,0,70
457.0,2011-12-03 19:09:31.287,52,51,52
104.0,2011-12-03 20:42:47.637,53,0,175
441.0,2011-12-03 20:42:47.637,53,47,53
459.0,2011-12-03 21:10:47.553,53,53,53
197.0,2011-12-04 07:55:19.990,53,45,178
14.0,2011-12-04 17:51:26.230,53,0,179
104.0,2011-12-04 19:33:14.250,54,0,175
68.0,2011-12-04 19:47:01.180,54,0,61
432.0,2011-12-05 08:25:21.160,54,44,179
329.0,2011-12-05 08:41:33.220,54,54,91
104.0,2011-12-05 09:02:57.980,54,0,175
410.0,2011-12-05 10:10:10.360,54,38,57
104.0,2011-12-05 13:19:23.483,54,0,175
329.0,2011-12-05 13:19:23.483,54,54,91
425.0,2011-12-05 14:40:18.407,54,54,55
26.0,2011-12-05 15:36:53.327,54,0,159
462.0,2011-12-05 22:58:08.407,55,55,124
462.0,2011-12-05 23:15:08.857,55,55,124
425.0,2011-12-05 23:18:44.453,55,54,55
462.0,2011-12-05 23:21:58.327,55,55,124
462.0,2011-12-05 23:27:03.560,55,55,124
425.0,2011-12-05 23:36:11.713,55,54,55
28.0,2011-12-06 02:27:00.337,55,43,97
425.0,2011-12-06 02:37:09.943,55,54,55
464.0,2011-12-06 07:43:20.660,55,55,55
68.0,2011-12-06 08:47:45.970,55,0,61
410.0,2011-12-06 09:07:52.210,55,38,57
410.0,2011-12-06 09:10:23.033,55,38,57
104.0,2011-12-06 11:07:30.720,55,0,175
178.0,2011-12-06 14:08:51.817,55,14,99
165.0,2011-12-06 14:24:08.240,55,40,154
133.0,2011-12-06 18:31:25.027,55,3,178
178.0,2011-12-06 18:32:21.717,55,14,99
181.0,2011-12-06 20:39:49.613,56,14,56
329.0,2011-12-06 22:31:39.153,56,54,91
410.0,2011-12-06 23:17:34.563,56,38,57
397.0,2011-12-06 23:39:45.227,56,36,179
68.0,2011-12-07 04:13:02.057,56,0,61
204.0,2011-12-07 07:13:46.597,56,24,59
467.0,2011-12-07 09:03:56.030,56,56,56
204.0,2011-12-07 09:09:23.493,56,24,59
68.0,2011-12-07 09:35:56.833,56,0,61
181.0,2011-12-07 11:15:26.380,56,14,56
397.0,2011-12-07 11:15:26.380,56,36,179
104.0,2011-12-07 12:29:32.833,56,0,175
68.0,2011-12-07 18:02:28.650,56,0,61
68.0,2011-12-07 18:21:18.347,56,0,61
68.0,2011-12-07 18:37:41.153,56,0,61
410.0,2011-12-08 00:44:12.823,57,38,57
470.0,2011-12-08 16:11:56.683,57,57,58
133.0,2011-12-08 16:48:17.687,57,3,178
366.0,2011-12-08 17:41:20.620,57,57,57
165.0,2011-12-08 18:28:02.600,57,40,154
470.0,2011-12-08 20:27:49.900,58,57,58
405.0,2011-12-08 20:27:49.900,58,37,154
114.0,2011-12-08 22:47:52.360,58,0,118
178.0,2011-12-09 00:15:27.733,58,14,99
114.0,2011-12-09 00:46:18.810,58,0,118
26.0,2011-12-09 00:53:03.693,58,0,159
178.0,2011-12-09 01:03:54.657,58,14,99
178.0,2011-12-09 01:05:01.037,58,14,99
104.0,2011-12-09 06:52:27.183,58,0,175
114.0,2011-12-09 08:09:29.013,58,0,118
104.0,2011-12-09 08:09:29.013,58,0,175
473.0,2011-12-09 14:37:41.070,58,58,142
178.0,2011-12-09 18:20:46.697,58,14,99
114.0,2011-12-10 01:04:28.350,59,0,118
475.0,2011-12-10 01:04:28.457,59,59,64
204.0,2011-12-10 15:05:09.890,59,24,59
204.0,2011-12-10 15:07:40.450,59,24,59
479.0,2011-12-11 17:50:52.077,60,60,60
48.0,2011-12-11 23:45:14.410,61,0,174
68.0,2011-12-12 07:31:04.807,61,0,61
133.0,2011-12-12 15:04:06.457,61,3,178
130.0,2011-12-12 21:24:58.750,62,44,67
26.0,2011-12-12 22:19:12.623,62,0,159
485.0,2011-12-12 22:25:26.253,62,62,67
485.0,2011-12-12 23:23:51.047,62,62,67
26.0,2011-12-12 23:23:51.047,62,0,159
485.0,2011-12-13 01:06:51.497,62,62,67
26.0,2011-12-13 01:41:25.127,62,0,159
104.0,2011-12-13 06:04:27.670,62,0,175
160.0,2011-12-13 14:45:05.200,62,34,62
104.0,2011-12-13 15:48:13.437,62,0,175
488.0,2011-12-14 20:19:58.010,64,64,64
489.0,2011-12-14 23:43:23.120,64,64,94
489.0,2011-12-14 23:54:08.950,64,64,94
475.0,2011-12-15 02:25:11.043,64,59,64
465.0,2011-12-15 03:04:15.893,64,64,65
26.0,2011-12-15 03:42:23.803,64,0,159
489.0,2011-12-15 06:27:01.443,64,64,94
104.0,2011-12-15 06:54:43.417,64,0,175
465.0,2011-12-15 09:02:12.743,64,64,65
104.0,2011-12-15 09:02:12.743,64,0,175
104.0,2011-12-15 09:11:18.930,64,0,175
14.0,2011-12-15 11:31:36.487,64,0,179
14.0,2011-12-15 11:32:36.140,64,0,179
97.0,2011-12-15 11:38:38.953,64,6,100
104.0,2011-12-15 11:49:53.187,64,0,175
14.0,2011-12-15 11:50:56.740,64,0,179
104.0,2011-12-15 11:53:44.787,64,0,175
475.0,2011-12-15 13:21:40.720,64,59,64
114.0,2011-12-15 13:33:02.260,64,0,118
488.0,2011-12-15 13:33:02.260,64,64,64
488.0,2011-12-15 14:47:07.443,64,64,64
488.0,2011-12-15 14:51:17.560,64,64,64
465.0,2011-12-15 16:06:00.590,64,64,65
26.0,2011-12-15 16:07:26.883,64,0,159
465.0,2011-12-15 17:04:54.490,64,64,65
465.0,2011-12-15 17:05:51.413,64,64,65
405.0,2011-12-15 23:48:40.840,65,37,154
30.0,2011-12-16 00:35:47.997,65,0,157
492.0,2011-12-16 05:21:49.847,65,65,65
104.0,2011-12-16 06:32:48.403,65,0,175
21.0,2011-12-16 11:32:48.367,65,2,84
494.0,2011-12-16 12:26:10.113,65,65,66
104.0,2011-12-16 12:53:12.037,65,0,175
465.0,2011-12-16 12:53:12.037,65,64,65
501.0,2011-12-16 16:25:49.633,65,0,70
405.0,2011-12-16 17:00:45.650,65,37,154
405.0,2011-12-16 17:13:09.173,65,37,154
165.0,2011-12-16 18:31:56.007,65,40,154
405.0,2011-12-16 18:58:52.017,65,37,154
82.0,2011-12-16 19:34:05.410,66,0,66
104.0,2011-12-17 08:30:57.597,66,0,175
494.0,2011-12-17 13:05:49.337,66,65,66
485.0,2011-12-17 17:10:22.063,66,62,67
165.0,2011-12-17 17:15:46.577,66,40,154
104.0,2011-12-17 18:06:44.880,66,0,175
485.0,2011-12-17 18:10:04.090,66,62,67
48.0,2011-12-17 18:10:04.090,66,0,174
26.0,2011-12-17 18:22:10.703,66,0,159
485.0,2011-12-17 20:08:21.573,67,62,67
26.0,2011-12-17 20:35:18.783,67,0,159
498.0,2011-12-17 22:14:40.280,67,67,69
130.0,2011-12-18 03:44:44.143,67,44,67
489.0,2011-12-18 09:15:59.853,67,64,94
489.0,2011-12-18 09:20:43.543,67,64,94
1.0,2011-12-18 20:46:22.850,68,0,172
489.0,2011-12-19 02:20:05.240,68,64,94
104.0,2011-12-19 08:52:02.397,68,0,175
489.0,2011-12-20 03:06:52.573,69,64,94
506.0,2011-12-20 12:13:34.820,69,69,69
104.0,2011-12-20 12:22:19.777,69,0,175
498.0,2011-12-20 13:22:02.150,69,67,69
432.0,2011-12-20 18:48:39.093,69,44,179
26.0,2011-12-20 20:21:21.507,70,0,159
432.0,2011-12-20 21:48:05.090,70,44,179
178.0,2011-12-20 21:48:05.090,70,14,99
501.0,2011-12-21 00:31:36.397,70,0,70
432.0,2011-12-21 12:12:17.557,70,44,179
178.0,2011-12-21 14:15:03.723,70,14,99
26.0,2011-12-21 15:34:13.603,70,0,159
178.0,2011-12-21 15:35:36.320,70,14,99
26.0,2011-12-21 15:48:05.260,70,0,159
489.0,2011-12-21 17:33:43.850,70,64,94
432.0,2011-12-22 04:14:01.193,71,44,179
397.0,2011-12-22 10:56:55.270,71,36,179
397.0,2011-12-22 11:00:35.007,71,36,179
397.0,2011-12-22 14:46:15.557,71,36,179
178.0,2011-12-22 21:34:05.420,72,14,99
489.0,2011-12-23 13:50:41.340,72,64,94
11.0,2011-12-23 18:15:47.807,72,0,147
522.0,2011-12-23 18:48:32.353,72,72,72
432.0,2011-12-24 09:10:59.407,73,44,179
432.0,2011-12-24 09:12:04.647,73,44,179
21.0,2011-12-24 17:41:44.563,73,2,84
71.0,2011-12-24 20:27:12.390,74,0,157
71.0,2011-12-24 20:34:55.730,74,0,157
21.0,2011-12-24 23:59:48.767,74,2,84
104.0,2011-12-25 09:05:21.817,74,0,175
432.0,2011-12-25 11:58:05.670,74,44,179
524.0,2011-12-25 17:09:55.160,74,74,169
342.0,2011-12-25 19:11:53.137,74,74,111
21.0,2011-12-26 10:49:21.497,75,2,84
397.0,2011-12-26 14:03:36.930,75,36,179
26.0,2011-12-26 15:21:30.013,75,0,159
342.0,2011-12-26 19:06:24.540,75,74,111
97.0,2011-12-26 19:06:24.540,75,6,100
529.0,2011-12-27 00:39:12.610,76,76,86
21.0,2011-12-27 07:49:52.553,76,2,84
529.0,2011-12-27 16:42:49.977,76,76,86
530.0,2011-12-27 17:15:42.403,76,76,76
133.0,2011-12-28 17:53:28.980,77,3,178
524.0,2011-12-29 06:52:07.683,78,74,169
26.0,2011-12-29 06:52:07.683,78,0,159
26.0,2011-12-29 07:01:32.757,78,0,159
133.0,2011-12-29 16:17:17.187,78,3,178
449.0,2011-12-30 19:20:06.953,79,79,118
538.0,2011-12-30 22:50:40.797,80,80,80
104.0,2011-12-30 22:54:48.263,80,0,175
449.0,2011-12-30 23:20:05.953,80,79,118
26.0,2011-12-31 04:32:45.943,80,0,159
104.0,2011-12-31 09:20:14.480,80,0,175
104.0,2011-12-31 09:38:32.573,80,0,175
104.0,2011-12-31 09:45:48.620,80,0,175
542.0,2012-01-01 01:50:07.823,81,81,81
48.0,2012-01-02 15:16:57.017,82,0,174
48.0,2012-01-02 15:30:19.913,82,0,174
548.0,2012-01-02 17:25:29.450,82,82,83
104.0,2012-01-02 19:00:23.013,82,0,175
548.0,2012-01-03 10:50:13.677,83,82,83
552.0,2012-01-03 14:53:27.953,83,83,83
133.0,2012-01-03 19:27:16.343,83,3,178
133.0,2012-01-03 19:44:09.053,84,3,178
104.0,2012-01-03 20:06:04.310,84,0,175
89.0,2012-01-03 20:51:17.957,84,0,84
89.0,2012-01-03 21:01:45.583,84,0,84
89.0,2012-01-03 21:12:26.673,84,0,84
89.0,2012-01-03 21:18:18.550,84,0,84
21.0,2012-01-03 21:18:18.550,84,2,84
89.0,2012-01-03 21:29:26.677,84,0,84
505.0,2012-01-04 07:15:14.700,84,84,98
48.0,2012-01-04 09:23:38.260,84,0,174
178.0,2012-01-04 15:51:15.970,84,14,99
449.0,2012-01-04 15:51:15.970,84,79,118
178.0,2012-01-04 16:36:16.737,84,14,99
28.0,2012-01-05 18:24:24.043,85,43,97
28.0,2012-01-05 18:34:54.447,85,43,97
529.0,2012-01-05 21:13:53.297,86,76,86
93.0,2012-01-06 17:12:33.220,86,86,86
562.0,2012-01-06 17:27:02.687,86,86,86
104.0,2012-01-07 06:08:27.613,87,0,175
197.0,2012-01-07 07:04:17.017,87,45,178
104.0,2012-01-07 07:08:42.493,87,0,175
566.0,2012-01-07 18:10:44.607,87,87,87
567.0,2012-01-07 21:36:26.183,88,88,115
50.0,2012-01-08 13:15:37.780,88,0,168
28.0,2012-01-08 19:15:14.693,88,43,97
569.0,2012-01-09 09:13:11.840,89,89,91
133.0,2012-01-09 19:16:43.877,89,3,178
571.0,2012-01-10 04:52:21.300,90,90,90
329.0,2012-01-10 08:39:56.980,90,54,91
329.0,2012-01-10 09:26:13.740,90,54,91
31.0,2012-01-10 09:26:13.740,90,0,150
329.0,2012-01-10 09:47:32.877,90,54,91
473.0,2012-01-10 12:24:16.617,90,58,142
104.0,2012-01-10 12:54:50.593,90,0,175
26.0,2012-01-10 13:47:44.977,90,0,159
569.0,2012-01-11 05:13:18.460,91,89,91
329.0,2012-01-11 08:18:55.287,91,54,91
104.0,2012-01-11 09:14:44.233,91,0,175
573.0,2012-01-11 10:18:41.723,91,91,92
104.0,2012-01-11 11:28:02.697,91,0,175
557.0,2012-01-11 13:28:50.987,91,91,101
133.0,2012-01-11 14:00:15.100,91,3,178
26.0,2012-01-11 14:00:52.797,91,0,159
48.0,2012-01-11 15:34:59.857,91,0,174
50.0,2012-01-11 17:09:38.110,91,0,168
133.0,2012-01-11 17:26:01.300,91,3,178
165.0,2012-01-11 18:16:08.630,91,40,154
573.0,2012-01-11 20:41:49.093,92,91,92
489.0,2012-01-11 20:41:49.093,92,64,94
489.0,2012-01-11 20:48:01.813,92,64,94
489.0,2012-01-11 20:49:59.910,92,64,94
577.0,2012-01-12 03:35:34.413,92,92,92
104.0,2012-01-12 09:41:46.227,92,0,175
104.0,2012-01-12 10:44:31.553,92,0,175
133.0,2012-01-12 14:38:00.170,92,3,178
48.0,2012-01-12 15:22:15.183,92,0,174
489.0,2012-01-13 10:51:54.013,93,64,94
104.0,2012-01-13 11:58:41.777,93,0,175
133.0,2012-01-13 14:55:58.077,93,3,178
133.0,2012-01-13 17:56:17.477,93,3,178
557.0,2012-01-14 04:45:01.297,94,91,101
48.0,2012-01-14 09:57:12.850,94,0,174
489.0,2012-01-14 16:07:08.043,94,64,94
582.0,2012-01-14 17:31:32.537,94,94,94
114.0,2012-01-15 10:47:42.563,95,0,118
346.0,2012-01-16 00:46:49.547,96,96,119
28.0,2012-01-16 06:09:49.247,96,43,97
564.0,2012-01-16 06:09:49.247,96,96,96
564.0,2012-01-16 06:21:54.173,96,96,96
588.0,2012-01-16 10:39:27.377,96,96,135
104.0,2012-01-16 15:19:34.150,96,0,175
47.0,2012-01-16 16:19:45.007,96,0,136
104.0,2012-01-16 16:38:07.547,96,0,175
590.0,2012-01-16 19:11:10.033,96,96,96
28.0,2012-01-17 09:52:17.753,97,43,97
133.0,2012-01-17 20:09:00.450,98,3,178
133.0,2012-01-17 20:11:10.507,98,3,178
594.0,2012-01-17 23:14:31.767,98,98,98
505.0,2012-01-18 08:32:52.353,98,84,98
505.0,2012-01-18 10:08:33.313,98,84,98
104.0,2012-01-18 11:16:52.257,98,0,175
47.0,2012-01-18 12:01:03.833,98,0,136
31.0,2012-01-18 12:19:50.303,98,0,150
47.0,2012-01-18 12:47:31.277,98,0,136
133.0,2012-01-18 13:38:33.487,98,3,178
133.0,2012-01-18 14:05:15.800,98,3,178
114.0,2012-01-18 16:46:00.077,98,0,118
486.0,2012-01-18 17:51:17.273,98,98,153
104.0,2012-01-18 18:19:17.300,98,0,175
47.0,2012-01-18 18:19:17.300,98,0,136
346.0,2012-01-18 18:28:02.913,98,96,119
104.0,2012-01-18 18:28:35.330,98,0,175
114.0,2012-01-18 18:38:07.183,98,0,118
505.0,2012-01-18 18:43:36.707,98,84,98
133.0,2012-01-18 19:03:25.880,98,3,178
114.0,2012-01-18 19:40:59.607,99,0,118
133.0,2012-01-18 19:47:31.297,99,3,178
114.0,2012-01-18 19:58:59.533,99,0,118
133.0,2012-01-18 20:17:57.287,99,3,178
133.0,2012-01-18 20:19:08.080,99,3,178
114.0,2012-01-18 20:27:14.447,99,0,118
599.0,2012-01-18 21:47:35.813,99,99,141
133.0,2012-01-18 21:49:54.500,99,3,178
414.0,2012-01-19 10:14:46.933,99,99,144
47.0,2012-01-19 10:59:00.240,99,0,136
31.0,2012-01-19 11:43:56.973,99,0,150
47.0,2012-01-19 11:43:56.973,99,0,136
97.0,2012-01-19 12:39:26.883,99,6,100
570.0,2012-01-19 12:55:53.670,99,99,101
414.0,2012-01-19 15:31:50.890,99,99,144
178.0,2012-01-19 15:31:50.890,99,14,99
178.0,2012-01-19 15:32:56.787,99,14,99
414.0,2012-01-19 19:21:32.520,99,99,144
486.0,2012-01-19 22:27:43.050,100,98,153
603.0,2012-01-20 05:01:10.367,100,100,100
603.0,2012-01-20 05:13:35.917,100,100,100
97.0,2012-01-20 08:01:38.600,100,6,100
133.0,2012-01-20 14:47:56.863,100,3,178
133.0,2012-01-20 14:59:19.247,100,3,178
47.0,2012-01-20 14:59:19.247,100,0,136
133.0,2012-01-20 15:01:45.453,100,3,178
133.0,2012-01-20 15:07:42.667,100,3,178
504.0,2012-01-20 15:48:49.200,100,100,100
26.0,2012-01-20 16:23:31.627,100,0,159
570.0,2012-01-21 01:11:17.863,101,99,101
557.0,2012-01-21 06:35:49.247,101,91,101
400.0,2012-01-21 12:25:15.870,101,37,124
400.0,2012-01-21 12:54:01.737,101,37,124
197.0,2012-01-22 06:47:09.813,102,45,178
612.0,2012-01-22 18:51:49.273,102,102,141
616.0,2012-01-23 21:41:59.307,104,104,104
616.0,2012-01-23 21:45:49.893,104,104,104
103.0,2012-01-23 21:53:30.267,104,1,104
616.0,2012-01-23 22:05:18.507,104,104,104
618.0,2012-01-24 00:54:02.777,104,104,104
104.0,2012-01-24 07:25:02.503,104,0,175
618.0,2012-01-24 07:52:09.380,104,104,104
104.0,2012-01-24 07:52:09.380,104,0,175
104.0,2012-01-24 08:14:10.003,104,0,175
618.0,2012-01-24 09:20:20.440,104,104,104
618.0,2012-01-24 09:20:33.467,104,104,104
108.0,2012-01-24 09:48:07.333,104,104,171
133.0,2012-01-26 22:14:14.417,107,3,178
626.0,2012-01-27 03:08:38.920,107,107,107
630.0,2012-01-28 14:16:15.667,108,108,129
632.0,2012-01-29 11:22:22.933,109,109,149
632.0,2012-01-29 11:33:51.980,109,109,149
633.0,2012-01-29 14:29:36.343,109,109,109
632.0,2012-01-29 16:21:08.047,109,109,149
104.0,2012-01-29 19:59:05.990,110,0,175
632.0,2012-01-29 20:09:59.383,110,109,149
632.0,2012-01-29 20:46:51.070,110,109,149
637.0,2012-01-29 22:20:11.777,110,110,110
48.0,2012-01-30 09:24:16.440,110,0,174
632.0,2012-01-30 09:55:42.967,110,109,149
632.0,2012-01-30 11:42:27.087,110,109,149
48.0,2012-01-30 12:21:19.253,110,0,174
632.0,2012-01-30 12:29:44.063,110,109,149
133.0,2012-01-30 13:38:04.587,110,3,178
133.0,2012-01-30 13:48:15.057,110,3,178
11.0,2012-01-30 17:07:07.233,110,0,147
133.0,2012-01-30 18:52:04.767,110,3,178
133.0,2012-01-30 19:09:18.360,110,3,178
133.0,2012-01-30 19:58:04.107,111,3,178
342.0,2012-01-31 01:27:05.907,111,74,111
640.0,2012-01-31 02:43:44.850,111,111,174
630.0,2012-01-31 06:51:08.533,111,108,129
114.0,2012-01-31 14:37:36.343,111,0,118
342.0,2012-01-31 15:13:16.140,111,74,111
26.0,2012-01-31 15:13:16.140,111,0,159
642.0,2012-01-31 16:56:11.987,111,111,142
114.0,2012-01-31 20:58:36.410,112,0,118
114.0,2012-01-31 22:38:48.163,112,0,118
632.0,2012-01-31 22:38:48.163,112,109,149
114.0,2012-01-31 22:42:22.447,112,0,118
643.0,2012-01-31 22:49:57.503,112,112,112
642.0,2012-02-01 01:52:48.240,112,111,142
165.0,2012-02-01 02:43:17.497,112,40,154
26.0,2012-02-01 04:00:59.550,112,0,159
632.0,2012-02-01 10:14:13.310,112,109,149
632.0,2012-02-01 10:25:23.273,112,109,149
104.0,2012-02-01 12:28:23.527,112,0,175
630.0,2012-02-01 14:29:08.063,112,108,129
104.0,2012-02-01 15:49:27.710,112,0,175
114.0,2012-02-01 16:36:42.093,112,0,118
104.0,2012-02-01 17:14:17.360,112,0,175
81.0,2012-02-03 09:33:16.643,114,29,177
81.0,2012-02-03 09:49:52.503,114,29,177
81.0,2012-02-03 09:51:08.273,114,29,177
649.0,2012-02-03 10:01:52.430,114,114,114
114.0,2012-02-03 10:33:34.250,114,0,118
200.0,2012-02-03 13:46:14.060,114,114,114
650.0,2012-02-03 13:58:09.717,114,114,117
632.0,2012-02-03 15:50:47.030,114,109,149
650.0,2012-02-03 15:59:59.343,114,114,117
632.0,2012-02-03 16:14:11.463,114,109,149
632.0,2012-02-03 17:15:15.413,114,109,149
165.0,2012-02-03 18:42:33.830,114,40,154
632.0,2012-02-03 20:21:59.797,115,109,149
632.0,2012-02-03 20:28:38.680,115,109,149
567.0,2012-02-03 21:15:46.797,115,88,115
632.0,2012-02-03 21:40:20.307,115,109,149
145.0,2012-02-03 22:01:50.110,115,115,144
567.0,2012-02-03 23:19:39.220,115,88,115
567.0,2012-02-03 23:32:56.723,115,88,115
11.0,2012-02-04 01:09:43.840,115,0,147
650.0,2012-02-04 01:09:43.840,115,114,117
346.0,2012-02-04 01:19:19.757,115,96,119
567.0,2012-02-04 01:19:19.757,115,88,115
567.0,2012-02-04 01:25:08.503,115,88,115
567.0,2012-02-04 01:37:01.373,115,88,115
197.0,2012-02-04 04:44:03.107,115,45,178
11.0,2012-02-04 07:16:04.463,115,0,147
567.0,2012-02-04 10:10:03.453,115,88,115
632.0,2012-02-04 12:38:03.520,115,109,149
630.0,2012-02-04 14:15:57.960,115,108,129
650.0,2012-02-04 16:31:44.320,115,114,117
11.0,2012-02-04 23:03:19.730,116,0,147
640.0,2012-02-05 22:38:15.837,117,111,174
650.0,2012-02-05 22:47:28.183,117,114,117
11.0,2012-02-06 01:52:43.090,117,0,147
446.0,2012-02-06 07:10:21.773,117,48,119
104.0,2012-02-06 07:25:57.450,117,0,175
632.0,2012-02-06 08:13:24.410,117,109,149
446.0,2012-02-06 08:13:24.410,117,48,119
632.0,2012-02-06 13:50:18.343,117,109,149
81.0,2012-02-06 14:42:13.933,117,29,177
640.0,2012-02-06 18:15:16.633,117,111,174
449.0,2012-02-07 01:16:30.423,118,79,118
640.0,2012-02-07 01:54:39.060,118,111,174
114.0,2012-02-07 12:22:43.703,118,0,118
630.0,2012-02-07 15:56:23.373,118,108,129
133.0,2012-02-07 17:34:09.687,118,3,178
630.0,2012-02-07 18:20:34.543,118,108,129
583.0,2012-02-07 22:08:19.043,119,119,119
666.0,2012-02-08 04:04:20.420,119,119,120
346.0,2012-02-08 08:21:05.713,119,96,119
667.0,2012-02-08 08:32:49.333,119,119,119
81.0,2012-02-08 09:42:42.113,119,29,177
446.0,2012-02-08 12:27:25.503,119,48,119
26.0,2012-02-08 18:46:24.153,119,0,159
666.0,2012-02-08 18:46:24.153,119,119,120
672.0,2012-02-09 03:05:16.337,120,120,124
666.0,2012-02-09 04:06:16.530,120,119,120
403.0,2012-02-09 08:31:32.720,120,37,120
81.0,2012-02-09 11:49:34.483,120,29,177
400.0,2012-02-09 12:34:39.140,120,37,124
403.0,2012-02-09 12:34:39.140,120,37,120
473.0,2012-02-09 12:45:30.300,120,58,142
403.0,2012-02-09 14:35:55.867,120,37,120
612.0,2012-02-09 19:28:17.750,120,102,141
473.0,2012-02-10 10:15:22.687,121,58,142
308.0,2012-02-10 15:30:02.760,121,121,121
11.0,2012-02-11 02:02:49.017,122,0,147
26.0,2012-02-11 03:30:10.077,122,0,159
669.0,2012-02-11 05:48:12.420,122,122,178
612.0,2012-02-11 19:02:04.997,122,102,141
26.0,2012-02-12 00:45:47.540,123,0,159
681.0,2012-02-12 12:51:01.403,123,123,123
219.0,2012-02-12 18:48:49.093,123,16,173
219.0,2012-02-12 23:27:08.850,124,16,173
462.0,2012-02-13 00:01:37.737,124,55,124
644.0,2012-02-13 02:24:55.793,124,124,177
683.0,2012-02-13 04:41:20.513,124,124,124
104.0,2012-02-13 07:56:58.997,124,0,175
672.0,2012-02-13 09:46:39.693,124,120,124
640.0,2012-02-13 13:51:04.517,124,111,174
684.0,2012-02-13 13:57:58.833,124,124,124
219.0,2012-02-13 14:51:42.737,124,16,173
221.0,2012-02-13 16:46:37.140,124,18,124
686.0,2012-02-13 18:43:34.130,124,124,124
400.0,2012-02-13 19:09:57.923,124,37,124
683.0,2012-02-13 19:09:57.923,124,124,124
632.0,2012-02-13 21:25:08.200,125,109,149
451.0,2012-02-13 21:27:12.580,125,125,125
26.0,2012-02-13 21:37:37.417,125,0,159
632.0,2012-02-13 22:42:51.680,125,109,149
219.0,2012-02-14 10:32:09.683,125,16,173
674.0,2012-02-14 10:46:00.860,125,125,125
219.0,2012-02-14 12:49:02.610,125,16,173
691.0,2012-02-14 14:54:01.123,125,125,126
693.0,2012-02-14 15:36:54.620,125,125,125
694.0,2012-02-14 22:08:05.020,126,126,126
691.0,2012-02-14 23:27:08.970,126,125,126
698.0,2012-02-15 23:46:15.987,127,127,141
700.0,2012-02-16 03:50:07.343,127,127,128
115.0,2012-02-16 14:54:28.607,127,0,127
11.0,2012-02-16 15:31:32.593,127,0,147
701.0,2012-02-16 17:54:33.203,127,127,128
104.0,2012-02-16 18:00:21.763,127,0,175
26.0,2012-02-16 18:39:18.470,127,0,159
669.0,2012-02-16 19:11:01.227,127,122,178
644.0,2012-02-16 19:35:39.923,128,124,177
632.0,2012-02-16 21:54:12.863,128,109,149
50.0,2012-02-17 02:48:36.703,128,0,168
700.0,2012-02-17 03:47:47.510,128,127,128
704.0,2012-02-17 09:39:25.127,128,128,128
701.0,2012-02-17 11:08:20.823,128,127,128
700.0,2012-02-17 18:21:53.723,128,127,128
630.0,2012-02-18 11:06:59.973,129,108,129
708.0,2012-02-18 11:42:24.183,129,129,163
642.0,2012-02-19 02:55:39.233,130,111,142
20.0,2012-02-19 18:07:01.627,130,0,130
20.0,2012-02-19 18:09:58.753,130,0,130
632.0,2012-02-19 20:44:03.050,131,109,149
644.0,2012-02-20 08:24:13.213,131,124,177
104.0,2012-02-20 08:24:13.213,131,0,175
48.0,2012-02-20 12:24:48.353,131,0,174
95.0,2012-02-21 07:17:44.903,132,1,132
95.0,2012-02-21 07:20:43.947,132,1,132
133.0,2012-02-21 13:38:31.277,132,3,178
715.0,2012-02-21 23:05:50.077,133,133,133
26.0,2012-02-21 23:30:55.050,133,0,159
708.0,2012-02-22 09:36:14.673,133,129,163
632.0,2012-02-22 09:51:36.990,133,109,149
708.0,2012-02-22 09:56:04.930,133,129,163
632.0,2012-02-22 17:00:40.597,133,109,149
50.0,2012-02-22 17:00:40.597,133,0,168
491.0,2012-02-23 12:24:53.407,134,134,138
720.0,2012-02-23 16:47:41.780,134,134,134
71.0,2012-02-23 16:55:22.513,134,0,157
721.0,2012-02-23 21:46:03.363,135,135,138
588.0,2012-02-23 21:46:03.363,135,96,135
721.0,2012-02-23 22:33:09.513,135,135,138
724.0,2012-02-24 10:04:56.537,135,135,135
724.0,2012-02-24 10:43:58.143,135,135,135
81.0,2012-02-24 10:43:58.143,135,29,177
724.0,2012-02-24 11:33:22.560,135,135,135
104.0,2012-02-24 11:51:42.390,135,0,175
81.0,2012-02-24 14:42:47.953,135,29,177
719.0,2012-02-24 15:08:00.730,135,135,169
81.0,2012-02-24 17:03:09.853,135,29,177
133.0,2012-02-24 21:58:02.467,136,3,178
352.0,2012-02-25 02:11:07.237,136,136,136
47.0,2012-02-25 09:43:35.097,136,0,136
632.0,2012-02-25 10:36:39.337,136,109,149
81.0,2012-02-25 12:44:55.530,136,29,177
491.0,2012-02-25 17:22:12.760,136,134,138
104.0,2012-02-25 20:31:40.347,137,0,175
729.0,2012-02-26 15:55:08.573,137,137,137
721.0,2012-02-26 16:23:27.953,137,135,138
104.0,2012-02-26 17:31:02.533,137,0,175
730.0,2012-02-26 19:51:15.720,138,138,153
721.0,2012-02-26 22:35:00.437,138,135,138
730.0,2012-02-26 23:45:40.427,138,138,153
722.0,2012-02-27 01:38:40.740,138,138,138
644.0,2012-02-27 02:00:01.573,138,124,177
722.0,2012-02-27 02:01:55.957,138,138,138
491.0,2012-02-27 02:01:55.957,138,134,138
669.0,2012-02-27 08:09:43.917,138,122,178
719.0,2012-02-27 12:06:31.160,138,135,169
730.0,2012-02-27 12:11:11.683,138,138,153
730.0,2012-02-27 13:40:03.820,138,138,153
133.0,2012-02-27 14:52:01.670,138,3,178
133.0,2012-02-27 15:01:20.020,138,3,178
732.0,2012-02-27 18:54:51.373,138,138,169
491.0,2012-02-27 19:12:11.697,138,134,138
730.0,2012-02-27 22:49:07.543,139,138,153
734.0,2012-02-28 20:57:55.290,140,140,140
48.0,2012-02-29 08:24:06.747,140,0,174
473.0,2012-02-29 10:34:36.523,140,58,142
219.0,2012-02-29 12:50:36.810,140,16,173
739.0,2012-02-29 14:34:46.010,140,140,140
133.0,2012-02-29 14:42:52.850,140,3,178
133.0,2012-02-29 16:18:06.927,140,3,178
599.0,2012-02-29 19:13:19.063,140,99,141
599.0,2012-02-29 19:31:32.567,141,99,141
612.0,2012-02-29 19:55:30.930,141,102,141
31.0,2012-02-29 20:24:10.020,141,0,150
669.0,2012-02-29 20:52:54.593,141,122,178
612.0,2012-02-29 21:22:36.097,141,102,141
45.0,2012-02-29 22:43:00.287,141,0,141
741.0,2012-02-29 23:33:12.847,141,141,143
741.0,2012-03-01 00:37:04.783,141,141,143
669.0,2012-03-01 00:37:04.783,141,122,178
669.0,2012-03-01 00:42:08.113,141,122,178
742.0,2012-03-01 01:55:33.630,141,141,142
698.0,2012-03-01 03:59:24.170,141,127,141
104.0,2012-03-01 09:00:59.550,141,0,175
742.0,2012-03-01 09:00:59.550,141,141,142
599.0,2012-03-01 11:03:25.323,141,99,141
104.0,2012-03-01 11:23:27.747,141,0,175
48.0,2012-03-01 21:54:33.677,142,0,174
642.0,2012-03-02 05:47:57.970,142,111,142
104.0,2012-03-02 12:44:41.437,142,0,175
742.0,2012-03-02 14:50:35.130,142,141,142
473.0,2012-03-02 15:43:23.713,142,58,142
719.0,2012-03-03 16:34:23.513,143,135,169
741.0,2012-03-03 17:59:46.623,143,141,143
414.0,2012-03-03 18:30:29.433,143,99,144
145.0,2012-03-03 23:19:31.170,144,115,144
669.0,2012-03-04 01:26:56.673,144,122,178
414.0,2012-03-04 10:08:31.147,144,99,144
48.0,2012-03-04 12:05:30.067,144,0,174
11.0,2012-03-04 20:54:01.857,145,0,147
126.0,2012-03-05 07:45:05.973,145,1,145
752.0,2012-03-05 19:21:04.857,145,145,151
754.0,2012-03-05 21:55:22.757,146,146,146
104.0,2012-03-06 08:09:14.430,146,0,175
752.0,2012-03-06 08:09:14.430,146,145,151
104.0,2012-03-06 09:37:48.407,146,0,175
165.0,2012-03-06 18:37:50.743,146,40,154
644.0,2012-03-06 19:55:06.887,147,124,177
756.0,2012-03-06 21:31:43.383,147,147,148
11.0,2012-03-07 01:48:44.107,147,0,147
752.0,2012-03-07 12:41:12.123,147,145,151
752.0,2012-03-07 15:54:15.803,147,145,151
752.0,2012-03-07 16:00:23.157,147,145,151
669.0,2012-03-07 17:29:36.267,147,122,178
165.0,2012-03-07 18:06:18.740,147,40,154
1.0,2012-03-07 19:01:30.587,147,0,172
1.0,2012-03-07 19:58:07.940,148,0,172
165.0,2012-03-07 22:01:42.097,148,40,154
752.0,2012-03-07 23:14:11.123,148,145,151
756.0,2012-03-08 01:55:46.100,148,147,148
644.0,2012-03-08 19:52:46.240,149,124,177
165.0,2012-03-08 20:43:22.123,149,40,154
762.0,2012-03-08 20:52:10.850,149,149,149
644.0,2012-03-08 21:17:25.483,149,124,177
632.0,2012-03-08 21:37:23.010,149,109,149
644.0,2012-03-08 21:39:40.730,149,124,177
763.0,2012-03-08 21:57:09.273,149,149,149
644.0,2012-03-08 22:28:19.093,149,124,177
762.0,2012-03-09 00:45:13.213,149,149,149
644.0,2012-03-09 01:04:25.513,149,124,177
765.0,2012-03-09 01:41:33.257,149,149,149
669.0,2012-03-09 03:59:16.013,149,122,178
71.0,2012-03-09 04:06:49.403,149,0,157
71.0,2012-03-09 04:12:10.613,149,0,157
119.0,2012-03-09 05:07:14.137,149,2,149
119.0,2012-03-09 05:18:50.363,149,2,149
119.0,2012-03-09 05:23:44.837,149,2,149
119.0,2012-03-09 05:25:29.280,149,2,149
119.0,2012-03-09 05:44:00.490,149,2,149
762.0,2012-03-09 06:02:46.410,149,149,149
762.0,2012-03-09 06:05:24.360,149,149,149
524.0,2012-03-09 07:07:44.467,149,74,169
669.0,2012-03-09 09:07:02.183,149,122,178
26.0,2012-03-09 09:22:27.733,149,0,159
26.0,2012-03-09 09:24:22.273,149,0,159
258.0,2012-03-09 10:57:58.813,149,149,154
732.0,2012-03-09 12:54:30.153,149,138,169
104.0,2012-03-09 13:12:09.663,149,0,175
719.0,2012-03-09 13:14:23.453,149,135,169
104.0,2012-03-09 13:22:44.203,149,0,175
104.0,2012-03-09 13:33:54.940,149,0,175
765.0,2012-03-09 13:37:59.837,149,149,149
165.0,2012-03-09 13:49:09.797,149,40,154
165.0,2012-03-09 13:50:28.000,149,40,154
104.0,2012-03-09 14:53:28.537,149,0,175
767.0,2012-03-09 17:11:54.757,149,149,160
165.0,2012-03-09 18:27:34.650,149,40,154
765.0,2012-03-09 18:27:34.650,149,149,149
104.0,2012-03-09 18:39:29.460,149,0,175
104.0,2012-03-09 19:13:18.970,149,0,175
407.0,2012-03-09 19:58:16.190,150,150,174
768.0,2012-03-09 20:44:56.967,150,150,150
768.0,2012-03-09 21:08:20.513,150,150,150
133.0,2012-03-09 21:17:57.037,150,3,178
133.0,2012-03-09 21:38:12.537,150,3,178
133.0,2012-03-09 21:59:18.530,150,3,178
407.0,2012-03-09 23:32:48.683,150,150,174
71.0,2012-03-09 23:52:14.297,150,0,157
669.0,2012-03-10 01:17:08.240,150,122,178
377.0,2012-03-10 07:16:07.630,150,150,152
104.0,2012-03-10 08:03:32.857,150,0,175
31.0,2012-03-10 08:36:38.937,150,0,150
708.0,2012-03-10 09:40:44.310,150,129,163
258.0,2012-03-10 09:40:44.310,150,149,154
769.0,2012-03-10 12:30:13.997,150,150,159
377.0,2012-03-10 12:30:13.997,150,150,152
48.0,2012-03-11 00:40:30.857,151,0,174
752.0,2012-03-11 02:27:52.553,151,145,151
752.0,2012-03-11 02:41:01.583,151,145,151
752.0,2012-03-11 02:45:42.607,151,145,151
752.0,2012-03-11 04:16:00.333,151,145,151
104.0,2012-03-11 06:31:55.550,151,0,175
775.0,2012-03-11 08:05:39.933,151,151,155
775.0,2012-03-11 16:53:36.053,151,151,155
104.0,2012-03-11 17:27:00.240,151,0,175
258.0,2012-03-12 11:04:01.850,152,149,154
377.0,2012-03-12 11:16:19.417,152,150,152
377.0,2012-03-12 11:20:51.643,152,150,152
133.0,2012-03-12 13:01:37.290,152,3,178
104.0,2012-03-12 13:15:37.903,152,0,175
133.0,2012-03-12 13:42:30.907,152,3,178
104.0,2012-03-12 13:51:07.307,152,0,175
133.0,2012-03-12 14:32:48.987,152,3,178
165.0,2012-03-12 21:00:56.820,153,40,154
783.0,2012-03-13 06:11:00.600,153,153,154
777.0,2012-03-13 07:51:29.193,153,153,153
48.0,2012-03-13 08:29:01.640,153,0,174
48.0,2012-03-13 08:33:41.557,153,0,174
104.0,2012-03-13 09:49:38.327,153,0,175
777.0,2012-03-13 09:49:38.327,153,153,153
730.0,2012-03-13 11:46:30.543,153,138,153
165.0,2012-03-13 12:53:17.427,153,40,154
104.0,2012-03-13 13:03:45.640,153,0,175
730.0,2012-03-13 13:43:25.483,153,138,153
784.0,2012-03-13 17:15:01.223,153,153,161
71.0,2012-03-13 17:30:14.107,153,0,157
104.0,2012-03-13 17:47:06.377,153,0,175
730.0,2012-03-13 17:47:59.590,153,138,153
486.0,2012-03-13 17:56:23.370,153,98,153
669.0,2012-03-13 19:16:26.767,153,122,178
669.0,2012-03-13 19:30:17.750,154,122,178
165.0,2012-03-13 19:49:02.780,154,40,154
405.0,2012-03-13 22:13:54.937,154,37,154
769.0,2012-03-13 22:39:25.780,154,150,159
783.0,2012-03-13 23:04:15.157,154,153,154
258.0,2012-03-14 12:59:39.810,154,149,154
258.0,2012-03-14 13:02:21.817,154,149,154
258.0,2012-03-14 13:10:32.993,154,149,154
258.0,2012-03-14 13:12:41.837,154,149,154
708.0,2012-03-14 13:16:24.590,154,129,163
258.0,2012-03-14 15:45:07.060,154,149,154
258.0,2012-03-14 15:51:42.433,154,149,154
258.0,2012-03-14 15:55:33.707,154,149,154
104.0,2012-03-15 08:18:42.067,155,0,175
104.0,2012-03-15 11:26:38.697,155,0,175
104.0,2012-03-15 11:37:33.487,155,0,175
104.0,2012-03-15 11:59:53.693,155,0,175
104.0,2012-03-15 17:20:46.717,155,0,175
775.0,2012-03-15 17:29:25.060,155,151,155
104.0,2012-03-15 17:51:42.700,155,0,175
784.0,2012-03-15 17:55:11.773,155,153,161
775.0,2012-03-15 18:11:43.423,155,151,155
788.0,2012-03-15 18:27:20.017,155,155,155
407.0,2012-03-15 18:46:31.363,155,150,174
789.0,2012-03-15 18:52:59.777,155,155,155
407.0,2012-03-15 19:19:31.153,155,150,174
790.0,2012-03-15 20:05:45.293,156,156,156
104.0,2012-03-16 07:23:28.587,156,0,175
791.0,2012-03-16 18:12:06.483,156,156,161
104.0,2012-03-16 18:18:24.807,156,0,175
71.0,2012-03-17 02:57:12.207,157,0,157
104.0,2012-03-17 07:12:16.770,157,0,175
30.0,2012-03-17 09:37:10.323,157,0,157
776.0,2012-03-17 09:37:10.323,157,157,157
776.0,2012-03-17 09:54:34.640,157,157,157
198.0,2012-03-18 05:30:22.230,158,158,158
792.0,2012-03-18 17:42:16.610,158,158,158
769.0,2012-03-19 13:26:26.533,159,150,159
133.0,2012-03-19 13:32:35.237,159,3,178
26.0,2012-03-19 16:38:37.547,159,0,159
133.0,2012-03-20 13:36:40.543,160,3,178
767.0,2012-03-20 18:25:43.517,160,149,160
791.0,2012-03-20 19:37:25.380,161,156,161
133.0,2012-03-20 20:34:46.157,161,3,178
791.0,2012-03-20 20:34:46.157,161,156,161
784.0,2012-03-21 11:56:13.590,161,153,161
219.0,2012-03-21 11:56:13.590,161,16,173
801.0,2012-03-21 14:56:34.387,161,161,162
791.0,2012-03-21 18:21:56.557,161,156,161
802.0,2012-03-21 21:48:27.893,162,162,162
801.0,2012-03-21 22:40:45.820,162,161,162
801.0,2012-03-21 22:48:04.547,162,161,162
802.0,2012-03-21 23:22:32.757,162,162,162
802.0,2012-03-22 09:26:05.500,162,162,162
219.0,2012-03-22 09:26:05.500,162,16,173
104.0,2012-03-22 17:43:33.943,162,0,175
708.0,2012-03-22 19:51:44.907,163,129,163
104.0,2012-03-23 08:03:40.210,163,0,175
808.0,2012-03-24 12:34:59.583,164,164,164
669.0,2012-03-25 16:21:33.040,165,122,178
813.0,2012-03-27 10:11:44.677,167,167,167
814.0,2012-03-27 11:09:00.593,167,167,167
815.0,2012-03-27 12:40:19.653,167,167,169
814.0,2012-03-27 12:56:43.440,167,167,167
104.0,2012-03-27 12:56:43.440,167,0,175
407.0,2012-03-27 13:34:46.127,167,150,174
815.0,2012-03-27 13:37:35.340,167,167,169
669.0,2012-03-27 14:46:12.607,167,122,178
814.0,2012-03-27 15:59:50.437,167,167,167
648.0,2012-03-27 17:26:57.930,167,167,167
50.0,2012-03-28 14:00:06.043,168,0,168
50.0,2012-03-28 14:01:16.960,168,0,168
524.0,2012-03-29 01:16:05.780,169,74,169
732.0,2012-03-29 07:10:49.397,169,138,169
719.0,2012-03-29 12:29:36.190,169,135,169
104.0,2012-03-29 12:56:19.647,169,0,175
815.0,2012-03-29 13:40:15.933,169,167,169
822.0,2012-03-30 02:20:14.000,170,170,170
432.0,2012-03-30 03:40:44.247,170,44,179
432.0,2012-03-30 03:52:21.470,170,44,179
432.0,2012-03-30 05:11:40.687,170,44,179
669.0,2012-03-30 06:47:38.990,170,122,178
432.0,2012-03-30 08:01:03.400,170,44,179
806.0,2012-03-30 15:37:15.977,170,170,172
806.0,2012-03-30 16:42:44.193,170,170,172
108.0,2012-03-30 22:51:48.887,171,104,171
432.0,2012-03-31 07:31:21.470,171,44,179
432.0,2012-03-31 07:31:55.137,171,44,179
1.0,2012-03-31 09:11:51.523,171,0,172
104.0,2012-03-31 09:11:51.523,171,0,175
104.0,2012-03-31 09:18:12.773,171,0,175
825.0,2012-03-31 09:21:07.720,171,171,177
797.0,2012-03-31 12:15:35.900,171,171,171
821.0,2012-03-31 14:03:43.620,171,171,171
104.0,2012-03-31 14:30:58.243,171,0,175
821.0,2012-03-31 15:00:44.673,171,171,171
104.0,2012-03-31 16:36:35.823,171,0,175
104.0,2012-03-31 17:11:54.080,171,0,175
1.0,2012-03-31 20:11:53.500,172,0,172
806.0,2012-04-01 17:41:03.347,172,170,172
432.0,2012-04-02 05:47:33.880,173,44,179
104.0,2012-04-02 06:15:25.507,173,0,175
669.0,2012-04-02 06:21:04.023,173,122,178
669.0,2012-04-02 06:25:39.353,173,122,178
104.0,2012-04-02 06:38:43.527,173,0,175
104.0,2012-04-02 06:46:29.220,173,0,175
432.0,2012-04-02 06:51:26.890,173,44,179
104.0,2012-04-02 10:57:38.530,173,0,175
104.0,2012-04-02 10:59:38.060,173,0,175
669.0,2012-04-02 12:14:39.280,173,122,178
219.0,2012-04-02 14:31:19.147,173,16,173
828.0,2012-04-02 14:41:53.463,173,173,173
829.0,2012-04-02 20:01:31.423,174,174,174
669.0,2012-04-02 23:11:23.020,174,122,178
830.0,2012-04-03 09:22:17.427,174,174,175
831.0,2012-04-03 09:38:13.837,174,174,174
104.0,2012-04-03 10:11:59.097,174,0,175
104.0,2012-04-03 11:21:32.040,174,0,175
48.0,2012-04-03 14:02:28.530,174,0,174
640.0,2012-04-03 14:09:00.957,174,111,174
669.0,2012-04-03 14:43:58.390,174,122,178
407.0,2012-04-03 15:10:58.383,174,150,174
830.0,2012-04-03 15:10:58.383,174,174,175
407.0,2012-04-03 18:16:28.543,174,150,174
48.0,2012-04-03 19:08:19.870,174,0,174
104.0,2012-04-04 05:06:38.750,175,0,175
830.0,2012-04-04 07:46:14.487,175,174,175
838.0,2012-04-04 11:23:20.210,175,175,176
838.0,2012-04-04 19:01:45.067,175,175,176
844.0,2012-04-04 19:01:45.067,175,175,176
838.0,2012-04-04 19:32:12.007,176,175,176
826.0,2012-04-04 19:41:24.723,176,176,176
432.0,2012-04-04 19:41:24.723,176,44,179
844.0,2012-04-04 19:58:48.403,176,175,176
847.0,2012-04-05 21:12:26.893,177,177,177
825.0,2012-04-06 09:05:49.900,177,171,177
81.0,2012-04-06 14:45:02.747,177,29,177
644.0,2012-04-06 17:24:59.837,177,124,177
849.0,2012-04-06 19:21:45.103,177,177,177
133.0,2012-04-06 19:21:58.523,177,3,178
133.0,2012-04-06 19:55:00.183,178,3,178
853.0,2012-04-07 04:21:13.060,178,178,178
197.0,2012-04-07 05:34:23.933,178,45,178
197.0,2012-04-07 05:43:37.213,178,45,178
669.0,2012-04-07 06:02:35.587,178,122,178
197.0,2012-04-07 06:11:35.167,178,45,178
79.0,2012-04-07 15:26:00.093,178,0,178
397.0,2012-04-07 23:37:40.610,179,36,179
432.0,2012-04-08 06:37:12.417,179,44,179
432.0,2012-04-08 09:35:22.740,179,44,179
14.0,2012-04-08 12:48:24.507,179,0,179
