QId_x,QUserId,QTags,QTime,QAcceptedAnswerId,QScore,QViewCount,QAnswerCount,QCommentCount,AId,AUserId,QId_y,ATime,AScore,ACommentCount
1,2.0,<getting-started><doubt>,2009-10-07 20:05:28.217,15.0,10,904,6,,15,11.0,1,2009-10-09 21:16:41.670,5,1.0
18,15.0,<marketing><bootstrapped><funding>,2009-10-09 21:52:50.567,391.0,3,595,10,2.0,391,294.0,18,2009-10-10 13:21:30.683,2,1.0
45,32.0,<contests><marketing><roi>,2009-10-10 00:38:59.593,49.0,1,214,4,,49,4.0,45,2009-10-10 00:54:03.653,1,1.0
48,24.0,<funding>,2009-10-10 00:48:43.740,599.0,3,1139,4,,599,238.0,48,2009-10-10 23:57:55.457,2,1.0
53,,<incorporation><llc>,2009-10-10 01:09:41.203,75.0,4,2388,5,1.0,75,50.0,53,2009-10-10 01:39:19.740,6,1.0
57,42.0,<getting-started><bootstrapped>,2009-10-10 01:14:33.717,59.0,7,1997,19,1.0,59,4.0,57,2009-10-10 01:18:19.607,7,1.0
70,43.0,<culture>,2009-10-10 01:29:50.430,124.0,14,1234,18,,124,4335.0,70,2009-10-10 02:43:33.507,18,2.0
85,58.0,<motivation><psychology><burnout><focus>,2009-10-10 01:51:08.313,268.0,16,1523,18,,268,23.0,85,2009-10-10 06:39:49.767,9,
91,42.0,<solo-entrepreneur>,2009-10-10 01:58:32.273,101.0,14,1532,18,2.0,101,2.0,91,2009-10-10 02:08:16.620,17,2.0
141,42.0,<hiring><incentives>,2009-10-10 03:14:47.510,147.0,8,1251,15,,147,105.0,141,2009-10-10 03:20:58.677,12,
156,121.0,<adwords><marketing><products><management><ideas>,2009-10-10 03:40:45.547,162.0,4,1240,7,,162,2.0,156,2009-10-10 03:49:56.120,5,
166,2.0,<technology><choices>,2009-10-10 03:53:03.857,506.0,8,450,9,,506,19.0,166,2009-10-10 17:55:14.597,17,1.0
177,121.0,<risk><management><beginning>,2009-10-10 04:03:07.477,196.0,1,218,5,,196,4.0,177,2009-10-10 04:16:58.220,3,1.0
178,132.0,<llc><foreign>,2009-10-10 04:03:24.330,214.0,2,597,4,,214,23.0,178,2009-10-10 04:39:46.063,2,4.0
182,,<sales>,2009-10-10 04:07:49.467,199.0,7,1269,10,,199,105.0,182,2009-10-10 04:18:04.313,6,1.0
219,121.0,<marketing>,2009-10-10 04:50:05.553,248.0,3,764,5,,248,127.0,219,2009-10-10 05:45:58.633,2,
229,123.0,<work-life>,2009-10-10 05:05:46.550,576.0,7,894,14,2.0,576,12.0,229,2009-10-10 22:01:50.030,6,1.0
232,160.0,<development>,2009-10-10 05:08:14.517,257.0,3,681,7,,257,,232,2009-10-10 06:05:26.563,3,
239,163.0,<marketing>,2009-10-10 05:17:11.953,770.0,0,61,2,,770,482.0,239,2009-10-11 21:22:10.867,1,1.0
246,123.0,<getting-started>,2009-10-10 05:40:27.150,295.0,2,888,8,2.0,295,210.0,246,2009-10-10 08:08:32.073,5,
260,123.0,<insurance>,2009-10-10 06:09:29.660,269.0,3,245,4,,269,11.0,260,2009-10-10 06:47:35.400,3,
280,23.0,<sales><books><blog>,2009-10-10 07:35:21.657,475.0,8,607,12,,475,353.0,280,2009-10-10 16:58:07.633,5,
305,223.0,<marketing><sales>,2009-10-10 08:19:13.800,327.0,2,332,6,,327,226.0,305,2009-10-10 09:02:58.503,1,3.0
314,205.0,<customers><features>,2009-10-10 08:32:25.667,1189.0,5,492,14,0.0,1189,671.0,314,2009-10-13 17:26:54.583,4,
329,238.0,<customer-support>,2009-10-10 09:09:06.023,360.0,31,11714,20,1.0,360,164.0,329,2009-10-10 10:49:45.930,16,1.0
357,259.0,<software><venture>,2009-10-10 10:38:05.577,387.0,0,839,5,,387,54.0,357,2009-10-10 12:58:18.057,5,1.0
379,287.0,<visa>,2009-10-10 12:32:59.173,507.0,3,1048,4,,507,24.0,379,2009-10-10 17:59:06.493,4,2.0
392,297.0,<pricing>,2009-10-10 13:24:07.443,416.0,2,134,5,1.0,416,310.0,392,2009-10-10 14:16:25.593,3,
448,326.0,<incorporation>,2009-10-10 15:44:44.873,472.0,4,2268,9,,472,357.0,448,2009-10-10 16:54:09.240,5,
457,123.0,<strategy><outsourcing><recruiting>,2009-10-10 16:22:43.030,677.0,3,646,8,,677,210.0,457,2009-10-11 07:51:12.880,4,
468,356.0,<hiring><marketing><sales>,2009-10-10 16:48:00.260,471.0,6,312,6,1.0,471,2.0,468,2009-10-10 16:51:41.563,5,1.0
477,58.0,<hiring>,2009-10-10 17:03:47.817,518.0,3,595,11,1.0,518,383.0,477,2009-10-10 18:36:34.687,4,
496,105.0,<venture-capital><funding>,2009-10-10 17:29:34.047,761.0,6,552,5,,761,4.0,496,2009-10-11 20:26:11.020,6,
528,79.0,<venture-capital>,2009-10-10 19:33:15.483,655.0,4,668,4,,655,88.0,528,2009-10-11 04:25:01.960,1,2.0
530,23.0,<sales><smb><inbound-marketing>,2009-10-10 19:45:43.357,608.0,6,227,2,,608,2.0,530,2009-10-11 00:18:28.567,4,1.0
535,326.0,<cost>,2009-10-10 19:56:09.590,581.0,3,223,5,,581,4.0,535,2009-10-10 22:32:01.043,3,3.0
546,392.0,<marketing><technology>,2009-10-10 20:20:49.843,585.0,8,931,7,,585,11.0,546,2009-10-10 22:55:37.410,8,1.0
552,23.0,<software><project-management><recommendations>,2009-10-10 20:39:32.643,736.0,13,2484,23,1.0,736,482.0,552,2009-10-11 18:57:40.900,9,1.0
570,373.0,<decision><career>,2009-10-10 21:38:12.897,604.0,1,130,2,,604,88.0,570,2009-10-11 00:12:14.493,3,2.0
571,286.0,<ideas>,2009-10-10 21:38:38.403,574.0,5,818,19,,574,373.0,571,2009-10-10 21:56:37.910,13,
621,238.0,<ideas><payments><credit-cards>,2009-10-11 00:54:11.123,989.0,6,559,5,,989,574.0,621,2009-10-12 17:55:47.223,0,
626,238.0,<payments><subscriptions><credit-cards>,2009-10-11 01:18:04.760,1537.0,3,563,6,2.0,1537,238.0,626,2009-10-15 08:51:12.263,0,
650,11.0,<software><it><infrastructure><backup><outsourcing>,2009-10-11 03:48:09.933,651.0,2,478,6,,651,2.0,650,2009-10-11 03:52:33.643,9,5.0
669,218.0,<marketing><b2b>,2009-10-11 06:15:17.973,675.0,6,897,7,,675,11.0,669,2009-10-11 07:48:35.157,3,8.0
687,392.0,<technology>,2009-10-11 10:51:46.863,690.0,3,358,2,,690,359.0,687,2009-10-11 12:16:03.250,1,
699,42.0,<outsourcing>,2009-10-11 13:38:47.643,732.0,4,522,6,,732,482.0,699,2009-10-11 18:41:44.340,1,
702,23.0,<credibility>,2009-10-11 13:57:35.747,717.0,2,170,2,,717,2.0,702,2009-10-11 16:45:57.413,5,2.0
713,475.0,<marketing>,2009-10-11 16:04:20.923,768.0,2,242,6,,768,373.0,713,2009-10-11 21:16:52.810,3,1.0
731,392.0,<pitch>,2009-10-11 18:41:19.367,861.0,2,1231,13,,861,527.0,731,2009-10-12 07:51:55.850,2,
742,96.0,<pricing><products>,2009-10-11 19:28:10.260,790.0,5,1067,7,,790,32.0,742,2009-10-11 22:43:59.370,4,1.0
747,482.0,<blog><strategy>,2009-10-11 19:45:14.860,752.0,4,297,4,,752,392.0,747,2009-10-11 19:58:41.627,1,1.0
795,475.0,<sales>,2009-10-11 23:06:28.277,807.0,2,213,4,,807,502.0,795,2009-10-12 00:07:25.837,2,1.0
796,436.0,<motivation>,2009-10-11 23:31:49.233,824.0,6,349,10,1.0,824,11.0,796,2009-10-12 00:41:03.370,5,
802,88.0,<resources>,2009-10-11 23:56:40.130,829.0,1,131,2,1.0,829,475.0,802,2009-10-12 01:09:35.627,2,
830,506.0,<incubators>,2009-10-12 01:37:32.713,835.0,4,96,1,,835,502.0,830,2009-10-12 02:42:21.583,1,2.0
843,520.0,<venture-capital>,2009-10-12 03:53:36.490,848.0,3,371,3,,848,117.0,843,2009-10-12 04:33:04.350,7,1.0
844,105.0,<marketing>,2009-10-12 03:56:00.547,850.0,29,2584,4,2.0,850,2.0,844,2009-10-12 04:42:38.937,17,1.0
874,530.0,<negotiation>,2009-10-12 08:23:57.220,880.0,3,441,5,,880,392.0,874,2009-10-12 09:06:14.190,5,1.0
895,164.0,<getting-started>,2009-10-12 11:38:37.823,899.0,5,544,4,,899,392.0,895,2009-10-12 12:46:42.033,10,
898,475.0,<venture-capital>,2009-10-12 12:39:05.120,901.0,3,564,5,,901,392.0,898,2009-10-12 12:58:37.863,3,2.0
914,530.0,<subjective><getting-started><location>,2009-10-12 13:57:21.563,919.0,4,2170,9,,919,475.0,914,2009-10-12 14:15:16.647,2,
926,551.0,<entrepreneurs><ecommerce><outsourcing><products>,2009-10-12 14:31:50.210,948.0,3,366,2,,948,123.0,926,2009-10-12 15:14:24.070,3,
959,569.0,<partner>,2009-10-12 16:02:16.683,965.0,5,1313,4,,965,123.0,959,2009-10-12 16:40:14.480,11,
964,,<marketing><getting-started>,2009-10-12 16:35:41.720,1124.0,2,508,11,,1124,294.0,964,2009-10-13 09:08:44.193,4,2.0
996,23.0,<burnout>,2009-10-12 18:28:14.533,1224.0,6,428,6,1.0,1224,,996,2009-10-13 20:04:45.673,5,
1001,475.0,<co-founder><getting-started>,2009-10-12 19:12:15.517,1008.0,2,2755,6,,1008,502.0,1001,2009-10-12 19:32:48.300,7,1.0
1002,583.0,<business-model><monetization>,2009-10-12 19:13:27.247,1018.0,4,568,6,,1018,404.0,1002,2009-10-12 20:02:10.450,4,
1020,441.0,<funding>,2009-10-12 20:23:34.483,1053.0,3,456,9,,1053,423.0,1020,2009-10-12 21:54:35.333,2,
1044,329.0,<patent><risk>,2009-10-12 21:21:35.120,1154.0,2,328,5,,1154,644.0,1044,2009-10-13 15:08:31.570,3,2.0
1047,594.0,<competition><getting-started>,2009-10-12 21:29:55.780,1051.0,6,918,8,,1051,2.0,1047,2009-10-12 21:40:43.593,31,7.0
1049,123.0,<phone>,2009-10-12 21:37:38.293,1080.0,22,1329,19,2.0,1080,608.0,1049,2009-10-13 01:20:02.320,21,1.0
1064,546.0,<funding>,2009-10-12 23:13:20.760,1193.0,3,328,3,,1193,521.0,1064,2009-10-13 17:33:43.383,2,
1068,594.0,<monetization>,2009-10-13 00:12:38.493,1072.0,1,211,2,,1072,605.0,1068,2009-10-13 00:44:27.953,3,
1071,604.0,<incorporation><non-profit>,2009-10-13 00:39:47.870,1095.0,1,131,3,1.0,1095,123.0,1071,2009-10-13 02:46:49.657,1,1.0
1094,475.0,<planning>,2009-10-13 02:41:50.560,1103.0,1,700,2,1.0,1103,482.0,1094,2009-10-13 03:20:42.497,1,4.0
1099,123.0,<finance>,2009-10-13 03:02:47.217,1201.0,6,282,3,,1201,282.0,1099,2009-10-13 17:57:09.197,1,
1102,24.0,<marketing><blog>,2009-10-13 03:17:23.090,1273.0,3,122,3,,1273,692.0,1102,2009-10-13 22:45:26.390,3,1.0
1114,482.0,<hiring><employees><contract>,2009-10-13 04:22:12.280,1266.0,3,463,5,2.0,1266,11.0,1114,2009-10-13 22:26:06.680,3,2.0
1123,625.0,<software><competition>,2009-10-13 08:53:45.343,1136.0,3,537,7,,1136,627.0,1123,2009-10-13 12:36:31.903,1,
1135,475.0,<pricing>,2009-10-13 12:06:57.093,1137.0,2,156,2,,1137,309.0,1135,2009-10-13 12:51:51.610,1,
1150,638.0,<ecommerce><software><technology>,2009-10-13 14:51:36.787,1156.0,4,1249,9,,1156,24.0,1150,2009-10-13 15:13:26.607,7,
1196,676.0,<board>,2009-10-13 17:42:00.733,1198.0,3,742,5,,1198,2.0,1196,2009-10-13 17:45:08.843,5,
1216,78.0,<co-founder><legal><incorporation>,2009-10-13 19:45:49.660,1234.0,2,271,3,,1234,671.0,1216,2009-10-13 20:30:42.160,1,1.0
1260,223.0,<legal><entrepreneurs><angel>,2009-10-13 22:00:45.633,1281.0,0,145,2,,1281,11.0,1260,2009-10-13 23:28:19.693,1,1.0
1299,759.0,<ebook><outsourcing><contract><consulting>,2009-10-14 00:56:59.110,1303.0,3,442,4,,1303,605.0,1299,2009-10-14 01:15:07.600,3,
1304,759.0,<marketing><pr>,2009-10-14 01:20:38.650,1335.0,5,218,7,,1335,4.0,1304,2009-10-14 05:19:25.860,3,
1309,762.0,<company><jobs><employers>,2009-10-14 01:36:33.213,1310.0,3,328,5,,1310,123.0,1309,2009-10-14 01:48:29.230,4,1.0
1314,482.0,<virtual-workforce><outsourcing>,2009-10-14 02:28:39.710,1692.0,6,965,4,,1692,900.0,1314,2009-10-16 14:06:55.560,2,1.0
1319,23.0,<blog>,2009-10-14 03:47:34.110,1361.0,1,175,7,,1361,473.0,1319,2009-10-14 07:09:47.463,3,1.0
1333,393.0,<venture-capital><angel><definitions>,2009-10-14 05:07:47.583,4093.0,7,463,4,,4093,957.0,1333,2009-11-24 17:44:46.933,11,
1342,779.0,<entrepreneurs>,2009-10-14 05:44:21.293,1346.0,2,1507,5,,1346,115.0,1342,2009-10-14 06:12:12.093,2,1.0
1372,789.0,<management>,2009-10-14 08:39:46.443,1468.0,16,2356,13,2.0,1468,88.0,1372,2009-10-14 21:45:10.283,5,1.0
1391,475.0,<marketing>,2009-10-14 12:18:26.683,1430.0,4,200,2,1.0,1430,294.0,1391,2009-10-14 16:56:37.033,5,
1395,436.0,<payments><web><subscriptions>,2009-10-14 12:47:54.097,1850.0,1,772,5,,1850,973.0,1395,2009-10-18 17:15:34.190,2,
1396,326.0,<pricing><software><products>,2009-10-14 12:54:56.377,2032.0,4,388,7,,2032,210.0,1396,2009-10-20 15:25:45.413,6,2.0
1431,813.0,<finance>,2009-10-14 17:09:52.957,1434.0,4,175,4,1.0,1434,401.0,1431,2009-10-14 17:30:35.223,4,
1448,759.0,<marketing>,2009-10-14 18:59:03.877,1454.0,4,235,6,,1454,502.0,1448,2009-10-14 20:39:07.620,4,1.0
1453,473.0,<marketing>,2009-10-14 20:34:37.043,1469.0,2,179,3,,1469,760.0,1453,2009-10-14 21:46:24.730,4,1.0
1485,42.0,<interns><hiring>,2009-10-14 23:25:12.070,1490.0,3,774,8,,1490,123.0,1485,2009-10-15 01:34:48.040,3,
1488,42.0,<hiring><interns>,2009-10-14 23:36:16.420,1515.0,2,164,4,,1515,,1488,2009-10-15 04:40:39.973,2,
1496,123.0,<tax><finance>,2009-10-15 02:38:11.237,1499.0,4,284,2,2.0,1499,11.0,1496,2009-10-15 03:02:09.847,3,1.0
1521,123.0,<pricing>,2009-10-15 06:09:50.423,1523.0,6,856,11,,1523,2.0,1521,2009-10-15 06:17:55.417,8,5.0
1554,392.0,<leadership><employees><management><personality>,2009-10-15 13:07:48.010,2500.0,2,259,2,,2500,433.0,1554,2009-10-26 20:07:29.103,1,
1565,692.0,<marketing><getting-started><research><technology>,2009-10-15 14:17:35.430,1567.0,6,3537,5,,1567,2.0,1565,2009-10-15 14:27:56.897,12,2.0
1570,881.0,<co-founder>,2009-10-15 15:06:56.457,4604.0,23,1562,11,1.0,4604,1659.0,1570,2009-12-04 15:55:08.240,10,2.0
1574,880.0,<hiring><employees>,2009-10-15 15:17:25.833,1581.0,41,8595,13,1.0,1581,311.0,1574,2009-10-15 16:46:36.373,19,2.0
1580,698.0,<employees><interviews>,2009-10-15 16:43:25.740,1589.0,5,846,6,2.0,1589,671.0,1580,2009-10-15 17:15:48.103,6,
1596,813.0,<web><software>,2009-10-15 17:54:22.753,1615.0,4,325,7,1.0,1615,759.0,1596,2009-10-15 19:28:33.317,2,1.0
1601,58.0,<marketing><traffic>,2009-10-15 18:24:37.413,1643.0,14,2189,10,1.0,1643,502.0,1601,2009-10-15 23:47:08.887,14,
1651,24.0,<bootstrapped><b2b>,2009-10-16 03:11:50.883,1726.0,3,1661,5,,1726,937.0,1651,2009-10-17 02:31:36.847,2,
1661,741.0,<web>,2009-10-16 06:09:53.733,1688.0,9,1027,17,1.0,1688,692.0,1661,2009-10-16 13:20:40.143,20,
1693,911.0,<venture-capital>,2009-10-16 14:35:37.823,1699.0,1,199,2,,1699,218.0,1693,2009-10-16 17:16:56.337,1,1.0
1714,759.0,<marketing><advertising><blog>,2009-10-16 21:30:30.150,1716.0,3,371,2,,1716,317.0,1714,2009-10-16 21:48:24.290,5,1.0
1747,911.0,<partner>,2009-10-17 09:43:19.063,1754.0,1,1951,4,,1754,115.0,1747,2009-10-17 12:32:08.423,1,2.0
1758,284.0,<pricing><consulting><contract><independent-contractor>,2009-10-17 13:09:41.490,1759.0,14,1400,7,1.0,1759,953.0,1758,2009-10-17 13:52:18.107,29,3.0
1786,425.0,<co-founder><conflicts>,2009-10-17 19:20:53.720,1867.0,4,249,6,1.0,1867,412.0,1786,2009-10-18 19:07:56.530,5,1.0
1793,911.0,<location>,2009-10-17 22:33:15.187,1822.0,2,307,5,1.0,1822,970.0,1793,2009-10-18 08:32:39.347,1,
1795,23.0,<trial><saas><subscriptions>,2009-10-17 23:08:11.147,1856.0,6,533,5,,1856,123.0,1795,2009-10-18 18:12:33.657,8,2.0
1798,475.0,<hiring>,2009-10-18 00:11:00.123,1800.0,2,492,2,,1800,2.0,1798,2009-10-18 00:47:05.150,5,
1819,968.0,<payments>,2009-10-18 06:11:47.587,2969.0,19,5430,11,1.0,2969,482.0,1819,2009-11-03 04:35:42.893,17,2.0
1820,218.0,<marketing><technology>,2009-10-18 07:08:51.320,1857.0,1,84,2,,1857,294.0,1820,2009-10-18 18:12:35.240,0,2.0
1825,809.0,<location>,2009-10-18 09:33:48.100,1900.0,2,552,7,1.0,1900,968.0,1825,2009-10-19 04:42:41.287,5,
1903,85.0,<consulting>,2009-10-19 08:38:57.327,1916.0,3,520,7,,1916,804.0,1903,2009-10-19 13:16:37.450,7,1.0
1929,809.0,<sales>,2009-10-19 17:21:25.403,1953.0,7,442,3,,1953,123.0,1929,2009-10-19 22:12:27.170,6,
1935,1001.0,<pricing><subscriptions>,2009-10-19 19:23:27.257,1941.0,11,2751,14,2.0,1941,973.0,1935,2009-10-19 20:06:43.983,13,2.0
1943,412.0,<marketing><web>,2009-10-19 20:50:22.700,1948.0,1,287,1,,1948,2.0,1943,2009-10-19 21:29:55.133,1,1.0
1960,759.0,<marketing><facebook>,2009-10-19 23:52:30.647,4303.0,10,976,5,1.0,4303,,1960,2009-11-29 19:05:30.137,5,1.0
1972,425.0,<success><statistics>,2009-10-20 03:11:58.317,2039.0,3,318,7,1.0,2039,346.0,1972,2009-10-20 17:23:59.063,2,1.0
1987,911.0,<research><infrastructure><software>,2009-10-20 07:56:34.237,1995.0,22,1676,25,,1995,671.0,1987,2009-10-20 08:50:21.463,28,1.0
1999,85.0,<consulting>,2009-10-20 09:32:43.860,2005.0,8,665,5,1.0,2005,760.0,1999,2009-10-20 12:21:25.790,24,1.0
2018,412.0,<web><marketing>,2009-10-20 13:15:00.523,2021.0,6,359,11,0.0,2021,604.0,2018,2009-10-20 13:55:26.400,5,2.0
2038,1019.0,<llc>,2009-10-20 16:42:09.110,2055.0,2,848,5,2.0,2055,502.0,2038,2009-10-20 22:33:31.263,2,1.0
2059,1030.0,<saas>,2009-10-20 22:55:53.673,2067.0,16,744,11,3.0,2067,957.0,2059,2009-10-21 00:09:27.537,15,1.0
2114,412.0,<entrepreneurs>,2009-10-21 16:53:04.930,2118.0,56,4445,30,2.0,2118,210.0,2114,2009-10-21 17:24:10.580,36,1.0
2127,412.0,<entrepreneurs>,2009-10-21 19:55:33.720,2132.0,5,917,7,1.0,2132,808.0,2127,2009-10-21 20:58:42.100,4,1.0
2154,85.0,<ideas><getting-started>,2009-10-22 08:29:42.160,2176.0,11,1079,13,2.0,2176,517.0,2154,2009-10-22 14:19:33.097,12,1.0
2157,1001.0,<market><products><industry>,2009-10-22 09:37:49.740,2175.0,1,276,6,,2175,346.0,2157,2009-10-22 13:58:22.940,2,3.0
2211,1081.0,<equity><founders><funding>,2009-10-23 01:38:55.983,2216.0,4,1297,3,,2216,940.0,2211,2009-10-23 03:59:15.330,5,1.0
2217,1083.0,<outsourcing><infrastructure>,2009-10-23 04:27:31.897,2320.0,4,306,8,,2320,1057.0,2217,2009-10-24 06:10:17.720,3,
2221,121.0,<motivation><psychology>,2009-10-23 05:10:26.123,2226.0,5,615,6,,2226,973.0,2221,2009-10-23 07:00:08.043,5,4.0
2227,911.0,<getting-started>,2009-10-23 07:05:42.450,2360.0,6,413,5,,2360,88.0,2227,2009-10-24 22:40:05.037,10,
2233,530.0,<bootstrapped><monetization><venture-capital>,2009-10-23 08:06:21.877,2248.0,8,708,4,2.0,2248,210.0,2233,2009-10-23 11:01:55.517,18,1.0
2280,309.0,<facebook><marketing><website><sales>,2009-10-23 19:24:15.593,2308.0,7,2592,9,1.0,2308,284.0,2280,2009-10-24 02:10:00.660,8,4.0
2282,309.0,<marketing><advertising><research><sales><ecommerce>,2009-10-23 19:45:45.977,2331.0,0,266,3,2.0,2331,121.0,2282,2009-10-24 13:35:54.303,3,1.0
2290,1090.0,<sales>,2009-10-23 21:01:18.643,2294.0,5,832,5,5.0,2294,218.0,2290,2009-10-23 21:50:12.247,2,0.0
2292,1074.0,<technology>,2009-10-23 21:15:14.483,2325.0,2,168,4,2.0,2325,294.0,2292,2009-10-24 09:01:16.247,2,3.0
2301,425.0,<marketing>,2009-10-23 23:22:26.677,2304.0,3,330,8,,2304,1085.0,2301,2009-10-24 00:09:13.600,4,1.0
2311,1085.0,<hiring><employees><interviews>,2009-10-24 02:52:14.007,2398.0,1,590,5,,2398,210.0,2311,2009-10-25 08:58:49.120,1,1.0
2329,284.0,<marketing><recommendations><affiliate>,2009-10-24 13:03:43.980,2332.0,4,638,4,,2332,121.0,2329,2009-10-24 13:37:37.723,2,1.0
2334,911.0,<web2.0>,2009-10-24 14:10:51.730,2739.0,3,6192,6,,2739,790.0,2334,2009-10-29 14:28:06.053,3,
2370,911.0,<legal>,2009-10-25 02:54:34.647,2379.0,2,2853,5,,2379,,2370,2009-10-25 05:13:38.370,3,4.0
2388,1098.0,<finance><risk>,2009-10-25 07:04:12.513,2406.0,2,439,3,,2406,19.0,2388,2009-10-25 14:24:03.210,7,1.0
2425,1113.0,<visa>,2009-10-25 23:04:36.990,2448.0,5,2324,5,1.0,2448,1126.0,2425,2009-10-26 06:05:28.737,2,
2455,1127.0,<software><application>,2009-10-26 06:30:23.990,2492.0,5,1389,6,,2492,760.0,2455,2009-10-26 18:29:50.087,4,
2460,1011.0,<ideas><market>,2009-10-26 07:26:18.387,2472.0,5,225,4,,2472,294.0,2460,2009-10-26 11:33:40.390,5,2.0
2462,911.0,<employees><ethics>,2009-10-26 09:24:57.540,2464.0,5,1681,10,1.0,2464,1038.0,2462,2009-10-26 10:10:05.187,8,
2485,742.0,<patent>,2009-10-26 16:25:34.247,6136.0,11,575,8,,6136,2053.0,2485,2010-01-07 16:27:07.620,8,2.0
2518,1005.0,<mba><co-founder><hiring>,2009-10-26 23:00:31.907,2527.0,3,1045,11,,2527,392.0,2518,2009-10-27 00:41:41.053,2,2.0
2529,1103.0,<marketing>,2009-10-27 01:01:05.320,2547.0,13,632,8,,2547,294.0,2529,2009-10-27 08:18:35.293,10,3.0
2533,1133.0,<funding><web><planning><monetization>,2009-10-27 01:37:11.317,2560.0,6,276,6,1.0,2560,284.0,2533,2009-10-27 14:13:00.617,3,
2551,911.0,<development><testing>,2009-10-27 12:49:16.393,2582.0,3,278,9,1.0,2582,218.0,2551,2009-10-27 19:53:56.023,4,1.0
2556,1005.0,<market-analysis><viability><cost-benefit>,2009-10-27 13:22:23.320,2620.0,6,632,5,,2620,294.0,2556,2009-10-28 10:33:08.407,7,3.0
2594,759.0,<employees><contract>,2009-10-28 00:01:19.257,2610.0,2,292,6,,2610,123.0,2594,2009-10-28 02:49:59.160,7,
2601,911.0,<employees><ethics>,2009-10-28 00:57:56.797,2615.0,5,516,6,,2615,218.0,2601,2009-10-28 06:41:00.673,4,
2623,473.0,<legal><marketing>,2009-10-28 11:45:10.853,2631.0,4,130,4,,2631,296.0,2623,2009-10-28 13:25:57.180,4,1.0
2683,58.0,<pricing><saas>,2009-10-28 21:51:23.660,2694.0,12,1083,9,,2694,2.0,2683,2009-10-28 22:58:29.683,10,1.0
2695,13.0,<legal><contract><tax>,2009-10-28 23:02:56.137,2698.0,0,147,2,,2698,123.0,2695,2009-10-28 23:51:09.780,1,
2721,1187.0,<software><tools>,2009-10-29 06:59:58.817,2742.0,3,1143,8,1.0,2742,843.0,2721,2009-10-29 15:46:49.293,1,
2722,1189.0,<ideas>,2009-10-29 07:43:49.510,2752.0,3,680,9,,2752,1074.0,2722,2009-10-29 17:59:50.107,2,
2732,818.0,<partner><contract><co-founder>,2009-10-29 11:59:33.633,2736.0,30,3728,7,2.0,2736,284.0,2732,2009-10-29 12:35:44.363,18,3.0
2738,1194.0,<resources>,2009-10-29 13:04:23.977,2910.0,3,93,3,,2910,1194.0,2738,2009-11-02 02:22:43.153,1,
2753,18.0,<founders><equity>,2009-10-29 19:37:24.660,2777.0,9,912,4,,2777,1005.0,2753,2009-10-29 23:22:51.687,3,
2763,1086.0,<funding>,2009-10-29 22:11:44.403,2821.0,8,912,10,3.0,2821,1148.0,2763,2009-10-30 13:52:08.903,3,2.0
2773,1086.0,<advertising>,2009-10-29 22:49:01.283,2790.0,8,8976,6,,2790,123.0,2773,2009-10-30 02:44:46.310,10,1.0
2783,,<legal>,2009-10-30 00:33:33.790,2792.0,14,2251,6,,2792,23.0,2783,2009-10-30 03:39:01.660,7,2.0
2797,911.0,<business><funding>,2009-10-30 06:07:30.783,2804.0,5,9612,8,,2804,115.0,2797,2009-10-30 07:26:05.050,5,1.0
2803,946.0,<ecommerce><website>,2009-10-30 07:21:16.267,2849.0,2,4808,4,,2849,1005.0,2803,2009-10-30 20:58:28.563,4,1.0
2822,1090.0,<marketing><coverage><outsourcing>,2009-10-30 14:09:11.993,3575.0,2,130,2,,3575,1281.0,2822,2009-11-13 08:59:11.160,1,
2861,1074.0,<blog><technical>,2009-10-31 02:26:01.397,2886.0,1,504,6,,2886,1172.0,2861,2009-11-01 02:59:35.863,6,4.0
2889,1084.0,<pricing><saas><subscriptions>,2009-11-01 08:26:50.523,2890.0,13,1309,9,2.0,2890,309.0,2889,2009-11-01 10:43:44.157,7,1.0
2898,326.0,<insurance>,2009-11-01 18:10:27.053,2904.0,4,437,6,,2904,123.0,2898,2009-11-01 22:52:27.450,5,
2900,,<health-insurance>,2009-11-01 20:26:03.630,2903.0,9,592,8,,2903,1194.0,2900,2009-11-01 21:21:21.757,2,3.0
2905,911.0,<employees><recruiting>,2009-11-02 00:00:26.403,2911.0,7,2099,8,,2911,1194.0,2905,2009-11-02 02:45:05.927,15,4.0
2928,911.0,<sales><marketing>,2009-11-02 10:16:05.747,2932.0,4,579,11,,2932,294.0,2928,2009-11-02 13:13:38.580,7,
2943,329.0,<legal><contract><founders><incorporation>,2009-11-02 17:46:10.323,2965.0,2,1333,6,,2965,293.0,2943,2009-11-03 02:24:23.893,2,
3005,594.0,<technology>,2009-11-03 21:46:08.503,3010.0,3,6147,12,,3010,2.0,3005,2009-11-03 23:06:56.580,4,2.0
3006,78.0,<community>,2009-11-03 22:20:03.040,3022.0,2,787,5,,3022,1261.0,3006,2009-11-04 03:11:10.540,2,1.0
3019,433.0,<website><web2.0><marketing><research>,2009-11-04 02:04:57.430,4392.0,2,335,4,2.0,4392,888.0,3019,2009-11-30 23:56:40.847,1,1.0
3020,433.0,<marketing><location>,2009-11-04 02:27:53.917,3035.0,2,221,4,,3035,294.0,3020,2009-11-04 10:47:02.727,2,2.0
3023,1263.0,<software><recommendations>,2009-11-04 03:12:38.477,3966.0,14,2135,11,2.0,3966,164.0,3023,2009-11-22 11:56:39.217,1,
3026,58.0,<web>,2009-11-04 03:46:20.893,3031.0,3,115,1,,3031,605.0,3026,2009-11-04 09:01:24.627,1,
3029,1264.0,<founders>,2009-11-04 08:37:45.650,3030.0,6,563,5,,3030,605.0,3029,2009-11-04 08:55:06.163,9,2.0
3056,78.0,<equity><co-founder>,2009-11-04 21:43:06.220,3060.0,7,2816,9,,3060,1261.0,3056,2009-11-04 23:31:23.133,10,1.0
3092,790.0,<website>,2009-11-05 09:58:41.427,3094.0,0,516,9,,3094,557.0,3092,2009-11-05 10:45:23.587,1,2.0
3111,433.0,<marketing><sales><b2b><seo>,2009-11-05 17:12:00.837,3170.0,5,302,6,2.0,3170,1335.0,3111,2009-11-06 02:50:32.920,8,
3142,412.0,<legal><california>,2009-11-05 21:27:03.607,3236.0,4,1141,5,,3236,1074.0,3142,2009-11-07 00:35:04.927,5,1.0
3188,1100.0,<marketing><advertising><recommendations>,2009-11-06 12:38:07.093,3249.0,1,225,2,,3249,42.0,3188,2009-11-07 05:01:11.553,0,
3213,1362.0,<ideas>,2009-11-06 18:36:48.173,3253.0,3,171,6,,3253,1158.0,3213,2009-11-07 05:39:38.040,5,1.0
3217,418.0,<marketing><launch>,2009-11-06 19:10:56.077,3247.0,5,430,2,,3247,42.0,3217,2009-11-07 04:35:01.910,6,3.0
3233,1098.0,<planning><employees><office>,2009-11-06 23:49:26.053,3239.0,26,6703,8,3.0,3239,1343.0,3233,2009-11-07 01:08:08.950,18,5.0
3234,1098.0,<salary>,2009-11-07 00:05:06.127,3237.0,9,4968,8,,3237,1343.0,3234,2009-11-07 01:00:13.633,9,5.0
3257,425.0,<business-model><revenue>,2009-11-07 06:36:35.357,3407.0,6,943,5,,3407,1281.0,3257,2009-11-10 09:38:42.193,8,3.0
3262,847.0,<ecommerce><business-plan>,2009-11-07 09:20:45.967,3264.0,0,311,4,,3264,392.0,3262,2009-11-07 10:40:06.980,2,4.0
3272,585.0,<leadership><entrepreneurs>,2009-11-07 14:43:10.767,3278.0,10,3682,22,2.0,3278,957.0,3272,2009-11-07 15:14:41.980,13,4.0
3295,60.0,<infrastructure><launch><metrics>,2009-11-07 21:12:56.037,3301.0,5,984,3,1.0,3301,1261.0,3295,2009-11-08 02:24:31.030,7,3.0
3313,309.0,<facebook><website><networking>,2009-11-08 09:03:33.470,3451.0,0,352,3,,3451,1281.0,3313,2009-11-11 09:01:28.180,4,3.0
3331,473.0,<screencast><video><marketing>,2009-11-08 23:21:59.683,3332.0,4,679,15,,3332,60.0,3331,2009-11-08 23:53:55.207,11,
3360,1406.0,<hiring>,2009-11-09 15:36:07.713,3373.0,2,875,3,,3373,1074.0,3360,2009-11-09 19:13:06.630,1,3.0
3368,1411.0,<launch>,2009-11-09 18:30:18.943,3398.0,11,1148,13,4.0,3398,888.0,3368,2009-11-10 02:59:07.020,11,
3375,1152.0,<pitch>,2009-11-09 19:50:10.840,3483.0,2,302,2,,3483,2.0,3375,2009-11-11 19:29:39.663,3,
3385,1420.0,<outsourcing><bootstrapped>,2009-11-09 22:03:13.003,3389.0,7,1925,14,,3389,1416.0,3385,2009-11-10 00:08:39.537,13,4.0
3409,,<entrepreneurs>,2009-11-10 10:31:24.073,3410.0,2,360,19,1.0,3410,1343.0,3409,2009-11-10 10:33:26.753,4,2.0
3446,1098.0,<marketing><sales>,2009-11-11 05:46:22.953,3448.0,3,224,2,,3448,1281.0,3446,2009-11-11 06:42:26.047,8,4.0
3454,1449.0,<risk><co-founder>,2009-11-11 10:59:48.400,3455.0,3,425,9,2.0,3455,1261.0,3454,2009-11-11 12:03:18.317,6,
3488,1420.0,<legal>,2009-11-11 20:38:28.650,3495.0,4,427,3,,3495,404.0,3488,2009-11-11 22:48:01.317,7,1.0
3496,911.0,<employees><side-projects>,2009-11-11 23:37:39.070,3519.0,2,392,4,,3519,1473.0,3496,2009-11-12 14:09:17.580,4,
3500,1098.0,<customer-support>,2009-11-12 02:23:28.903,3507.0,5,416,8,,3507,1084.0,3500,2009-11-12 05:10:04.227,4,
3510,423.0,<profile><geography><social-network>,2009-11-12 05:50:19.857,3522.0,3,229,6,,3522,309.0,3510,2009-11-12 14:30:35.670,4,
3532,329.0,<patent><funding><risk>,2009-11-12 18:03:08.863,3545.0,7,324,3,,3545,218.0,3532,2009-11-12 22:20:48.810,12,3.0
3537,1476.0,<customer-support>,2009-11-12 19:34:13.683,3582.0,2,197,4,,3582,1497.0,3537,2009-11-13 14:52:50.010,1,1.0
3561,1491.0,<software><marketing><trial>,2009-11-13 04:29:50.567,3563.0,2,124,3,,3563,392.0,3561,2009-11-13 04:33:06.817,2,1.0
3566,1491.0,<software><ecommerce>,2009-11-13 05:11:00.063,3571.0,3,248,2,2.0,3571,1441.0,3566,2009-11-13 06:05:35.070,5,1.0
3568,1491.0,<software><marketing><recommendations>,2009-11-13 05:45:50.663,7954.0,10,355,5,2.0,7954,2501.0,3568,2010-02-11 17:32:27.597,1,
3579,1355.0,<sales>,2009-11-13 13:18:57.563,3601.0,1,96,1,,3601,2.0,3579,2009-11-13 20:43:46.140,0,
3598,1420.0,<website><blog><marketing>,2009-11-13 19:53:46.760,3599.0,3,1412,5,,3599,2.0,3598,2009-11-13 20:30:03.437,5,3.0
3602,2.0,<pricing><marketing><costs>,2009-11-13 20:49:53.350,3627.0,5,487,11,,3627,294.0,3602,2009-11-14 12:37:25.757,3,1.0
3617,433.0,<ebook><marketing><outsourcing><software>,2009-11-14 03:27:47.273,3635.0,1,407,4,,3635,1317.0,3617,2009-11-14 18:52:30.853,3,
3634,60.0,<failure>,2009-11-14 18:08:58.033,3691.0,12,814,9,1.0,3691,1462.0,3634,2009-11-16 14:04:34.693,9,
3649,1476.0,<software>,2009-11-15 02:55:55.313,3651.0,3,831,7,,3651,1074.0,3649,2009-11-15 04:01:41.567,4,
3650,115.0,<ab-testing><metrics><analytics>,2009-11-15 02:55:57.983,3773.0,6,210,3,1.0,3773,115.0,3650,2009-11-18 01:20:13.160,0,
3654,1189.0,<research>,2009-11-15 07:45:16.997,3664.0,2,220,5,,3664,433.0,3654,2009-11-15 16:27:23.780,1,
3702,594.0,<ideas>,2009-11-16 18:41:12.827,3710.0,4,363,8,,3710,1470.0,3702,2009-11-16 20:56:55.163,7,
3717,1542.0,<equity><bootstrapped><getting-started>,2009-11-17 02:28:44.867,3720.0,3,245,5,3.0,3720,957.0,3717,2009-11-17 03:26:01.903,3,3.0
3722,911.0,<advertising><revenue>,2009-11-17 04:20:33.740,3726.0,9,1588,8,,3726,1261.0,3722,2009-11-17 06:55:12.727,3,2.0
3731,461.0,<legal><uk>,2009-11-17 15:06:16.580,3963.0,2,525,2,,3963,1152.0,3731,2009-11-22 06:50:07.640,1,1.0
3739,594.0,<co-founder>,2009-11-17 17:30:35.533,3742.0,3,1078,8,1.0,3742,1261.0,3739,2009-11-17 18:10:24.447,14,5.0
3748,940.0,<pricing>,2009-11-17 18:51:50.587,3760.0,4,899,2,,3760,1098.0,3748,2009-11-17 21:22:12.903,4,
3753,259.0,<software>,2009-11-17 19:34:44.227,3761.0,4,642,2,,3761,1555.0,3753,2009-11-17 21:29:20.777,4,1.0
3796,1565.0,<website><legal>,2009-11-18 12:49:13.680,3839.0,3,424,4,,3839,1084.0,3796,2009-11-19 08:14:46.963,6,1.0
3822,258.0,<website>,2009-11-19 02:04:29.380,3829.0,18,10307,14,2.0,3829,1491.0,3822,2009-11-19 03:48:42.313,22,3.0
3844,218.0,<investment><funding>,2009-11-19 13:15:06.147,3865.0,12,66359,14,3.0,3865,753.0,3844,2009-11-19 23:57:02.870,14,1.0
3859,1090.0,<marketing>,2009-11-19 20:34:56.960,3924.0,0,76,2,,3924,1612.0,3859,2009-11-21 00:46:51.857,1,
3860,1584.0,<contract><consulting><legal>,2009-11-19 21:28:20.573,4243.0,4,611,2,,4243,1523.0,3860,2009-11-28 02:27:54.850,7,
3862,392.0,<founders><characteristics>,2009-11-19 21:30:34.420,3896.0,0,758,7,3.0,3896,1597.0,3862,2009-11-20 17:03:23.503,2,3.0
3864,932.0,<software><legal><license>,2009-11-19 23:51:17.430,3866.0,2,91,3,,3866,1158.0,3864,2009-11-19 23:58:23.447,2,
3882,940.0,<credit-cards><finance><vendors>,2009-11-20 14:06:27.237,3908.0,7,1344,8,,3908,,3882,2009-11-20 19:04:15.317,4,1.0
3891,1594.0,<website><strategy>,2009-11-20 16:10:49.783,3901.0,3,240,6,,3901,2.0,3891,2009-11-20 17:41:24.827,5,
3899,1600.0,<facebook>,2009-11-20 17:33:21.987,3910.0,4,830,3,,3910,13.0,3899,2009-11-20 20:23:07.697,3,
3904,1602.0,<bootstrapped>,2009-11-20 18:15:52.633,3927.0,2,202,2,2.0,3927,2.0,3904,2009-11-21 03:28:18.037,1,
3919,,<location>,2009-11-20 23:11:39.233,3952.0,5,798,4,,3952,218.0,3919,2009-11-21 19:25:01.333,3,2.0
3970,1626.0,<legal>,2009-11-22 15:29:08.493,3971.0,3,1603,8,1.0,3971,2.0,3970,2009-11-22 16:29:46.157,6,1.0
3984,1629.0,<website><software><launch>,2009-11-23 00:57:27.537,3989.0,19,1178,11,,3989,888.0,3984,2009-11-23 02:08:49.810,19,3.0
3991,1281.0,<motivation><interns>,2009-11-23 02:55:38.380,3995.0,0,349,2,,3995,123.0,3991,2009-11-23 04:24:11.933,2,3.0
4032,392.0,<business>,2009-11-23 19:41:47.880,4034.0,0,391,7,,4034,1646.0,4032,2009-11-23 19:52:41.310,4,1.0
4070,1491.0,<software><sales>,2009-11-24 06:17:44.953,4076.0,6,180,3,,4076,1636.0,4070,2009-11-24 11:46:50.323,6,1.0
4079,412.0,<website><technology><vendors>,2009-11-24 14:29:23.333,6245.0,3,1373,4,,6245,2210.0,4079,2010-01-09 18:49:16.087,7,
4103,1441.0,<email><software>,2009-11-24 21:44:10.830,4105.0,1,121,2,,4105,1572.0,4103,2009-11-24 21:53:04.557,4,2.0
4104,594.0,<marketing>,2009-11-24 21:46:50.840,4109.0,2,149,6,,4109,1098.0,4104,2009-11-24 22:15:39.333,3,
4129,1010.0,<incorporation><incubators>,2009-11-25 06:08:55.650,4138.0,1,512,1,,4138,433.0,4129,2009-11-25 13:35:21.507,1,1.0
4133,1666.0,<legal><partner><termination>,2009-11-25 08:32:08.110,4139.0,4,441,4,,4139,585.0,4133,2009-11-25 13:36:31.070,5,
4134,911.0,<usa>,2009-11-25 10:51:31.613,4147.0,7,997,15,1.0,4147,1355.0,4134,2009-11-25 16:28:48.537,4,2.0
4150,1453.0,<incorporation><foreign>,2009-11-25 17:39:48.770,4167.0,0,3059,1,2.0,4167,1441.0,4150,2009-11-26 06:22:41.070,1,2.0
4178,1098.0,<marketing>,2009-11-26 17:01:01.927,4179.0,4,420,2,,4179,412.0,4178,2009-11-26 17:55:04.897,3,1.0
4188,23.0,<untagged>,2009-11-26 22:35:38.490,4189.0,9,1035,8,,4189,1098.0,4188,2009-11-26 23:52:45.640,4,
4196,1695.0,<funding>,2009-11-27 04:56:18.727,4231.0,1,94,1,,4231,2.0,4196,2009-11-27 15:48:51.793,3,2.0
4202,1696.0,<pricing><consulting>,2009-11-27 06:01:51.730,4220.0,10,985,6,1.0,4220,1261.0,4202,2009-11-27 12:33:43.810,4,
4206,911.0,<funding><venture-capital>,2009-11-27 07:07:10.833,4233.0,3,1502,5,,4233,957.0,4206,2009-11-27 16:21:50.543,7,4.0
4241,1074.0,<corporate-structure><venture-capital>,2009-11-28 01:19:07.470,4277.0,4,323,5,3.0,4277,1261.0,4241,2009-11-28 22:05:28.850,3,
4251,1706.0,<legal><copyright>,2009-11-28 11:50:36.933,4263.0,4,5638,3,1.0,4263,1441.0,4251,2009-11-28 16:05:12.890,4,2.0
4279,180.0,<sales>,2009-11-28 23:48:30.237,4280.0,6,2279,4,2.0,4280,19.0,4279,2009-11-29 01:10:06.937,13,2.0
4295,1659.0,<ideas><getting-started>,2009-11-29 16:49:19.467,4393.0,6,1226,8,2.0,4393,1752.0,4295,2009-12-01 00:03:41.517,3,1.0
4307,1546.0,<email>,2009-11-29 21:21:39.533,4327.0,0,184,3,,4327,1669.0,4307,2009-11-30 14:22:17.607,1,1.0
4309,58.0,<marketing><freemium>,2009-11-29 22:37:30.097,4315.0,2,318,4,1.0,4315,1074.0,4309,2009-11-30 03:12:35.923,1,
4312,911.0,<marketing><investment><logo>,2009-11-30 01:06:25.280,4314.0,3,555,5,,4314,19.0,4312,2009-11-30 02:51:20.537,3,2.0
4335,1172.0,<license><software><contract>,2009-11-30 16:18:49.570,4360.0,7,907,5,,4360,585.0,4335,2009-11-30 19:22:53.213,6,
4338,517.0,<website><marketing><branding>,2009-11-30 16:59:45.963,4391.0,5,434,7,2.0,4391,1752.0,4338,2009-11-30 23:55:30.990,2,
4344,1702.0,<launch><advertising>,2009-11-30 17:37:29.160,4353.0,2,951,2,,4353,1441.0,4344,2009-11-30 18:44:50.230,3,1.0
4349,759.0,<blog><marketing>,2009-11-30 18:07:26.887,4388.0,0,114,2,2.0,4388,1030.0,4349,2009-11-30 23:15:58.530,1,1.0
4355,433.0,<research><resources>,2009-11-30 18:52:29.793,4381.0,5,399,7,2.0,4381,1158.0,4355,2009-11-30 22:07:00.647,2,
4390,888.0,<seo><resources><marketing><advertising><google>,2009-11-30 23:35:21.203,4464.0,14,914,12,,4464,585.0,4390,2009-12-01 22:18:22.607,3,1.0
4397,1629.0,<software><pricing>,2009-12-01 00:47:57.347,4400.0,3,742,5,,4400,326.0,4397,2009-12-01 02:14:41.127,8,2.0
4399,412.0,<business><business-plan><planning>,2009-12-01 01:30:43.770,4440.0,3,232,2,2.0,4440,585.0,4399,2009-12-01 17:02:07.933,7,5.0
4445,585.0,<networking><marketing>,2009-12-01 17:59:26.783,4447.0,4,467,8,2.0,4447,1740.0,4445,2009-12-01 18:08:31.503,8,3.0
4461,1761.0,<legal><copyright>,2009-12-01 22:01:10.267,4469.0,4,2577,2,,4469,1441.0,4461,2009-12-02 00:39:42.133,1,1.0
4468,594.0,<marketing><pricing>,2009-12-02 00:15:55.943,4473.0,6,3950,7,1.0,4473,940.0,4468,2009-12-02 01:59:32.037,9,
4497,1761.0,<outsourcing><recommendations>,2009-12-02 17:29:54.180,4503.0,1,416,7,2.0,4503,425.0,4497,2009-12-02 19:29:05.400,0,2.0
4589,1787.0,<employees>,2009-12-04 10:09:44.003,4647.0,4,1593,12,3.0,4647,2.0,4589,2009-12-05 20:21:41.837,8,
4590,911.0,<employees><intellectual-property>,2009-12-04 10:30:02.123,4605.0,2,1551,8,2.0,4605,1441.0,4590,2009-12-04 16:22:57.880,3,
4591,1788.0,<funding>,2009-12-04 10:50:01.800,4593.0,3,186,5,,4593,557.0,4591,2009-12-04 12:26:08.307,4,2.0
4607,346.0,<entrepreneurs>,2009-12-04 17:47:52.627,4610.0,2,172,3,,4610,585.0,4607,2009-12-04 18:18:48.573,1,
4612,1791.0,<sales><reports>,2009-12-04 18:55:35.433,4616.0,7,307,5,2.0,4616,876.0,4612,2009-12-04 20:09:04.667,4,2.0
4652,760.0,<timing><incorporation><legal><partnerships>,2009-12-05 21:17:01.353,4666.0,3,288,4,1.0,4666,19.0,4652,2009-12-06 02:57:17.210,4,1.0
4653,585.0,<entrepreneurs>,2009-12-05 23:06:17.887,4671.0,4,344,7,,4671,1172.0,4653,2009-12-06 05:07:09.147,3,1.0
4662,1441.0,<networking>,2009-12-06 01:27:14.973,4663.0,1,90,5,,4663,1030.0,4662,2009-12-06 01:40:54.643,2,
4672,1172.0,<selling-business><exit-strategy>,2009-12-06 05:27:09.013,4676.0,3,331,4,,4676,585.0,4672,2009-12-06 13:25:58.627,2,1.0
4675,1453.0,<co-founder><equity>,2009-12-06 12:43:40.923,4678.0,5,3316,5,,4678,19.0,4675,2009-12-06 15:05:39.653,8,4.0
4703,1752.0,<software><finance>,2009-12-07 16:38:28.863,4705.0,7,604,8,4.0,4705,4.0,4703,2009-12-07 16:47:39.410,10,1.0
4714,1729.0,<focus><software><planning><entrepreneurs>,2009-12-07 18:33:59.357,4720.0,1,77,2,,4720,585.0,4714,2009-12-07 20:09:40.803,1,1.0
4722,473.0,<marketing><launch><beta>,2009-12-07 21:35:54.740,4723.0,2,375,3,,4723,1158.0,4722,2009-12-07 21:57:22.593,2,3.0
4730,1030.0,<software><ideas>,2009-12-08 01:50:16.660,4732.0,5,1152,6,,4732,1158.0,4730,2009-12-08 02:22:31.813,9,
4731,1828.0,<llc><tax>,2009-12-08 02:09:47.407,4734.0,5,3291,3,,4734,585.0,4731,2009-12-08 02:42:40.500,6,2.0
4757,1702.0,<enterprise><corporate-structure>,2009-12-08 15:21:20.877,4806.0,4,1088,4,,4806,4.0,4757,2009-12-09 03:54:19.213,1,
4786,,<products><management>,2009-12-08 21:53:34.157,4826.0,2,117,2,,4826,2.0,4786,2009-12-09 16:26:21.737,1,2.0
4793,473.0,<screencast><marketing><video>,2009-12-08 23:59:46.937,5872.0,4,1005,8,0.0,5872,973.0,4793,2010-01-03 17:36:06.463,3,1.0
4808,1846.0,<networking>,2009-12-09 04:05:45.867,4810.0,3,106,2,1.0,4810,180.0,4808,2009-12-09 05:21:06.893,2,1.0
4837,1859.0,<technical><infrastructure>,2009-12-09 20:34:41.800,4843.0,3,186,4,,4843,876.0,4837,2009-12-09 21:54:50.587,0,2.0
4842,594.0,<venture-capital><exit-strategy><board>,2009-12-09 21:29:23.920,4847.0,2,1127,3,,4847,1598.0,4842,2009-12-09 23:17:46.103,2,
4852,911.0,<sales>,2009-12-10 03:44:41.460,4853.0,2,545,2,,4853,1030.0,4852,2009-12-10 04:12:58.517,2,1.0
4857,1859.0,<social-network>,2009-12-10 11:12:37.030,4860.0,0,622,5,,4860,1831.0,4857,2009-12-10 12:38:41.240,2,3.0
4877,1791.0,<software>,2009-12-10 22:06:22.090,4878.0,2,343,3,,4878,1030.0,4877,2009-12-10 22:13:57.223,3,2.0
4889,1796.0,<email><marketing>,2009-12-11 03:58:19.960,4916.0,9,1641,13,1.0,4916,1572.0,4889,2009-12-11 14:47:28.700,17,6.0
4892,258.0,<legal><nda>,2009-12-11 04:23:27.957,4920.0,6,1378,7,,4920,2.0,4892,2009-12-11 15:25:55.077,10,1.0
4904,1859.0,<copyright><license><open-source>,2009-12-11 07:23:36.663,4912.0,3,624,3,1.0,4912,294.0,4904,2009-12-11 12:32:01.797,5,
4934,1646.0,<partnerships><partner><business><co-founder>,2009-12-11 20:34:03.687,5050.0,4,2401,9,,5050,,4934,2009-12-14 05:28:35.700,5,
4952,1030.0,<payments><legal>,2009-12-12 03:04:49.887,4953.0,6,5197,3,1.0,4953,123.0,4952,2009-12-12 03:10:44.353,14,1.0
4966,969.0,<technology>,2009-12-12 08:20:51.950,5335.0,0,158,1,3.0,5335,1669.0,4966,2009-12-21 00:49:34.333,2,4.0
4993,1784.0,<employees><human-resources><benefits>,2009-12-12 21:51:48.500,5011.0,6,9861,15,,5011,19.0,4993,2009-12-13 16:07:23.957,10,1.0
5001,1729.0,<technology><software><business>,2009-12-13 09:29:03.230,5003.0,1,145,2,,5003,1030.0,5001,2009-12-13 09:58:56.683,3,3.0
5021,585.0,<sales><advertising>,2009-12-13 18:56:01.677,5160.0,2,164,2,,5160,123.0,5021,2009-12-16 03:21:18.677,2,1.0
5025,4335.0,<office><real-estate>,2009-12-14 01:00:09.270,5026.0,9,4723,1,,5026,4335.0,5025,2009-12-14 01:08:46.020,13,
5027,4335.0,<office><real-estate><san-francisco><silicon-valley>,2009-12-14 01:10:47.473,5488.0,6,3763,6,1.0,5488,585.0,5027,2009-12-24 16:37:56.557,3,
5028,4335.0,<office-space><real-estate>,2009-12-14 01:12:17.310,5260.0,4,939,1,0.0,5260,1098.0,5028,2009-12-18 16:47:12.493,1,2.0
5029,4335.0,<office-space><real-estate>,2009-12-14 01:13:36.253,5034.0,7,3515,6,3.0,5034,,5029,2009-12-14 02:00:25.120,3,
5061,85.0,<equity>,2009-12-14 10:16:45.407,5071.0,0,196,1,,5071,496.0,5061,2009-12-14 14:26:41.730,2,
5082,1735.0,<funding><angel>,2009-12-14 18:23:45.717,5094.0,0,281,3,,5094,1940.0,5082,2009-12-14 21:41:49.547,2,
5087,1931.0,<contests>,2009-12-14 18:44:44.003,5096.0,2,90,2,,5096,218.0,5087,2009-12-14 22:21:06.377,2,
5091,1831.0,<entrepreneurs><outsourcing>,2009-12-14 20:48:42.897,5093.0,5,292,7,,5093,218.0,5091,2009-12-14 21:23:08.210,5,1.0
5097,1939.0,<marketing><inbound-marketing>,2009-12-14 22:36:15.053,5304.0,2,415,4,,5304,1801.0,5097,2009-12-19 16:50:09.987,1,
5101,1629.0,<software>,2009-12-15 01:47:14.060,5106.0,0,126,2,2.0,5106,1158.0,5101,2009-12-15 03:05:27.330,1,5.0
5102,1900.0,<marketing>,2009-12-15 02:07:33.317,5149.0,4,366,4,,5149,2.0,5102,2009-12-15 22:59:56.593,1,1.0
5129,1030.0,<user-interface><copyright><legal>,2009-12-15 16:01:21.633,5130.0,9,2352,4,,5130,1261.0,5129,2009-12-15 16:36:45.397,8,4.0
5144,1940.0,<advertising><marketing>,2009-12-15 21:36:33.780,5153.0,1,1089,1,2.0,5153,1831.0,5144,2009-12-16 01:38:26.457,2,1.0
5154,1958.0,<legal>,2009-12-16 02:46:10.727,5159.0,6,6446,5,1.0,5159,123.0,5154,2009-12-16 03:15:55.567,12,1.0
5168,1711.0,<user-interface>,2009-12-16 12:37:52.533,5173.0,4,638,6,1.0,5173,294.0,5168,2009-12-16 15:04:02.060,4,1.0
5187,1961.0,<legal><funding>,2009-12-16 20:07:30.923,5195.0,4,914,1,,5195,2.0,5187,2009-12-16 22:08:51.753,5,6.0
5188,1669.0,<software><tools>,2009-12-16 20:24:26.817,5198.0,5,906,7,1.0,5198,1546.0,5188,2009-12-16 23:26:30.630,6,1.0
5203,425.0,<website><design>,2009-12-17 02:40:31.733,5204.0,3,572,9,2.0,5204,1711.0,5203,2009-12-17 02:57:47.187,2,1.0
5237,1958.0,<business-process>,2009-12-18 00:28:06.933,6672.0,2,457,7,,6672,1958.0,5237,2010-01-17 15:51:39.390,0,
5261,1030.0,<saas>,2009-12-18 17:14:37.187,5262.0,13,546,6,1.0,5262,2.0,5261,2009-12-18 17:17:30.913,22,1.0
5266,594.0,<founders>,2009-12-18 18:44:11.557,5288.0,3,3965,9,1.0,5288,1598.0,5266,2009-12-19 00:34:46.040,15,6.0
5267,1163.0,<hiring>,2009-12-18 18:44:42.647,5280.0,4,693,5,,5280,1975.0,5267,2009-12-18 22:06:28.107,3,
5297,473.0,<license><sales><marketing><software>,2009-12-19 13:43:28.663,5299.0,3,224,8,3.0,5299,585.0,5297,2009-12-19 14:17:30.920,2,
5302,1961.0,<funding>,2009-12-19 16:16:42.613,5320.0,1,188,4,,5320,1172.0,5302,2009-12-20 04:40:02.473,3,1.0
5343,440.0,<pricing><marketing>,2009-12-21 07:25:07.667,5348.0,7,828,4,,5348,585.0,5343,2009-12-21 13:28:42.330,7,1.0
5355,1669.0,<office><location>,2009-12-21 18:24:26.790,5359.0,10,720,8,0.0,5359,19.0,5355,2009-12-21 20:49:57.973,18,4.0
5364,1653.0,<planning><subscriptions><webservices><web>,2009-12-21 22:58:08.800,5369.0,8,1812,4,,5369,1669.0,5364,2009-12-22 01:47:45.683,6,5.0
5387,,<ecommerce><website><marketing>,2009-12-22 13:34:24.877,5416.0,1,833,13,1.0,5416,759.0,5387,2009-12-23 01:16:59.417,2,
5394,1194.0,<software><enterprise>,2009-12-22 14:55:26.633,5401.0,8,1292,4,,5401,1669.0,5394,2009-12-22 16:58:17.730,7,
5406,1702.0,<launch><enterprise><software><b2b>,2009-12-22 18:53:55.860,6149.0,3,396,6,2.0,6149,2177.0,5406,2010-01-07 19:50:05.640,2,
5412,1441.0,<hiring><tax>,2009-12-22 23:01:15.243,5469.0,4,1527,2,2.0,5469,957.0,5412,2009-12-24 01:12:02.887,2,2.0
5414,911.0,<open-source><marketing>,2009-12-22 23:42:54.643,5427.0,4,226,3,4.0,5427,294.0,5414,2009-12-23 14:58:41.513,6,4.0
5431,1669.0,<analytics><business-intelligence>,2009-12-23 15:43:48.293,5535.0,3,343,8,1.0,5535,911.0,5431,2009-12-26 23:27:34.317,0,
5444,2026.0,<pricing><sales><strategy>,2009-12-23 17:48:49.083,5459.0,8,231,5,1.0,5459,1669.0,5444,2009-12-23 20:21:09.050,6,
5445,517.0,<competition><ideas>,2009-12-23 18:19:41.840,5603.0,15,1062,9,1.0,5603,1987.0,5445,2009-12-29 03:39:32.400,6,1.0
5470,1653.0,<design><website>,2009-12-24 01:55:28.650,5471.0,4,82,2,,5471,1074.0,5470,2009-12-24 02:18:29.283,3,1.0
5481,2034.0,<statistics>,2009-12-24 11:02:27.833,5485.0,2,605,4,1.0,5485,2.0,5481,2009-12-24 15:06:28.590,2,
5494,1653.0,<community><incentives>,2009-12-24 22:26:16.427,5520.0,5,194,4,2.0,5520,837.0,5494,2009-12-25 21:16:19.660,4,1.0
5506,250.0,<co-founder>,2009-12-25 15:25:23.117,5508.0,7,2010,8,4.0,5508,1441.0,5506,2009-12-25 15:48:15.890,8,4.0
5510,473.0,<development><customer-support><features><crm>,2009-12-25 16:42:53.227,5511.0,15,1295,11,3.0,5511,1098.0,5510,2009-12-25 17:09:47.480,13,5.0
5526,742.0,<google><analytics>,2009-12-26 04:34:20.577,5531.0,1,346,2,,5531,2.0,5526,2009-12-26 18:20:04.487,0,5.0
5540,1832.0,<angel><investment><foreign>,2009-12-27 08:44:35.980,5544.0,2,358,5,,5544,250.0,5540,2009-12-27 12:43:48.010,1,2.0
5550,4.0,<marketing><pricing>,2009-12-27 17:32:11.940,5554.0,8,803,16,,5554,98.0,5550,2009-12-27 18:00:41.183,9,1.0
5566,888.0,<morality><success>,2009-12-27 20:12:45.593,5572.0,7,603,12,3.0,5572,1074.0,5566,2009-12-28 00:46:23.733,4,6.0
5581,85.0,<advertising>,2009-12-28 04:09:28.760,5592.0,4,231,5,,5592,294.0,5581,2009-12-28 16:20:43.870,6,
5582,1832.0,<funding><trial>,2009-12-28 06:13:16.643,5589.0,3,217,2,2.0,5589,1752.0,5582,2009-12-28 15:12:54.927,5,3.0
5609,585.0,<hiring><consulting>,2009-12-29 13:19:28.813,5612.0,3,913,4,,5612,1194.0,5609,2009-12-29 15:17:37.547,2,1.0
5610,1194.0,<business-services><phone><it>,2009-12-29 14:28:14.797,5613.0,2,347,4,,5613,1940.0,5610,2009-12-29 16:19:14.713,8,2.0
5631,1098.0,<hosting><lease><cost-benefit>,2009-12-29 22:49:43.773,5636.0,4,768,4,1.0,5636,2038.0,5631,2009-12-29 23:36:40.630,8,2.0
5640,1280.0,<website>,2009-12-30 00:36:52.120,5645.0,3,643,4,,5645,585.0,5640,2009-12-30 04:09:55.000,2,2.0
5659,2067.0,<business><focus><entrepreneurs><employees>,2009-12-30 12:06:39.763,7059.0,7,1083,8,,7059,2119.0,5659,2010-01-24 07:17:34.187,5,
5728,258.0,<products><management><apps>,2009-12-31 07:31:56.650,5738.0,3,194,8,,5738,2094.0,5728,2009-12-31 12:06:29.023,5,1.0
5730,2091.0,<marketing><advertising>,2009-12-31 09:02:06.483,5745.0,1,259,3,,5745,294.0,5730,2009-12-31 13:28:48.310,2,1.0
5735,2094.0,<marketing><branding><design>,2009-12-31 11:29:16.960,5746.0,7,1062,9,,5746,585.0,5735,2009-12-31 13:31:08.960,9,
5761,567.0,<marketing>,2009-12-31 16:58:49.027,5774.0,2,89,2,4.0,5774,2053.0,5761,2009-12-31 19:51:08.867,2,2.0
5797,2094.0,<business>,2010-01-01 09:14:05.207,5809.0,2,217,3,,5809,346.0,5797,2010-01-01 17:05:32.847,0,2.0
5800,2094.0,<marketing>,2010-01-01 10:27:45.753,5823.0,3,126,1,,5823,973.0,5800,2010-01-02 01:39:28.907,5,
5832,1729.0,<growth><affiliate><strategy><saas>,2010-01-02 07:09:15.947,5846.0,3,171,2,,5846,2.0,5832,2010-01-02 21:11:00.007,1,1.0
5838,2111.0,<partner><legal>,2010-01-02 17:16:57.383,5844.0,3,1156,4,1.0,5844,2.0,5838,2010-01-02 21:04:53.600,5,
5842,,<incorporation>,2010-01-02 20:53:22.720,5843.0,2,569,3,,5843,2.0,5842,2010-01-02 20:56:05.053,3,
5849,2117.0,<pricing><marketing>,2010-01-03 01:54:28.687,5853.0,11,1060,6,3.0,5853,1796.0,5849,2010-01-03 04:41:32.687,3,3.0
5854,1653.0,<legal>,2010-01-03 05:25:59.013,5885.0,10,4214,1,,5885,1841.0,5854,2010-01-04 00:50:46.817,8,1.0
5858,2092.0,<enterprise><sales><pricing>,2010-01-03 08:56:38.767,5862.0,5,687,7,2.0,5862,1752.0,5858,2010-01-03 14:07:05.367,9,1.0
5864,2122.0,<venture-capital><angel>,2010-01-03 15:26:23.290,5870.0,11,426,5,2.0,5870,585.0,5864,2010-01-03 16:21:01.497,5,
5879,2126.0,<email><deliverability>,2010-01-03 19:12:15.757,5892.0,4,139,3,1.0,5892,2.0,5879,2010-01-04 01:56:02.050,2,
5880,837.0,<application><seed-funding><incubators>,2010-01-03 19:12:40.750,5883.0,6,1485,3,,5883,1801.0,5880,2010-01-03 23:41:40.603,9,1.0
5889,2122.0,<hosting>,2010-01-04 01:42:46.040,5934.0,2,321,5,,5934,1252.0,5889,2010-01-04 17:04:08.477,0,1.0
5914,473.0,<privacy><marketing><metrics>,2010-01-04 13:56:42.573,5946.0,4,111,6,,5946,502.0,5914,2010-01-04 18:24:24.757,3,
5977,311.0,<founder><saas>,2010-01-04 22:59:10.450,5980.0,6,462,6,1.0,5980,911.0,5977,2010-01-04 23:28:05.907,4,
5983,911.0,<location>,2010-01-04 23:43:17.197,5998.0,3,1376,9,,5998,2153.0,5983,2010-01-05 05:50:30.430,3,
5984,2151.0,<legal><sales><payments>,2010-01-04 23:48:52.217,5986.0,5,297,5,1.0,5986,311.0,5984,2010-01-05 00:08:30.560,5,1.0
5992,1629.0,<software><strategy>,2010-01-05 03:28:40.440,6008.0,1,275,3,,6008,1778.0,5992,2010-01-05 12:28:55.270,0,2.0
6014,311.0,<marketing><co-founder><founder><saas>,2010-01-05 13:16:43.147,6020.0,22,1064,5,1.0,6020,2.0,6014,2010-01-05 15:12:39.947,11,2.0
6021,2058.0,<backup>,2010-01-05 15:39:58.800,6030.0,1,146,4,,6030,496.0,6021,2010-01-05 17:18:36.137,1,
6038,2122.0,<web><design>,2010-01-05 20:28:01.063,6039.0,4,1428,18,1.0,6039,1801.0,6038,2010-01-05 20:34:32.533,17,2.0
6046,,<website><domain><trademark><canada>,2010-01-05 22:18:57.753,6052.0,2,293,4,,6052,1629.0,6046,2010-01-06 00:30:13.663,3,2.0
6057,2094.0,<sales>,2010-01-06 01:32:26.933,6073.0,0,152,1,1.0,6073,2177.0,6057,2010-01-06 15:24:37.803,2,1.0
6059,1629.0,<email><newsletter><sales><strategy>,2010-01-06 03:14:59.243,6083.0,4,450,3,,6083,294.0,6059,2010-01-06 19:34:22.157,3,1.0
6061,412.0,<marketing>,2010-01-06 03:29:55.723,6080.0,0,61,1,,6080,,6061,2010-01-06 17:49:04.697,0,1.0
6076,2176.0,<ideas><getting-started>,2010-01-06 15:56:18.057,6077.0,6,557,9,2.0,6077,973.0,6076,2010-01-06 16:07:18.257,6,
6086,878.0,<usa><benefits>,2010-01-06 19:53:29.000,6090.0,8,4474,7,,6090,2111.0,6086,2010-01-06 20:10:47.947,9,1.0
6101,1090.0,<partner><software>,2010-01-06 22:52:46.603,6549.0,3,607,6,2.0,6549,2244.0,6101,2010-01-15 02:13:13.567,1,
6109,412.0,<marketing><website>,2010-01-07 04:27:28.937,6141.0,4,239,6,,6141,2032.0,6109,2010-01-07 18:23:22.813,5,
6140,2189.0,<software>,2010-01-07 18:10:40.987,6148.0,2,973,3,,6148,19.0,6140,2010-01-07 19:34:28.353,2,2.0
6154,2111.0,<development><consulting><hiring><saas><outsourcing>,2010-01-07 21:09:32.903,6155.0,9,2241,11,2.0,6155,2053.0,6154,2010-01-07 21:34:35.643,5,
6174,2117.0,<sales>,2010-01-08 06:52:14.777,6182.0,6,574,4,,6182,294.0,6174,2010-01-08 13:23:45.723,6,2.0
6189,1553.0,<equity><partner>,2010-01-08 16:28:21.943,6192.0,5,1177,2,,6192,2.0,6189,2010-01-08 17:16:29.500,6,1.0
6204,2142.0,<foreign><getting-started>,2010-01-08 20:42:09.720,6208.0,19,1312,11,1.0,6208,1172.0,6204,2010-01-08 21:05:05.817,17,2.0
6211,1653.0,<marketing>,2010-01-08 21:32:26.087,6215.0,2,73,2,,6215,1172.0,6211,2010-01-08 21:58:06.210,3,1.0
6252,60.0,<marketing>,2010-01-09 23:00:05.780,6253.0,7,740,4,1.0,6253,218.0,6252,2010-01-09 23:13:08.360,3,
6266,,<marketing><tools><research>,2010-01-10 15:13:25.727,6269.0,3,361,2,,6269,311.0,6266,2010-01-10 17:40:26.193,2,
6274,1163.0,<sales><enterprise>,2010-01-10 21:19:35.447,6313.0,4,524,3,,6313,19.0,6274,2010-01-11 18:48:03.567,4,1.0
6279,,<launch><customer-support>,2010-01-11 02:12:39.570,6285.0,5,201,4,,6285,2.0,6279,2010-01-11 03:24:30.040,6,1.0
6287,1491.0,<digital-product><physical-product><distribution>,2010-01-11 04:08:35.180,6306.0,3,77,3,,6306,888.0,6287,2010-01-11 17:19:50.380,1,
6290,85.0,<business><recommendations><strategy>,2010-01-11 08:57:48.620,6377.0,4,458,4,,6377,1100.0,6290,2010-01-12 09:58:38.057,5,
6291,2151.0,<email><customer-support><bootstrapped><deliverability>,2010-01-11 09:17:02.840,6300.0,5,974,4,1.0,6300,2210.0,6291,2010-01-11 16:10:14.337,3,4.0
6293,2223.0,<nda><marketing><legal>,2010-01-11 10:26:46.040,6295.0,3,984,5,,6295,585.0,6293,2010-01-11 13:21:15.860,2,2.0
6312,2188.0,<products>,2010-01-11 18:25:46.800,6318.0,5,253,5,,6318,123.0,6312,2010-01-11 19:22:06.733,8,1.0
6320,2094.0,<marketing><sales>,2010-01-11 19:32:22.047,6325.0,5,161,5,,6325,2.0,6320,2010-01-11 20:18:52.493,7,
6328,2094.0,<sales><freemium>,2010-01-11 21:11:50.807,6344.0,3,320,4,,6344,19.0,6328,2010-01-12 01:36:54.510,2,
6349,2228.0,<co-founder>,2010-01-12 03:01:54.433,6356.0,7,430,3,,6356,42.0,6349,2010-01-12 04:14:39.303,4,
6368,2230.0,<getting-started>,2010-01-12 08:51:01.743,6380.0,2,197,3,,6380,2177.0,6368,2010-01-12 10:26:10.683,2,
6381,2232.0,<business>,2010-01-12 11:57:02.180,6416.0,2,115,3,0.0,6416,2210.0,6381,2010-01-12 20:12:23.097,1,1.0
6383,2233.0,<angel><funding><mentor>,2010-01-12 12:02:49.220,6536.0,2,327,6,1.0,6536,1814.0,6383,2010-01-14 20:53:36.333,2,
6385,2232.0,<selling>,2010-01-12 12:18:26.177,6406.0,4,87,2,,6406,2.0,6385,2010-01-12 17:53:11.633,5,1.0
6387,2233.0,<payments><website>,2010-01-12 12:23:38.413,6399.0,4,1814,3,,6399,2195.0,6387,2010-01-12 14:22:35.707,1,
6392,2233.0,<website><ideas>,2010-01-12 12:44:30.783,6410.0,5,940,7,,6410,218.0,6392,2010-01-12 19:19:57.290,5,3.0
6412,2119.0,<bug-tracking><software><crm>,2010-01-12 19:37:21.643,6433.0,1,587,3,1.0,6433,1261.0,6412,2010-01-12 23:37:24.043,1,
6431,473.0,<twitter><marketing>,2010-01-12 23:11:38.120,6436.0,1,126,4,,6436,2094.0,6431,2010-01-13 00:27:51.427,1,
6442,2233.0,<funding><website><angel><investors>,2010-01-13 01:52:04.993,6486.0,5,617,5,2.0,6486,1855.0,6442,2010-01-13 15:37:25.687,7,
6444,2233.0,<competition><funding><website>,2010-01-13 02:12:42.463,6463.0,0,131,3,1.0,6463,1074.0,6444,2010-01-13 06:21:36.837,2,
6445,2233.0,<website><funding><investors>,2010-01-13 02:36:45.953,6491.0,1,263,7,,6491,2.0,6445,2010-01-13 19:28:19.683,3,1.0
6468,1846.0,<marketing><community><blogging>,2010-01-13 08:06:24.167,6471.0,4,276,3,,6471,2094.0,6468,2010-01-13 09:09:38.220,5,2.0
6495,2177.0,<founder><personal>,2010-01-13 22:55:01.407,6505.0,66,3389,16,4.0,6505,585.0,6495,2010-01-14 02:34:05.237,42,7.0
6501,412.0,<seo><marketing><website>,2010-01-14 01:06:16.613,6532.0,0,219,2,2.0,6532,2058.0,6501,2010-01-14 19:34:26.337,1,
6544,1186.0,<books>,2010-01-14 23:17:28.800,6560.0,1,104,2,1.0,6560,1441.0,6544,2010-01-15 05:50:44.497,1,
6551,1629.0,<career>,2010-01-15 03:04:17.137,6559.0,6,447,8,,6559,1441.0,6551,2010-01-15 05:28:05.157,7,1.0
6564,2262.0,<website><products><launch>,2010-01-15 09:41:17.557,6588.0,5,305,4,,6588,2210.0,6564,2010-01-15 21:05:11.170,3,2.0
6569,2189.0,<web-design>,2010-01-15 14:50:39.697,6579.0,11,791,15,,6579,1090.0,6569,2010-01-15 17:19:32.957,11,3.0
6574,1752.0,<finance><accounting>,2010-01-15 16:27:14.640,6578.0,5,470,9,3.0,6578,888.0,6574,2010-01-15 17:12:40.327,4,3.0
6605,911.0,<sales><marketing>,2010-01-16 04:18:37.167,6606.0,0,106,1,,6606,115.0,6605,2010-01-16 04:58:31.000,1,
6622,1832.0,<design><user-interface><metrics>,2010-01-16 10:22:42.253,6626.0,7,893,7,,6626,2094.0,6622,2010-01-16 11:42:14.430,5,2.0
6634,1832.0,<user-interface>,2010-01-16 15:12:06.090,6641.0,2,188,4,1.0,6641,1261.0,6634,2010-01-16 16:45:41.953,2,1.0
6647,1030.0,<co-founder><equity><saas>,2010-01-16 20:32:28.467,6649.0,9,1977,8,,6649,1377.0,6647,2010-01-16 21:38:33.433,11,3.0
6666,2233.0,<marketing><website><books>,2010-01-17 11:49:34.407,6681.0,1,196,2,1.0,6681,346.0,6666,2010-01-17 18:29:33.043,2,
6671,1958.0,<pricing>,2010-01-17 15:48:23.323,6706.0,4,524,7,1.0,6706,1158.0,6671,2010-01-18 08:18:08.273,2,1.0
6673,2058.0,<project-management><project>,2010-01-17 16:00:25.533,6680.0,1,334,4,,6680,346.0,6673,2010-01-17 18:12:42.443,2,
6679,2278.0,<sales><tax><physical-product>,2010-01-17 17:38:19.810,6682.0,1,3213,2,,6682,585.0,6679,2010-01-17 18:37:00.587,1,4.0
6687,1926.0,<iphone><marketing>,2010-01-17 21:00:20.483,6714.0,3,700,10,,6714,973.0,6687,2010-01-18 13:28:05.643,3,1.0
6712,2223.0,<crm><sales><market-analysis>,2010-01-18 12:59:09.060,6724.0,3,551,3,3.0,6724,19.0,6712,2010-01-18 17:24:20.807,4,3.0
6726,2111.0,<project-planning>,2010-01-18 17:47:35.393,6789.0,4,4598,4,0.0,6789,1172.0,6726,2010-01-19 16:25:29.733,3,1.0
6727,1958.0,<business-plan>,2010-01-18 18:04:46.117,6728.0,0,230,2,,6728,1158.0,6727,2010-01-18 18:44:42.980,4,
6733,18084.0,<credit-cards><customer-service>,2010-01-18 20:08:32.703,6735.0,3,240,4,1.0,6735,1172.0,6733,2010-01-18 20:54:26.707,5,
6745,276.0,<decision><project-management>,2010-01-19 00:09:09.400,6749.0,2,1012,5,,6749,412.0,6745,2010-01-19 00:32:11.837,2,1.0
6784,942.0,<strategy><tools>,2010-01-19 11:47:36.510,6786.0,4,912,2,,6786,585.0,6784,2010-01-19 13:33:55.203,11,2.0
6806,473.0,<marketing><bloggers><launch><release>,2010-01-19 21:24:08.367,6809.0,10,1164,4,,6809,1752.0,6806,2010-01-19 22:00:30.837,8,2.0
6816,2302.0,<founders><non-technical><business><ideas>,2010-01-20 00:53:09.740,6817.0,5,362,7,,6817,1801.0,6816,2010-01-20 01:07:05.467,5,
6824,,<marketing>,2010-01-20 05:33:50.347,6827.0,1,253,3,0.0,6827,1074.0,6824,2010-01-20 06:44:42.663,2,
6829,2302.0,<team><code><co-founder><venture><resources>,2010-01-20 06:55:36.757,6851.0,6,504,7,,6851,1172.0,6829,2010-01-20 14:51:44.610,2,1.0
6856,2122.0,<hosting>,2010-01-20 15:46:16.263,6870.0,1,785,5,,6870,2053.0,6856,2010-01-20 19:33:45.210,2,
6859,473.0,<adwords><google><marketing><budget>,2010-01-20 16:51:23.950,6862.0,1,770,1,,6862,2094.0,6859,2010-01-20 17:14:40.927,2,3.0
6861,473.0,<marketing><website><seo><product-launch><recommendations>,2010-01-20 17:14:26.750,6875.0,1,391,6,0.0,6875,,6861,2010-01-20 20:46:12.270,2,2.0
6874,2309.0,<hiring><interviews>,2010-01-20 20:37:12.160,6882.0,5,1561,7,,6882,585.0,6874,2010-01-20 22:28:34.640,7,2.0
6876,412.0,<website><user-interface><product-management>,2010-01-20 20:50:08.093,6909.0,4,446,5,,6909,2032.0,6876,2010-01-21 06:36:49.647,1,1.0
6889,2302.0,<business-plan><project-planning>,2010-01-21 00:11:27.233,6923.0,12,1197,6,,6923,585.0,6889,2010-01-21 13:31:02.043,8,4.0
6903,1711.0,<strategy><platforms><products>,2010-01-21 05:12:03.733,6915.0,1,181,2,,6915,1186.0,6903,2010-01-21 09:57:25.220,4,2.0
6918,2262.0,<application>,2010-01-21 10:39:22.157,7045.0,5,153,3,,7045,2161.0,6918,2010-01-23 20:36:21.287,2,
6919,1030.0,<marketing>,2010-01-21 11:27:14.900,6929.0,2,181,2,1.0,6929,1186.0,6919,2010-01-21 13:57:18.123,6,2.0
6937,1476.0,<software><marketing>,2010-01-21 18:17:33.130,6939.0,3,396,4,,6939,1390.0,6937,2010-01-21 18:58:22.173,1,2.0
6941,2325.0,<entrepreneurs><success><learning><skill>,2010-01-21 19:24:17.317,6976.0,1,203,3,,6976,2262.0,6941,2010-01-22 10:04:20.103,2,
6942,742.0,<blog><hosting><inbound-marketing>,2010-01-21 20:03:46.817,7003.0,1,232,3,,7003,19.0,6942,2010-01-22 18:17:12.943,3,2.0
6987,2335.0,<market-research><adwords><niche>,2010-01-22 13:46:29.700,7021.0,3,448,4,2.0,7021,1556.0,6987,2010-01-23 02:02:13.213,4,
6995,296.0,<hiring><benefits><health-insurance>,2010-01-22 16:01:38.147,6997.0,2,208,3,5.0,6997,888.0,6995,2010-01-22 16:33:41.467,4,1.0
7005,2341.0,<partnerships><software><selling>,2010-01-22 19:11:16.940,7006.0,2,298,3,3.0,7006,1801.0,7005,2010-01-22 19:24:41.700,2,2.0
7007,423.0,<phone><contact><support>,2010-01-22 19:45:27.543,7018.0,4,919,8,,7018,2092.0,7007,2010-01-23 01:18:09.073,3,
7022,42.0,<office-space>,2010-01-23 02:14:53.997,7025.0,37,2359,17,2.0,7025,2302.0,7022,2010-01-23 04:45:10.560,20,1.0
7030,473.0,<software><marketing><demo>,2010-01-23 09:22:40.733,7037.0,16,1034,13,,7037,2161.0,7030,2010-01-23 15:32:22.080,10,1.0
7073,1629.0,<email>,2010-01-25 03:05:38.243,7082.0,7,2326,10,4.0,7082,1261.0,7073,2010-01-25 07:15:41.943,18,2.0
7081,1100.0,<customer-service><ethics><marketing>,2010-01-25 06:20:10.447,7099.0,1,471,5,,7099,2322.0,7081,2010-01-25 10:48:40.170,5,4.0
7083,440.0,<email>,2010-01-25 07:17:06.373,7086.0,5,271,6,,7086,439.0,7083,2010-01-25 07:24:52.717,5,3.0
7102,2228.0,<outsourcing><co-founder>,2010-01-25 13:25:14.870,7114.0,4,310,4,2.0,7114,1752.0,7102,2010-01-25 16:55:04.693,2,
7106,2354.0,<legal>,2010-01-25 14:19:09.320,7115.0,1,137,2,,7115,1841.0,7106,2010-01-25 17:11:45.037,2,
7110,2355.0,<marketing><legal><google><google-apps>,2010-01-25 15:51:16.820,7127.0,2,188,3,,7127,2343.0,7110,2010-01-25 19:08:07.033,2,1.0
7112,2302.0,<website><web><recommendations>,2010-01-25 16:31:05.790,7113.0,0,290,4,,7113,1752.0,7112,2010-01-25 16:39:10.930,1,
7120,837.0,<co-founder><founder>,2010-01-25 18:24:37.297,7121.0,13,23823,8,,7121,1528.0,7120,2010-01-25 18:32:19.600,11,
7147,2302.0,<market-analysis><market-research><market-opportunity>,2010-01-26 05:29:56.197,7151.0,2,1598,3,,7151,1186.0,7147,2010-01-26 08:13:02.213,3,3.0
7175,2302.0,<co-founder><founders><equity><intellectual-property>,2010-01-26 23:59:26.927,7177.0,4,560,4,,7177,1752.0,7175,2010-01-27 00:02:23.493,2,4.0
7198,788.0,<growth><exit-strategy>,2010-01-27 10:38:57.500,7215.0,7,646,11,2.0,7215,1158.0,7198,2010-01-27 15:41:36.663,11,7.0
7219,1186.0,<finance><bank><getting-started>,2010-01-27 17:05:05.507,7222.0,5,623,2,,7222,1158.0,7219,2010-01-27 17:36:11.783,7,2.0
7252,2384.0,<code>,2010-01-28 05:57:43.997,7261.0,6,353,7,,7261,1261.0,7252,2010-01-28 09:51:29.460,4,
7255,2302.0,<blog>,2010-01-28 08:21:27.073,7331.0,0,68,4,,7331,2302.0,7255,2010-01-29 18:20:38.277,0,
7283,42.0,<blog><marketing>,2010-01-28 17:26:35.390,7286.0,8,966,11,,7286,2.0,7283,2010-01-28 19:18:00.703,10,1.0
7335,2189.0,<software>,2010-01-29 23:18:57.550,7343.0,0,157,3,1.0,7343,2177.0,7335,2010-01-30 09:01:02.330,2,
7344,911.0,<legal><recommendations><books>,2010-01-30 10:02:09.843,7367.0,3,1673,6,2.0,7367,2119.0,7344,2010-01-31 02:39:56.317,1,
7345,,<accounting>,2010-01-30 10:26:06.367,7346.0,2,88,2,,7346,585.0,7345,2010-01-30 13:35:32.233,2,
7356,2407.0,<advertising><recommendations>,2010-01-30 20:02:45.980,7360.0,6,350,5,6.0,7360,18084.0,7356,2010-01-30 21:50:26.383,4,3.0
7363,1961.0,<founders><equity>,2010-01-31 00:33:00.763,7368.0,0,582,2,,7368,1752.0,7363,2010-01-31 03:27:18.523,1,2.0
7389,788.0,<pricing><subscriptions>,2010-01-31 15:53:37.037,7399.0,11,540,7,1.0,7399,2.0,7389,2010-01-31 21:20:26.613,10,3.0
7416,2341.0,<funding><software><research>,2010-02-01 05:45:23.420,7430.0,4,325,6,,7430,1186.0,7416,2010-02-01 12:11:46.013,3,
7417,2341.0,<valuation><investment>,2010-02-01 06:07:21.927,7422.0,4,299,6,,7422,473.0,7417,2010-02-01 08:25:50.757,3,
7505,2302.0,<business-plan><project-planning><project>,2010-02-02 21:43:57.770,7529.0,2,96,2,,7529,2058.0,7505,2010-02-03 13:31:41.203,3,1.0
7511,2117.0,<sales>,2010-02-02 23:00:47.703,7526.0,4,136,4,,7526,,7511,2010-02-03 09:20:50.643,1,2.0
7512,2107.0,<development><technology>,2010-02-02 23:10:46.387,7513.0,1,119,3,,7513,1074.0,7512,2010-02-02 23:57:08.900,0,
7537,2085.0,<database><infrastructure>,2010-02-03 16:12:26.063,7538.0,0,77,1,,7538,1158.0,7537,2010-02-03 16:17:44.187,2,1.0
7556,2446.0,<application>,2010-02-03 23:49:26.627,7563.0,3,591,1,0.0,7563,1801.0,7556,2010-02-04 03:44:30.503,2,
7579,1030.0,<market-research><market-analysis>,2010-02-04 07:06:42.380,7608.0,5,244,1,,7608,2427.0,7579,2010-02-04 16:48:37.400,5,2.0
7582,,<saas>,2010-02-04 10:23:22.867,7627.0,0,874,5,0.0,7627,2029.0,7582,2010-02-04 23:07:40.690,1,
7619,473.0,<release><marketing><software><development>,2010-02-04 20:27:03.307,7621.0,3,197,5,,7621,2210.0,7619,2010-02-04 21:21:29.483,9,1.0
7622,180.0,<marketing><website><sales>,2010-02-04 21:32:29.107,7793.0,2,99,3,,7793,585.0,7622,2010-02-08 13:36:46.187,1,2.0
7647,1961.0,<legal>,2010-02-05 01:07:05.457,7650.0,2,2328,3,,7650,1841.0,7647,2010-02-05 01:29:48.297,2,2.0
7690,1030.0,<marketing><promotion>,2010-02-05 16:32:58.257,7693.0,6,146,5,,7693,2.0,7690,2010-02-05 17:12:26.023,6,3.0
7696,2302.0,<internet><web2.0>,2010-02-05 17:40:04.453,7703.0,2,3994,2,,7703,2380.0,7696,2010-02-05 20:59:41.703,3,4.0
7705,2029.0,<domain>,2010-02-05 23:02:15.757,7707.0,5,4351,4,,7707,1801.0,7705,2010-02-05 23:49:41.903,4,1.0
7706,2029.0,<microsoft><bizspark><tips>,2010-02-05 23:32:30.317,8077.0,7,8136,12,4.0,8077,2556.0,7706,2010-02-15 03:08:48.767,26,5.0
7711,473.0,<marketing><crm><sales>,2010-02-06 01:09:06.250,7722.0,5,1991,4,1.0,7722,412.0,7711,2010-02-06 04:08:32.293,5,
7712,2269.0,<planning><project-management><project-planning>,2010-02-06 01:21:15.293,7725.0,2,786,2,1.0,7725,1158.0,7712,2010-02-06 05:57:09.710,5,5.0
7719,,<google>,2010-02-06 02:08:28.830,7736.0,1,145,1,,7736,2.0,7719,2010-02-06 17:08:41.720,1,
7744,412.0,<motivation><productivity>,2010-02-06 21:13:40.340,7755.0,26,1290,11,2.0,7755,1729.0,7744,2010-02-07 05:08:07.800,6,2.0
7774,346.0,<productivity>,2010-02-08 01:15:56.780,7804.0,4,149,4,1.0,7804,,7774,2010-02-08 19:39:34.410,1,1.0
7780,2461.0,<funding><equity><angel>,2010-02-08 05:27:30.597,7839.0,0,268,3,1.0,7839,2485.0,7780,2010-02-09 16:13:02.340,1,
7806,412.0,<partner><business><development><licensing>,2010-02-08 20:33:02.853,7813.0,3,602,1,,7813,585.0,7806,2010-02-08 21:40:44.107,2,1.0
7807,2485.0,<freemium><pricing><saas>,2010-02-08 20:38:05.107,7811.0,9,1107,10,1.0,7811,2488.0,7807,2010-02-08 21:03:46.287,7,1.0
7828,,<marketing><development><doubt>,2010-02-09 07:04:36.357,7838.0,2,665,6,,7838,2485.0,7828,2010-02-09 15:08:12.283,3,1.0
7847,1696.0,<llc>,2010-02-09 20:37:14.623,7849.0,2,250,1,,7849,1172.0,7847,2010-02-09 21:43:22.097,2,3.0
7877,2485.0,<marketing>,2010-02-10 16:00:43.407,7884.0,2,168,6,,7884,2.0,7877,2010-02-10 18:37:29.823,2,
7879,473.0,<crm><sales><saas><demo>,2010-02-10 16:29:53.680,7885.0,3,452,2,,7885,2.0,7879,2010-02-10 18:39:34.147,2,1.0
7905,2511.0,<video><hosting>,2010-02-11 00:56:11.023,7949.0,6,4875,5,0.0,7949,,7905,2010-02-11 15:47:26.467,5,2.0
7931,1629.0,<marketing><software>,2010-02-11 05:55:24.407,7948.0,2,261,3,,7948,2.0,7931,2010-02-11 15:25:57.423,1,1.0
7935,2461.0,<funding><website><angel><ideas>,2010-02-11 07:20:28.333,7940.0,0,207,2,3.0,7940,1158.0,7935,2010-02-11 12:57:07.313,3,1.0
7939,2518.0,<twitter><marketing><contests>,2010-02-11 11:31:33.120,7942.0,3,588,5,,7942,585.0,7939,2010-02-11 13:16:13.203,4,2.0
7962,2273.0,<bootstrapped>,2010-02-11 18:57:07.817,7966.0,5,433,9,5.0,7966,2380.0,7962,2010-02-11 19:20:49.513,5,1.0
7963,2273.0,<employees><legal>,2010-02-11 19:04:56.503,7981.0,2,153,3,,7981,2.0,7963,2010-02-12 03:33:37.253,2,3.0
7965,2273.0,<health-insurance>,2010-02-11 19:13:50.417,8075.0,4,2768,4,,8075,2032.0,7965,2010-02-14 23:59:03.657,1,1.0
7972,412.0,<website>,2010-02-11 20:56:37.760,7975.0,11,1568,8,1.0,7975,2380.0,7972,2010-02-11 21:21:59.207,15,1.0
7986,2461.0,<angel><funding><finance>,2010-02-12 08:48:53.473,7996.0,9,305,3,,7996,585.0,7986,2010-02-12 13:39:33.737,4,2.0
7989,1354.0,<website>,2010-02-12 10:33:02.223,7992.0,1,1004,6,,7992,1778.0,7989,2010-02-12 11:22:32.340,3,
8011,1696.0,<llc><tax><incorporation>,2010-02-12 19:06:18.250,8141.0,1,275,3,,8141,1841.0,8011,2010-02-16 21:27:51.477,0,
8034,2543.0,<launch><lean>,2010-02-13 16:25:46.207,8055.0,2,286,5,,8055,2549.0,8034,2010-02-14 12:37:29.390,4,1.0
8048,2548.0,<organization>,2010-02-14 06:58:26.367,8062.0,2,160,5,,8062,2.0,8048,2010-02-14 15:19:03.143,3,1.0
8058,1354.0,<logo>,2010-02-14 14:32:08.947,8064.0,3,494,9,,8064,2380.0,8058,2010-02-14 15:26:25.647,6,4.0
8067,585.0,<product-launch><inbound-marketing><strategy>,2010-02-14 18:31:44.820,8072.0,5,105,1,,8072,1801.0,8067,2010-02-14 20:12:36.807,5,4.0
8076,,<pricing>,2010-02-15 00:24:30.233,8079.0,4,232,1,,8079,1390.0,8076,2010-02-15 09:18:00.453,3,
8092,1453.0,<marketing><partnerships><strategy>,2010-02-15 14:25:37.780,8093.0,3,160,1,,8093,2.0,8092,2010-02-15 15:00:44.473,4,2.0
8118,594.0,<intellectual-property><legal>,2010-02-16 00:14:32.780,8121.0,3,330,3,1.0,8121,585.0,8118,2010-02-16 00:47:17.053,6,2.0
8142,2573.0,<business-plan><website>,2010-02-16 21:53:09.390,8143.0,7,431,5,,8143,2.0,8142,2010-02-16 21:56:30.523,8,2.0
8152,2341.0,<business><legal><partnerships><co-founder>,2010-02-17 05:26:11.857,8171.0,0,358,3,,8171,1030.0,8152,2010-02-17 21:36:40.657,2,1.0
8155,473.0,<marketing><software><trial>,2010-02-17 10:13:50.790,8165.0,6,178,4,,8165,888.0,8155,2010-02-17 20:26:17.990,2,2.0
8157,1030.0,<press-release><recommendations>,2010-02-17 14:53:46.123,8172.0,5,1742,2,,8172,412.0,8157,2010-02-17 23:43:24.520,8,1.0
8158,1354.0,<legal><domain>,2010-02-17 14:55:38.270,8159.0,1,1788,5,,8159,957.0,8158,2010-02-17 15:08:33.470,2,
8202,329.0,<virtual-workforce><office>,2010-02-18 16:38:20.373,8203.0,4,2551,2,1.0,8203,2586.0,8202,2010-02-18 16:48:43.703,6,3.0
8213,888.0,<piracy><development><software><intellectual-property>,2010-02-18 21:38:08.147,8217.0,4,354,5,,8217,23.0,8213,2010-02-18 23:12:22.203,5,1.0
8221,1732.0,<facebook><api><terms-and-conditions>,2010-02-19 09:55:14.300,8227.0,3,2756,2,1.0,8227,2355.0,8221,2010-02-19 15:19:40.423,2,
8222,2593.0,<copyright>,2010-02-19 11:08:33.287,8223.0,2,238,2,,8223,1158.0,8222,2010-02-19 11:29:20.883,5,
8240,1696.0,<social-media>,2010-02-19 20:22:58.427,8287.0,3,255,3,,8287,2344.0,8240,2010-02-21 16:31:47.083,1,1.0
8280,2174.0,<web>,2010-02-21 11:01:31.113,8282.0,7,370,3,,8282,2610.0,8280,2010-02-21 11:50:01.343,4,1.0
8281,911.0,<design><crowdsourcing>,2010-02-21 11:47:42.703,8299.0,11,9494,10,2.0,8299,2626.0,8281,2010-02-22 01:49:25.643,5,2.0
8313,2380.0,<domain>,2010-02-22 04:47:52.617,8314.0,5,809,6,,8314,2587.0,8313,2010-02-22 05:14:55.513,11,3.0
8316,2630.0,<contact><software>,2010-02-22 06:21:00.590,8318.0,1,246,4,,8318,1729.0,8316,2010-02-22 06:58:56.657,1,
8351,1961.0,<board>,2010-02-22 22:02:35.463,8355.0,2,539,3,,8355,585.0,8351,2010-02-22 22:25:11.363,2,
8353,2174.0,<ideas>,2010-02-22 22:17:04.890,8360.0,4,570,4,1.0,8360,115.0,8353,2010-02-22 23:29:28.943,6,
8370,2346.0,<licensing><legal>,2010-02-23 03:12:04.660,8383.0,3,320,7,,8383,2586.0,8370,2010-02-23 09:24:36.690,3,2.0
8396,2593.0,<project-management><webdev><trust>,2010-02-23 15:11:28.003,8400.0,6,383,5,1.0,8400,2587.0,8396,2010-02-23 15:59:34.447,10,
8419,78.0,<legal><website><privacy>,2010-02-23 21:56:46.983,8674.0,3,127,1,0.0,8674,2696.0,8419,2010-03-01 10:01:50.367,2,
8458,1354.0,<bloggers>,2010-02-24 12:12:50.393,8463.0,3,2190,3,,8463,1752.0,8458,2010-02-24 13:32:19.310,3,2.0
8482,346.0,<podcast>,2010-02-24 19:17:50.713,8501.0,3,160,6,3.0,8501,1801.0,8482,2010-02-24 21:53:46.053,3,
8491,1947.0,<outsourcing><website><development>,2010-02-24 20:24:44.930,8514.0,4,385,3,2.0,8514,502.0,8491,2010-02-25 05:47:34.800,6,1.0
8492,2593.0,<platforms><open-source>,2010-02-24 20:27:51.073,8495.0,0,106,2,,8495,2380.0,8492,2010-02-24 21:10:43.173,2,
8511,911.0,<legal><funding><venture-capital>,2010-02-25 02:35:30.990,8520.0,1,159,1,1.0,8520,1841.0,8511,2010-02-25 06:12:51.580,1,
8512,2119.0,<seo><blog>,2010-02-25 04:07:16.780,8532.0,3,218,3,,8532,2380.0,8512,2010-02-25 13:22:30.263,5,
8526,589.0,<licensing>,2010-02-25 09:55:43.493,8531.0,2,426,2,,8531,585.0,8526,2010-02-25 13:19:19.590,1,1.0
8527,2684.0,<outsourcing><crowdsourcing>,2010-02-25 12:22:50.900,8540.0,1,5405,2,,8540,2380.0,8527,2010-02-25 16:29:58.657,2,1.0
8534,,<seo>,2010-02-25 14:19:42.940,8542.0,2,102,1,,8542,2380.0,8534,2010-02-25 17:43:08.057,2,
8560,1700.0,<marketing><advertising><costs>,2010-02-26 01:32:59.040,8617.0,3,2699,3,,8617,2.0,8560,2010-02-26 21:50:05.270,3,2.0
8566,2475.0,<marketing><recruiting><hiring>,2010-02-26 03:28:07.553,8573.0,3,155,2,,8573,1801.0,8566,2010-02-26 05:25:34.973,4,
8567,2058.0,<strategy><tactics>,2010-02-26 03:45:02.310,8592.0,4,261,6,,8592,2177.0,8567,2010-02-26 13:21:17.957,4,3.0
8574,2694.0,<llc><incorporation><legal><tax>,2010-02-26 05:46:19.850,8591.0,3,2740,4,,8591,585.0,8574,2010-02-26 13:19:39.347,2,
8597,412.0,<motivation>,2010-02-26 16:14:44.583,8611.0,9,377,7,,8611,2696.0,8597,2010-02-26 20:03:00.027,4,1.0
8599,1390.0,<international><localization><translation>,2010-02-26 17:02:27.077,8601.0,1,123,3,3.0,8601,1801.0,8599,2010-02-26 17:25:44.843,2,2.0
8612,2543.0,<seed-funding><canada><incubators>,2010-02-26 20:07:07.863,8616.0,2,154,1,,8616,1801.0,8612,2010-02-26 20:54:42.277,1,1.0
8614,2605.0,<angel><investors><incubators><seed-funding>,2010-02-26 20:31:05.640,8615.0,5,1789,5,,8615,1801.0,8614,2010-02-26 20:37:56.850,3,2.0
8621,,<networking>,2010-02-27 07:23:47.660,8650.0,1,57,1,,8650,2650.0,8621,2010-02-28 07:14:29.883,1,
8625,2684.0,<crowdsourcing><outsourcing>,2010-02-27 09:07:51.620,8629.0,0,205,3,1.0,8629,2605.0,8625,2010-02-27 15:00:13.693,2,
8630,2697.0,<funding><pitch><venture-capital><learning>,2010-02-27 15:53:27.120,8633.0,4,332,1,,8633,1801.0,8630,2010-02-27 18:34:01.887,9,
8692,1030.0,<business-model><subjective>,2010-03-01 20:32:28.487,8700.0,0,464,3,,8700,2380.0,8692,2010-03-01 21:00:16.573,3,
8697,2678.0,<sales><marketing>,2010-03-01 20:44:11.233,9057.0,0,230,4,,9057,2813.0,8697,2010-03-10 03:07:50.247,1,1.0
8698,412.0,<board><analytics>,2010-03-01 20:48:09.560,8712.0,1,76,1,,8712,2058.0,8698,2010-03-02 01:00:38.953,1,
8763,1961.0,<incentives><stock-options>,2010-03-02 20:01:31.720,8768.0,2,2907,4,,8768,585.0,8763,2010-03-02 20:50:48.390,1,2.0
8767,346.0,<motivation><tssp>,2010-03-02 20:35:22.087,8781.0,3,227,2,2.0,8781,2587.0,8767,2010-03-02 23:32:27.953,2,1.0
8772,2750.0,<founder><co-founder><founders><fulltime>,2010-03-02 21:39:41.717,8818.0,2,2358,3,1.0,8818,2747.0,8772,2010-03-03 19:59:53.903,2,
8798,1832.0,<domain><branding>,2010-03-03 12:57:00.817,8800.0,4,305,9,,8800,1158.0,8798,2010-03-03 14:06:15.197,2,
8826,2518.0,<iphone><marketing>,2010-03-03 22:27:36.120,8827.0,3,221,1,,8827,502.0,8826,2010-03-03 22:37:49.093,5,
8829,2593.0,<marketing><awareness>,2010-03-03 23:03:39.307,8833.0,1,69,4,,8833,1074.0,8829,2010-03-04 00:58:53.397,2,2.0
8864,,<software><intellectual-property><contract>,2010-03-04 17:29:36.603,8909.0,4,3070,4,,8909,2747.0,8864,2010-03-05 17:43:27.153,5,1.0
8903,346.0,<startupvisa>,2010-03-05 16:07:33.053,8904.0,0,131,1,1.0,8904,1158.0,8903,2010-03-05 16:24:36.393,0,1.0
8917,2784.0,<failure>,2010-03-05 19:54:39.707,9087.0,4,942,3,2.0,9087,888.0,8917,2010-03-10 16:53:53.387,2,
8929,2058.0,<advertising><revenue><ppc><data-request>,2010-03-06 01:58:21.840,8948.0,2,389,2,,8948,412.0,8929,2010-03-06 19:05:04.533,2,
8950,888.0,<success>,2010-03-06 19:39:19.877,8959.0,8,733,4,1.0,8959,2177.0,8950,2010-03-07 14:08:34.517,8,1.0
8958,2792.0,<ideas><website><marketing><seo>,2010-03-07 12:23:42.743,8961.0,2,273,1,,8961,1801.0,8958,2010-03-07 14:41:33.990,1,2.0
8974,,<tax><legal>,2010-03-07 22:07:49.177,8975.0,2,229,3,,8975,2.0,8974,2010-03-07 23:26:43.163,2,
8979,2796.0,<social-media>,2010-03-08 00:37:06.410,8983.0,0,72,1,2.0,8983,1030.0,8979,2010-03-08 06:34:59.553,0,
8989,1453.0,<intellectual-property>,2010-03-08 13:58:59.483,8992.0,2,513,1,,8992,2587.0,8989,2010-03-08 17:08:42.227,4,1.0
8996,1186.0,<adwords><blog><revenue><business-model>,2010-03-08 21:29:07.580,9000.0,1,440,3,,9000,412.0,8996,2010-03-09 00:28:31.073,9,
9009,1172.0,<investors><convertible-note>,2010-03-09 04:32:55.230,9207.0,3,4714,4,,9207,1172.0,9009,2010-03-14 06:13:00.563,1,
9016,530.0,<outsourcing><hiring><webdev><design>,2010-03-09 13:23:05.237,9024.0,5,1373,11,1.0,9024,1572.0,9016,2010-03-09 17:30:54.243,13,1.0
9017,1832.0,<blog>,2010-03-09 14:26:48.180,9041.0,5,1108,6,,9041,565.0,9017,2010-03-09 23:12:00.720,3,
9018,1832.0,<angel><investors>,2010-03-09 15:11:45.173,9027.0,1,247,1,,9027,585.0,9018,2010-03-09 19:46:21.360,3,
9034,760.0,<consulting><career>,2010-03-09 22:30:01.210,9039.0,0,1450,3,,9039,565.0,9034,2010-03-09 23:10:04.000,3,
9045,2796.0,<salary>,2010-03-10 01:17:10.933,9067.0,0,2029,2,,9067,2809.0,9045,2010-03-10 07:00:11.637,1,1.0
9069,473.0,<sales><crm><conversion><demo>,2010-03-10 08:04:53.600,9080.0,11,1206,10,2.0,9080,412.0,9069,2010-03-10 14:33:29.207,6,
9072,2821.0,<marketing><products>,2010-03-10 08:42:48.497,9078.0,2,287,5,,9078,2696.0,9072,2010-03-10 11:25:19.247,4,
9079,2690.0,<funding>,2010-03-10 13:56:56.613,9086.0,2,366,5,,9086,888.0,9079,2010-03-10 16:48:42.757,3,1.0
9103,2690.0,<product-release>,2010-03-11 00:38:50.730,9108.0,2,459,7,2.0,9108,888.0,9103,2010-03-11 01:59:46.200,6,2.0
9112,567.0,<iphone>,2010-03-11 03:50:02.593,9113.0,0,138,1,,9113,346.0,9112,2010-03-11 04:27:02.360,1,
9148,1100.0,<bank><business><personal><security>,2010-03-12 08:53:14.813,9178.0,3,1256,6,,9178,2813.0,9148,2010-03-13 06:09:32.327,1,1.0
9151,2832.0,<software><sales><subscriptions>,2010-03-12 12:58:50.490,9229.0,2,184,3,,9229,1441.0,9151,2010-03-15 03:52:02.380,2,3.0
9167,2172.0,<freemium><launch>,2010-03-12 20:57:34.123,9176.0,1,279,4,,9176,2692.0,9167,2010-03-13 01:37:45.027,2,2.0
9180,2843.0,<getting-started><focus>,2010-03-13 09:12:13.517,9183.0,7,336,6,,9183,2813.0,9180,2010-03-13 13:26:36.030,4,1.0
9198,2058.0,<viral><marketing><launch><social-media>,2010-03-14 01:25:03.463,9257.0,0,191,3,2.0,9257,2690.0,9198,2010-03-16 01:06:05.540,2,
9240,2786.0,<selling-business>,2010-03-15 13:47:52.210,9292.0,4,703,3,1.0,9292,2786.0,9240,2010-03-16 20:29:57.300,0,1.0
9255,346.0,<37signals><tssp>,2010-03-15 23:41:03.620,9378.0,3,405,5,2.0,9378,42.0,9255,2010-03-19 03:29:50.360,0,1.0
9272,2861.0,<selling><equity>,2010-03-16 15:02:10.947,9274.0,3,76,1,,9274,2786.0,9272,2010-03-16 15:11:10.000,2,2.0
9273,2862.0,<founders><salary>,2010-03-16 15:08:19.790,9294.0,2,1151,5,,9294,2809.0,9273,2010-03-16 20:50:29.583,2,
9281,1832.0,<marketing>,2010-03-16 16:59:54.913,9288.0,3,79,1,,9288,2457.0,9281,2010-03-16 19:05:40.027,1,
9282,2809.0,<platforms><technology><web2.0>,2010-03-16 17:22:49.643,9289.0,4,169,4,1.0,9289,1261.0,9282,2010-03-16 20:10:39.290,3,
9313,2690.0,<co-founder>,2010-03-17 13:31:30.720,9315.0,1,169,3,2.0,9315,392.0,9313,2010-03-17 14:20:35.970,5,
9353,2.0,<blog><bloggers><copyright><legal><rss>,2010-03-18 16:30:37.787,9354.0,17,929,7,3.0,9354,2587.0,9353,2010-03-18 16:48:30.797,30,5.0
9373,423.0,<advertising><micro-startup>,2010-03-19 00:25:19.300,9374.0,2,349,2,,9374,2862.0,9373,2010-03-19 00:56:19.650,3,2.0
9380,42.0,<blog><bloggers><marketing>,2010-03-19 03:49:17.720,9386.0,14,815,8,2.0,9386,2177.0,9380,2010-03-19 07:28:27.937,13,
9383,60.0,<investors><marketing><blog>,2010-03-19 05:08:12.623,9384.0,2,99,2,,9384,837.0,9383,2010-03-19 05:42:06.520,4,1.0
9399,2058.0,<social-media><marketing><launch><resources>,2010-03-19 18:39:12.303,9446.0,6,192,6,,9446,2368.0,9399,2010-03-21 19:36:05.983,5,
9412,473.0,<marketing>,2010-03-20 08:12:54.913,9419.0,3,87,4,,9419,2107.0,9412,2010-03-20 18:21:13.723,2,
9424,1098.0,<payments><cash-flow>,2010-03-20 22:11:37.653,9425.0,7,2061,6,,9425,2587.0,9424,2010-03-20 22:28:43.437,8,4.0
9436,,<motivation>,2010-03-21 13:59:48.383,9447.0,5,250,9,,9447,2058.0,9436,2010-03-21 20:21:33.557,2,
9457,2692.0,<jobs><usa><health-insurance><government>,2010-03-22 03:06:05.627,9477.0,11,805,9,8.0,9477,888.0,9457,2010-03-22 16:19:28.747,2,4.0
9482,,<equity><co-founder><partner><agreements>,2010-03-22 17:56:03.467,9489.0,9,2599,9,2.0,9489,585.0,9482,2010-03-22 22:05:09.367,4,
9494,2843.0,<partner><hookups>,2010-03-23 02:03:37.013,9523.0,0,522,2,,9523,2025.0,9494,2010-03-23 16:50:36.843,2,1.0
9506,,<legal><getting-started><india>,2010-03-23 07:05:14.057,9511.0,0,611,1,1.0,9511,2461.0,9506,2010-03-23 09:23:06.500,1,
9509,2461.0,<entrepreneurs><software>,2010-03-23 08:43:34.650,9528.0,5,517,6,,9528,2809.0,9509,2010-03-23 18:02:48.227,5,3.0
9556,2862.0,<marketing><outsourcing>,2010-03-24 15:50:22.497,9602.0,1,225,4,,9602,412.0,9556,2010-03-26 04:41:39.910,1,
9562,1514.0,<pricing><terms-and-conditions>,2010-03-24 19:09:01.640,9563.0,9,1622,3,,9563,585.0,9562,2010-03-24 20:20:31.590,15,4.0
9564,594.0,<beta><software>,2010-03-24 23:04:47.490,9565.0,2,415,3,,9565,346.0,9564,2010-03-24 23:11:29.743,4,
9581,2832.0,<marketing><advertising><getting-started>,2010-03-25 11:50:50.543,9583.0,6,358,7,1.0,9583,585.0,9581,2010-03-25 12:54:31.200,2,2.0
9620,2692.0,<accounting><llc><accounting-method>,2010-03-27 04:24:31.010,9624.0,20,3605,6,1.0,9624,2.0,9620,2010-03-27 13:57:41.153,22,3.0
9621,2944.0,<equity><co-founder>,2010-03-27 06:20:08.923,9636.0,3,1593,5,,9636,585.0,9621,2010-03-27 17:37:29.937,2,2.0
9625,473.0,<employees><equity><team>,2010-03-27 14:58:07.390,9628.0,12,1080,6,,9628,888.0,9625,2010-03-27 16:09:07.500,9,7.0
9673,123.0,<sales><trial><valuation>,2010-03-29 01:38:02.550,9684.0,3,538,6,1.0,9684,1729.0,9673,2010-03-29 04:25:27.390,1,
9697,329.0,<vendors><purchase-agreement><negotiation>,2010-03-29 14:47:57.233,9698.0,11,5538,8,,9698,2862.0,9697,2010-03-29 14:59:06.313,7,2.0
9741,2973.0,<payments>,2010-03-30 11:14:38.897,9754.0,4,343,4,,9754,440.0,9741,2010-03-30 21:20:12.680,3,
9745,2684.0,<co-founder><contract><partnerships><partner>,2010-03-30 13:55:11.303,9748.0,4,160,3,,9748,585.0,9745,2010-03-30 16:21:47.633,6,
9815,2085.0,<blog>,2010-04-02 18:45:56.680,9822.0,3,101,1,,9822,2.0,9815,2010-04-02 20:24:33.567,1,
9863,3001.0,<patent><data><software>,2010-04-05 06:09:45.167,9873.0,2,445,5,,9873,1261.0,9863,2010-04-05 11:16:55.983,5,1.0
