QId,PostUserId,Vote,Time,days
1.0,8.0,2,2011-10-11,0
7.0,8.0,2,2011-10-11,0
4.0,14.0,2,2011-10-11,0
1.0,8.0,2,2011-10-11,0
1.0,8.0,2,2011-10-11,0
2.0,1.0,2,2011-10-11,0
12.0,8.0,2,2011-10-11,0
12.0,8.0,2,2011-10-11,0
13.0,1.0,2,2011-10-11,0
2.0,1.0,2,2011-10-11,0
3.0,5.0,3,2011-10-11,0
4.0,14.0,2,2011-10-11,0
6.0,15.0,2,2011-10-11,0
7.0,8.0,2,2011-10-11,0
9.0,20.0,2,2011-10-11,0
12.0,8.0,2,2011-10-11,0
3.0,5.0,2,2011-10-11,0
13.0,1.0,3,2011-10-11,0
17.0,1.0,2,2011-10-11,0
18.0,47.0,2,2011-10-11,0
18.0,47.0,2,2011-10-11,0
13.0,1.0,2,2011-10-11,0
18.0,47.0,2,2011-10-11,0
17.0,1.0,2,2011-10-11,0
1.0,8.0,2,2011-10-11,0
22.0,8.0,2,2011-10-11,0
22.0,8.0,2,2011-10-11,0
1.0,8.0,2,2011-10-11,0
2.0,1.0,2,2011-10-11,0
19.0,1.0,2,2011-10-11,0
17.0,1.0,2,2011-10-11,0
9.0,20.0,2,2011-10-11,0
12.0,8.0,2,2011-10-11,0
28.0,9.0,2,2011-10-11,0
28.0,9.0,2,2011-10-11,0
31.0,43.0,2,2011-10-11,0
9.0,20.0,2,2011-10-11,0
13.0,1.0,2,2011-10-11,0
17.0,1.0,2,2011-10-11,0
31.0,43.0,2,2011-10-11,0
6.0,15.0,2,2011-10-11,0
28.0,9.0,2,2011-10-11,0
27.0,43.0,2,2011-10-11,0
6.0,15.0,2,2011-10-11,0
12.0,8.0,2,2011-10-11,0
14.0,8.0,2,2011-10-11,0
40.0,47.0,2,2011-10-11,0
2.0,1.0,3,2011-10-11,0
40.0,47.0,2,2011-10-11,0
43.0,65.0,2,2011-10-11,0
38.0,68.0,2,2011-10-11,0
14.0,8.0,2,2011-10-11,0
43.0,65.0,2,2011-10-11,0
36.0,30.0,2,2011-10-11,0
19.0,1.0,2,2011-10-11,0
3.0,5.0,2,2011-10-11,0
36.0,30.0,3,2011-10-11,0
12.0,8.0,2,2011-10-11,0
1.0,8.0,2,2011-10-11,0
38.0,68.0,3,2011-10-11,0
18.0,47.0,2,2011-10-11,0
3.0,5.0,2,2011-10-11,0
2.0,1.0,2,2011-10-11,0
19.0,1.0,2,2011-10-12,1
36.0,30.0,3,2011-10-12,1
19.0,1.0,2,2011-10-12,1
14.0,8.0,3,2011-10-12,1
49.0,45.0,2,2011-10-12,1
36.0,30.0,2,2011-10-12,1
28.0,9.0,2,2011-10-12,1
19.0,1.0,2,2011-10-12,1
40.0,47.0,2,2011-10-12,1
36.0,30.0,3,2011-10-12,1
49.0,45.0,2,2011-10-12,1
40.0,47.0,3,2011-10-12,1
22.0,8.0,3,2011-10-12,1
9.0,20.0,2,2011-10-12,1
49.0,45.0,2,2011-10-12,1
49.0,45.0,2,2011-10-12,1
57.0,10.0,2,2011-10-12,1
43.0,65.0,2,2011-10-12,1
57.0,10.0,2,2011-10-12,1
12.0,8.0,2,2011-10-12,1
13.0,1.0,2,2011-10-12,1
22.0,8.0,2,2011-10-12,1
18.0,47.0,2,2011-10-12,1
12.0,8.0,2,2011-10-12,1
7.0,8.0,2,2011-10-12,1
49.0,45.0,2,2011-10-12,1
6.0,15.0,2,2011-10-12,1
36.0,30.0,3,2011-10-12,1
18.0,47.0,2,2011-10-12,1
18.0,47.0,2,2011-10-12,1
3.0,5.0,2,2011-10-12,1
22.0,8.0,2,2011-10-12,1
43.0,65.0,2,2011-10-12,1
50.0,65.0,2,2011-10-12,1
28.0,9.0,2,2011-10-12,1
9.0,20.0,2,2011-10-12,1
7.0,8.0,2,2011-10-12,1
64.0,104.0,2,2011-10-12,1
71.0,104.0,2,2011-10-12,1
36.0,30.0,2,2011-10-12,1
7.0,8.0,2,2011-10-12,1
9.0,20.0,2,2011-10-12,1
12.0,8.0,2,2011-10-12,1
49.0,45.0,2,2011-10-12,1
84.0,62.0,2,2011-10-12,1
77.0,55.0,2,2011-10-12,1
73.0,116.0,2,2011-10-12,1
64.0,104.0,2,2011-10-12,1
74.0,111.0,2,2011-10-12,1
77.0,55.0,2,2011-10-12,1
74.0,111.0,2,2011-10-12,1
87.0,501.0,2,2011-10-12,1
14.0,8.0,2,2011-10-12,1
89.0,55.0,2,2011-10-12,1
87.0,501.0,2,2011-10-12,1
74.0,111.0,2,2011-10-12,1
1.0,8.0,3,2011-10-12,1
50.0,65.0,2,2011-10-12,1
64.0,104.0,2,2011-10-12,1
43.0,65.0,2,2011-10-12,1
74.0,111.0,3,2011-10-12,1
87.0,501.0,2,2011-10-12,1
22.0,8.0,3,2011-10-12,1
89.0,55.0,2,2011-10-12,1
36.0,30.0,2,2011-10-12,1
98.0,22.0,2,2011-10-12,1
97.0,114.0,2,2011-10-12,1
97.0,114.0,2,2011-10-12,1
94.0,501.0,2,2011-10-12,1
87.0,501.0,2,2011-10-12,1
99.0,89.0,2,2011-10-12,1
64.0,104.0,2,2011-10-12,1
71.0,104.0,2,2011-10-12,1
4.0,14.0,2,2011-10-12,1
99.0,89.0,2,2011-10-12,1
101.0,89.0,2,2011-10-12,1
103.0,89.0,2,2011-10-12,1
103.0,89.0,2,2011-10-12,1
105.0,114.0,2,2011-10-12,1
97.0,114.0,2,2011-10-12,1
103.0,89.0,2,2011-10-12,1
104.0,32.0,3,2011-10-12,1
108.0,114.0,2,2011-10-12,1
99.0,89.0,2,2011-10-12,1
77.0,55.0,2,2011-10-12,1
99.0,89.0,2,2011-10-12,1
89.0,55.0,2,2011-10-12,1
101.0,89.0,2,2011-10-12,1
84.0,62.0,2,2011-10-12,1
64.0,104.0,2,2011-10-12,1
104.0,32.0,2,2011-10-12,1
103.0,89.0,2,2011-10-12,1
12.0,8.0,2,2011-10-12,1
120.0,103.0,2,2011-10-12,1
121.0,103.0,2,2011-10-12,1
101.0,89.0,2,2011-10-12,1
9.0,20.0,2,2011-10-13,2
38.0,68.0,2,2011-10-13,2
104.0,32.0,2,2011-10-13,2
121.0,103.0,2,2011-10-13,2
121.0,103.0,2,2011-10-13,2
121.0,103.0,3,2011-10-13,2
120.0,103.0,3,2011-10-13,2
121.0,103.0,3,2011-10-13,2
101.0,89.0,2,2011-10-13,2
98.0,22.0,2,2011-10-13,2
103.0,89.0,2,2011-10-13,2
99.0,89.0,2,2011-10-13,2
38.0,68.0,2,2011-10-13,2
9.0,20.0,3,2011-10-13,2
101.0,89.0,2,2011-10-13,2
43.0,65.0,2,2011-10-13,2
1.0,8.0,3,2011-10-13,2
84.0,62.0,2,2011-10-13,2
121.0,103.0,2,2011-10-13,2
94.0,501.0,2,2011-10-13,2
99.0,89.0,2,2011-10-13,2
98.0,22.0,2,2011-10-13,2
97.0,114.0,2,2011-10-13,2
120.0,103.0,2,2011-10-13,2
3.0,5.0,2,2011-10-13,2
99.0,89.0,2,2011-10-13,2
94.0,501.0,2,2011-10-13,2
87.0,501.0,2,2011-10-13,2
103.0,89.0,2,2011-10-13,2
108.0,114.0,2,2011-10-13,2
71.0,104.0,2,2011-10-13,2
84.0,62.0,2,2011-10-13,2
120.0,103.0,3,2011-10-13,2
126.0,501.0,2,2011-10-13,2
103.0,89.0,2,2011-10-13,2
119.0,103.0,2,2011-10-13,2
119.0,103.0,2,2011-10-13,2
71.0,104.0,2,2011-10-13,2
40.0,47.0,2,2011-10-13,2
129.0,126.0,3,2011-10-13,2
27.0,43.0,2,2011-10-13,2
97.0,114.0,2,2011-10-13,2
134.0,103.0,3,2011-10-13,2
126.0,501.0,2,2011-10-13,2
1.0,8.0,2,2011-10-13,2
2.0,1.0,2,2011-10-13,2
135.0,114.0,2,2011-10-13,2
138.0,103.0,3,2011-10-13,2
135.0,114.0,2,2011-10-13,2
138.0,103.0,2,2011-10-13,2
97.0,114.0,2,2011-10-13,2
101.0,89.0,2,2011-10-13,2
126.0,501.0,2,2011-10-13,2
127.0,95.0,2,2011-10-13,2
134.0,103.0,3,2011-10-13,2
139.0,1.0,2,2011-10-13,2
139.0,1.0,2,2011-10-13,2
139.0,1.0,2,2011-10-13,2
97.0,114.0,2,2011-10-13,2
94.0,501.0,2,2011-10-13,2
140.0,26.0,2,2011-10-13,2
140.0,26.0,2,2011-10-13,2
140.0,26.0,2,2011-10-13,2
139.0,1.0,2,2011-10-13,2
140.0,26.0,2,2011-10-13,2
135.0,114.0,2,2011-10-13,2
139.0,1.0,2,2011-10-13,2
13.0,1.0,2,2011-10-13,2
73.0,116.0,2,2011-10-13,2
101.0,89.0,2,2011-10-13,2
27.0,43.0,2,2011-10-13,2
94.0,501.0,2,2011-10-13,2
40.0,47.0,2,2011-10-13,2
50.0,65.0,2,2011-10-13,2
140.0,26.0,2,2011-10-13,2
14.0,8.0,2,2011-10-13,2
77.0,55.0,2,2011-10-13,2
140.0,26.0,2,2011-10-13,2
143.0,119.0,2,2011-10-13,2
135.0,114.0,2,2011-10-13,2
143.0,119.0,2,2011-10-13,2
143.0,119.0,2,2011-10-13,2
13.0,1.0,3,2011-10-13,2
84.0,62.0,2,2011-10-13,2
14.0,8.0,3,2011-10-13,2
27.0,43.0,3,2011-10-13,2
50.0,65.0,3,2011-10-13,2
89.0,55.0,2,2011-10-13,2
2.0,1.0,3,2011-10-13,2
126.0,501.0,2,2011-10-13,2
22.0,8.0,3,2011-10-13,2
31.0,43.0,3,2011-10-13,2
104.0,32.0,3,2011-10-13,2
105.0,114.0,2,2011-10-13,2
74.0,111.0,3,2011-10-13,2
131.0,48.0,2,2011-10-13,2
129.0,126.0,3,2011-10-13,2
65.0,110.0,2,2011-10-13,2
143.0,119.0,2,2011-10-13,2
139.0,1.0,2,2011-10-13,2
108.0,114.0,2,2011-10-13,2
18.0,47.0,2,2011-10-13,2
9.0,20.0,2,2011-10-13,2
99.0,89.0,2,2011-10-13,2
131.0,48.0,2,2011-10-13,2
131.0,48.0,2,2011-10-13,2
146.0,104.0,2,2011-10-13,2
135.0,114.0,2,2011-10-13,2
71.0,104.0,2,2011-10-13,2
134.0,103.0,3,2011-10-13,2
97.0,114.0,2,2011-10-14,3
134.0,103.0,2,2011-10-14,3
139.0,1.0,2,2011-10-14,3
119.0,103.0,2,2011-10-14,3
9.0,20.0,2,2011-10-14,3
134.0,103.0,2,2011-10-14,3
27.0,43.0,2,2011-10-14,3
146.0,104.0,2,2011-10-14,3
129.0,126.0,3,2011-10-14,3
150.0,131.0,2,2011-10-14,3
139.0,1.0,2,2011-10-14,3
150.0,131.0,2,2011-10-14,3
140.0,26.0,2,2011-10-14,3
153.0,21.0,2,2011-10-14,3
154.0,21.0,2,2011-10-14,3
153.0,21.0,2,2011-10-14,3
131.0,48.0,2,2011-10-14,3
150.0,131.0,2,2011-10-14,3
9.0,20.0,2,2011-10-14,3
134.0,103.0,2,2011-10-14,3
131.0,48.0,2,2011-10-14,3
157.0,132.0,2,2011-10-14,3
157.0,132.0,2,2011-10-14,3
121.0,103.0,3,2011-10-14,3
36.0,30.0,2,2011-10-14,3
153.0,21.0,2,2011-10-14,3
140.0,26.0,2,2011-10-14,3
134.0,103.0,3,2011-10-14,3
156.0,71.0,3,2011-10-14,3
135.0,114.0,3,2011-10-14,3
163.0,65.0,2,2011-10-14,3
157.0,132.0,2,2011-10-14,3
134.0,103.0,2,2011-10-15,4
135.0,114.0,3,2011-10-15,4
129.0,126.0,3,2011-10-15,4
139.0,1.0,2,2011-10-15,4
140.0,26.0,2,2011-10-15,4
71.0,104.0,2,2011-10-15,4
157.0,132.0,2,2011-10-15,4
167.0,114.0,2,2011-10-15,4
12.0,8.0,2,2011-10-15,4
140.0,26.0,2,2011-10-15,4
94.0,501.0,2,2011-10-15,4
140.0,26.0,2,2011-10-15,4
181.0,21.0,2,2011-10-15,4
178.0,115.0,2,2011-10-15,4
181.0,21.0,2,2011-10-15,4
6.0,15.0,2,2011-10-15,4
164.0,65.0,2,2011-10-15,4
156.0,71.0,3,2011-10-15,4
104.0,32.0,3,2011-10-15,4
181.0,21.0,2,2011-10-15,4
154.0,21.0,2,2011-10-15,4
172.0,114.0,2,2011-10-15,4
187.0,47.0,2,2011-10-15,4
143.0,119.0,2,2011-10-15,4
126.0,501.0,2,2011-10-15,4
196.0,149.0,2,2011-10-15,4
73.0,116.0,3,2011-10-15,4
172.0,114.0,2,2011-10-15,4
103.0,89.0,2,2011-10-15,4
181.0,21.0,2,2011-10-15,4
154.0,21.0,2,2011-10-15,4
203.0,15.0,2,2011-10-16,5
192.0,149.0,2,2011-10-16,5
202.0,149.0,2,2011-10-16,5
191.0,149.0,2,2011-10-16,5
202.0,149.0,2,2011-10-16,5
196.0,149.0,2,2011-10-16,5
181.0,21.0,2,2011-10-16,5
89.0,55.0,2,2011-10-16,5
196.0,149.0,2,2011-10-16,5
187.0,47.0,2,2011-10-16,5
140.0,26.0,3,2011-10-16,5
40.0,47.0,2,2011-10-16,5
167.0,114.0,2,2011-10-16,5
135.0,114.0,2,2011-10-16,5
19.0,1.0,3,2011-10-16,5
202.0,149.0,2,2011-10-16,5
203.0,15.0,2,2011-10-16,5
246.0,149.0,2,2011-10-17,6
49.0,45.0,2,2011-10-17,6
203.0,15.0,3,2011-10-17,6
167.0,114.0,2,2011-10-17,6
187.0,47.0,2,2011-10-17,6
89.0,55.0,2,2011-10-17,6
181.0,21.0,2,2011-10-17,6
164.0,65.0,2,2011-10-17,6
150.0,131.0,2,2011-10-17,6
139.0,1.0,2,2011-10-17,6
126.0,501.0,2,2011-10-17,6
246.0,149.0,2,2011-10-17,6
187.0,47.0,3,2011-10-17,6
187.0,47.0,3,2011-10-17,6
187.0,47.0,2,2011-10-17,6
138.0,103.0,3,2011-10-17,6
252.0,103.0,3,2011-10-17,6
252.0,103.0,2,2011-10-17,6
187.0,47.0,2,2011-10-17,6
252.0,103.0,3,2011-10-17,6
246.0,149.0,3,2011-10-17,6
252.0,103.0,3,2011-10-17,6
181.0,21.0,2,2011-10-17,6
139.0,1.0,2,2011-10-17,6
257.0,1.0,2,2011-10-17,6
246.0,149.0,2,2011-10-17,6
259.0,1.0,2,2011-10-17,6
259.0,1.0,2,2011-10-17,6
246.0,149.0,2,2011-10-17,6
89.0,55.0,2,2011-10-17,6
259.0,1.0,2,2011-10-17,6
259.0,1.0,2,2011-10-18,7
259.0,1.0,2,2011-10-18,7
265.0,97.0,2,2011-10-18,7
259.0,1.0,2,2011-10-18,7
259.0,1.0,2,2011-10-18,7
269.0,101.0,3,2011-10-18,7
269.0,101.0,3,2011-10-18,7
259.0,1.0,2,2011-10-18,7
269.0,101.0,2,2011-10-18,7
13.0,1.0,2,2011-10-18,7
246.0,149.0,2,2011-10-18,7
269.0,101.0,3,2011-10-18,7
259.0,1.0,2,2011-10-18,7
272.0,89.0,2,2011-10-18,7
272.0,89.0,2,2011-10-18,7
259.0,1.0,2,2011-10-18,7
178.0,115.0,2,2011-10-18,7
269.0,101.0,3,2011-10-18,7
187.0,47.0,3,2011-10-18,7
129.0,126.0,3,2011-10-18,7
120.0,103.0,3,2011-10-18,7
74.0,111.0,3,2011-10-18,7
121.0,103.0,3,2011-10-18,7
203.0,15.0,3,2011-10-18,7
138.0,103.0,3,2011-10-18,7
134.0,103.0,3,2011-10-18,7
156.0,71.0,3,2011-10-18,7
12.0,8.0,3,2011-10-18,7
259.0,1.0,2,2011-10-18,7
246.0,149.0,2,2011-10-18,7
272.0,89.0,2,2011-10-18,7
203.0,15.0,2,2011-10-18,7
12.0,8.0,2,2011-10-18,7
156.0,71.0,3,2011-10-18,7
276.0,72.0,2,2011-10-18,7
129.0,126.0,2,2011-10-18,7
276.0,72.0,2,2011-10-18,7
276.0,72.0,2,2011-10-18,7
269.0,101.0,2,2011-10-18,7
140.0,26.0,2,2011-10-18,7
154.0,21.0,2,2011-10-19,8
269.0,101.0,2,2011-10-19,8
172.0,114.0,2,2011-10-19,8
269.0,101.0,3,2011-10-19,8
283.0,71.0,2,2011-10-19,8
283.0,71.0,2,2011-10-19,8
257.0,1.0,2,2011-10-19,8
202.0,149.0,2,2011-10-19,8
283.0,71.0,3,2011-10-19,8
283.0,71.0,3,2011-10-19,8
283.0,71.0,3,2011-10-19,8
156.0,71.0,3,2011-10-19,8
283.0,71.0,3,2011-10-19,8
287.0,163.0,2,2011-10-19,8
287.0,163.0,2,2011-10-19,8
57.0,10.0,2,2011-10-19,8
269.0,101.0,3,2011-10-19,8
38.0,68.0,2,2011-10-19,8
287.0,163.0,2,2011-10-19,8
202.0,149.0,2,2011-10-19,8
287.0,163.0,2,2011-10-20,9
288.0,50.0,2,2011-10-20,9
57.0,10.0,2,2011-10-20,9
288.0,50.0,2,2011-10-20,9
288.0,50.0,2,2011-10-20,9
290.0,47.0,2,2011-10-20,9
289.0,48.0,2,2011-10-20,9
290.0,47.0,3,2011-10-20,9
40.0,47.0,2,2011-10-20,9
276.0,72.0,2,2011-10-20,9
287.0,163.0,2,2011-10-21,10
289.0,48.0,2,2011-10-21,10
290.0,47.0,3,2011-10-21,10
287.0,163.0,2,2011-10-21,10
87.0,501.0,2,2011-10-21,10
135.0,114.0,2,2011-10-21,10
292.0,149.0,3,2011-10-21,10
292.0,149.0,2,2011-10-21,10
140.0,26.0,2,2011-10-21,10
292.0,149.0,2,2011-10-21,10
287.0,163.0,2,2011-10-21,10
288.0,50.0,2,2011-10-21,10
292.0,149.0,2,2011-10-21,10
187.0,47.0,2,2011-10-21,10
138.0,103.0,3,2011-10-21,10
292.0,149.0,2,2011-10-21,10
299.0,149.0,2,2011-10-21,10
38.0,68.0,3,2011-10-21,10
299.0,149.0,2,2011-10-21,10
265.0,97.0,2,2011-10-21,10
27.0,43.0,2,2011-10-21,10
187.0,47.0,2,2011-10-21,10
140.0,26.0,2,2011-10-21,10
257.0,1.0,2,2011-10-21,10
38.0,68.0,2,2011-10-21,10
300.0,149.0,2,2011-10-21,10
269.0,101.0,2,2011-10-22,11
289.0,48.0,2,2011-10-22,11
302.0,1.0,2,2011-10-22,11
302.0,1.0,2,2011-10-22,11
289.0,48.0,2,2011-10-22,11
57.0,10.0,2,2011-10-23,12
289.0,48.0,2,2011-10-23,12
299.0,149.0,2,2011-10-23,12
304.0,149.0,2,2011-10-23,12
292.0,149.0,2,2011-10-23,12
309.0,152.0,2,2011-10-24,13
288.0,50.0,2,2011-10-24,13
287.0,163.0,2,2011-10-24,13
309.0,152.0,2,2011-10-24,13
307.0,14.0,2,2011-10-24,13
304.0,149.0,2,2011-10-24,13
302.0,1.0,2,2011-10-24,13
299.0,149.0,2,2011-10-24,13
302.0,1.0,2,2011-10-24,13
98.0,22.0,2,2011-10-24,13
292.0,149.0,2,2011-10-24,13
19.0,1.0,2,2011-10-25,14
315.0,171.0,2,2011-10-25,14
317.0,44.0,2,2011-10-25,14
315.0,171.0,2,2011-10-25,14
181.0,21.0,2,2011-10-25,14
178.0,115.0,2,2011-10-25,14
17.0,1.0,2,2011-10-25,14
318.0,14.0,2,2011-10-25,14
306.0,114.0,2,2011-10-25,14
306.0,114.0,2,2011-10-25,14
318.0,14.0,2,2011-10-25,14
306.0,114.0,2,2011-10-25,14
327.0,181.0,2,2011-10-25,14
329.0,501.0,2,2011-10-26,15
327.0,181.0,2,2011-10-26,15
315.0,171.0,2,2011-10-26,15
329.0,501.0,2,2011-10-26,15
329.0,501.0,2,2011-10-26,15
146.0,104.0,2,2011-10-26,15
269.0,101.0,2,2011-10-26,15
138.0,103.0,2,2011-10-26,15
329.0,501.0,2,2011-10-26,15
187.0,47.0,2,2011-10-26,15
329.0,501.0,2,2011-10-26,15
315.0,171.0,2,2011-10-26,15
89.0,55.0,2,2011-10-26,15
337.0,206.0,2,2011-10-26,15
143.0,119.0,2,2011-10-26,15
337.0,206.0,2,2011-10-27,16
340.0,209.0,2,2011-10-27,16
337.0,206.0,2,2011-10-27,16
276.0,72.0,2,2011-10-27,16
269.0,101.0,2,2011-10-27,16
346.0,45.0,2,2011-10-27,16
353.0,212.0,2,2011-10-27,16
337.0,206.0,2,2011-10-28,17
339.0,207.0,2,2011-10-28,17
317.0,44.0,2,2011-10-28,17
362.0,133.0,2,2011-10-29,18
203.0,15.0,2,2011-10-29,18
164.0,65.0,2,2011-10-29,18
269.0,101.0,2,2011-10-29,18
164.0,65.0,2,2011-10-29,18
364.0,121.0,2,2011-10-29,18
365.0,30.0,2,2011-10-29,18
364.0,121.0,2,2011-10-29,18
364.0,121.0,3,2011-10-29,18
364.0,121.0,2,2011-10-29,18
339.0,207.0,2,2011-10-29,18
17.0,1.0,2,2011-10-29,18
276.0,72.0,2,2011-10-29,18
187.0,47.0,2,2011-10-29,18
364.0,121.0,2,2011-10-29,18
364.0,121.0,2,2011-10-29,18
371.0,125.0,2,2011-10-29,18
367.0,21.0,2,2011-10-29,18
374.0,224.0,2,2011-10-29,18
364.0,121.0,2,2011-10-30,19
365.0,30.0,2,2011-10-30,19
374.0,224.0,2,2011-10-30,19
374.0,224.0,2,2011-10-30,19
374.0,224.0,2,2011-10-30,19
101.0,89.0,2,2011-10-30,19
371.0,125.0,3,2011-10-30,19
380.0,114.0,2,2011-10-30,19
389.0,114.0,2,2011-10-31,20
393.0,65.0,3,2011-10-31,20
389.0,114.0,2,2011-10-31,20
392.0,121.0,2,2011-10-31,20
392.0,121.0,2,2011-10-31,20
385.0,71.0,2,2011-10-31,20
392.0,121.0,2,2011-10-31,20
84.0,62.0,2,2011-10-31,20
383.0,65.0,2,2011-10-31,20
346.0,45.0,2,2011-10-31,20
49.0,45.0,2,2011-10-31,20
393.0,65.0,2,2011-10-31,20
389.0,114.0,2,2011-10-31,20
135.0,114.0,2,2011-10-31,20
167.0,114.0,2,2011-10-31,20
257.0,1.0,2,2011-10-31,20
400.0,119.0,2,2011-10-31,20
400.0,119.0,2,2011-10-31,20
382.0,71.0,2,2011-10-31,20
389.0,114.0,2,2011-11-01,21
400.0,119.0,2,2011-11-01,21
386.0,71.0,2,2011-11-01,21
382.0,71.0,2,2011-11-01,21
362.0,133.0,2,2011-11-01,21
99.0,89.0,2,2011-11-01,21
400.0,119.0,2,2011-11-01,21
393.0,65.0,2,2011-11-01,21
3.0,5.0,2,2011-11-01,21
405.0,242.0,2,2011-11-01,21
400.0,119.0,2,2011-11-01,21
405.0,242.0,3,2011-11-01,21
401.0,238.0,3,2011-11-01,21
94.0,501.0,2,2011-11-02,22
408.0,187.0,2,2011-11-02,22
401.0,238.0,2,2011-11-02,22
411.0,114.0,3,2011-11-02,22
405.0,242.0,3,2011-11-02,22
411.0,114.0,3,2011-11-02,22
139.0,1.0,2,2011-11-02,22
411.0,114.0,3,2011-11-02,22
382.0,71.0,3,2011-11-02,22
156.0,71.0,3,2011-11-02,22
187.0,47.0,2,2011-11-02,22
289.0,48.0,2,2011-11-02,22
384.0,65.0,3,2011-11-02,22
380.0,114.0,2,2011-11-03,23
12.0,8.0,2,2011-11-03,23
292.0,149.0,2,2011-11-03,23
380.0,114.0,2,2011-11-03,23
418.0,501.0,2,2011-11-03,23
419.0,501.0,2,2011-11-03,23
99.0,89.0,2,2011-11-03,23
140.0,26.0,2,2011-11-03,23
22.0,8.0,2,2011-11-03,23
374.0,224.0,2,2011-11-03,23
425.0,183.0,2,2011-11-03,23
426.0,254.0,3,2011-11-03,23
433.0,501.0,2,2011-11-04,24
433.0,501.0,2,2011-11-04,24
392.0,121.0,2,2011-11-04,24
432.0,501.0,2,2011-11-04,24
432.0,501.0,2,2011-11-04,24
432.0,501.0,2,2011-11-04,24
439.0,45.0,2,2011-11-04,24
435.0,262.0,2,2011-11-04,24
140.0,26.0,2,2011-11-04,24
439.0,45.0,2,2011-11-04,24
424.0,501.0,2,2011-11-05,25
392.0,121.0,2,2011-11-05,25
456.0,501.0,2,2011-11-05,25
18.0,47.0,2,2011-11-05,25
456.0,501.0,2,2011-11-06,26
473.0,334.0,3,2011-11-06,26
456.0,501.0,2,2011-11-06,26
476.0,115.0,2,2011-11-06,26
74.0,111.0,2,2011-11-06,26
444.0,60.0,2,2011-11-06,26
19.0,1.0,2,2011-11-06,26
485.0,257.0,2,2011-11-06,26
444.0,60.0,2,2011-11-06,26
87.0,501.0,2,2011-11-06,26
485.0,257.0,2,2011-11-06,26
17.0,1.0,2,2011-11-06,26
1.0,8.0,2,2011-11-06,26
444.0,60.0,2,2011-11-07,27
119.0,103.0,2,2011-11-07,27
384.0,65.0,3,2011-11-07,27
487.0,71.0,2,2011-11-07,27
473.0,334.0,2,2011-11-07,27
485.0,257.0,2,2011-11-07,27
487.0,71.0,2,2011-11-07,27
365.0,30.0,2,2011-11-07,27
3.0,5.0,2,2011-11-07,27
435.0,262.0,2,2011-11-07,27
487.0,71.0,2,2011-11-07,27
424.0,501.0,2,2011-11-07,27
371.0,125.0,2,2011-11-07,27
494.0,71.0,3,2011-11-08,28
493.0,501.0,2,2011-11-08,28
493.0,501.0,2,2011-11-08,28
493.0,501.0,2,2011-11-08,28
2.0,1.0,2,2011-11-08,28
1.0,8.0,2,2011-11-08,28
496.0,354.0,3,2011-11-08,28
501.0,21.0,2,2011-11-08,28
455.0,204.0,2,2011-11-09,29
501.0,21.0,2,2011-11-09,29
473.0,334.0,3,2011-11-09,29
485.0,257.0,2,2011-11-09,29
456.0,501.0,2,2011-11-09,29
501.0,21.0,2,2011-11-09,29
496.0,354.0,2,2011-11-09,29
485.0,257.0,2,2011-11-09,29
473.0,334.0,3,2011-11-09,29
485.0,257.0,2,2011-11-09,29
474.0,335.0,2,2011-11-09,29
423.0,181.0,2,2011-11-09,29
12.0,8.0,2,2011-11-09,29
327.0,181.0,2,2011-11-09,29
496.0,354.0,2,2011-11-09,29
456.0,501.0,2,2011-11-09,29
496.0,354.0,2,2011-11-09,29
444.0,60.0,2,2011-11-09,29
485.0,257.0,2,2011-11-10,30
493.0,501.0,2,2011-11-10,30
502.0,365.0,3,2011-11-10,30
501.0,21.0,2,2011-11-10,30
496.0,354.0,3,2011-11-10,30
146.0,104.0,2,2011-11-10,30
7.0,8.0,2,2011-11-10,30
502.0,365.0,2,2011-11-10,30
246.0,149.0,2,2011-11-10,30
456.0,501.0,2,2011-11-10,30
97.0,114.0,2,2011-11-10,30
517.0,71.0,2,2011-11-10,30
501.0,21.0,2,2011-11-11,31
439.0,45.0,2,2011-11-11,31
517.0,71.0,2,2011-11-11,31
425.0,183.0,2,2011-11-11,31
520.0,381.0,3,2011-11-12,32
485.0,257.0,2,2011-11-12,32
502.0,365.0,2,2011-11-12,32
423.0,181.0,2,2011-11-12,32
444.0,60.0,2,2011-11-12,32
87.0,501.0,2,2011-11-12,32
526.0,152.0,2,2011-11-12,32
455.0,204.0,2,2011-11-13,33
532.0,14.0,2,2011-11-14,34
493.0,501.0,2,2011-11-14,34
339.0,207.0,2,2011-11-14,34
339.0,207.0,2,2011-11-14,34
524.0,242.0,3,2011-11-14,34
272.0,89.0,2,2011-11-14,34
374.0,224.0,2,2011-11-14,34
455.0,204.0,2,2011-11-15,35
539.0,160.0,2,2011-11-15,35
77.0,55.0,2,2011-11-15,35
339.0,207.0,2,2011-11-15,35
532.0,14.0,3,2011-11-15,35
532.0,14.0,2,2011-11-15,35
531.0,14.0,2,2011-11-15,35
532.0,14.0,2,2011-11-15,35
547.0,68.0,2,2011-11-15,35
547.0,68.0,2,2011-11-15,35
548.0,68.0,2,2011-11-15,35
543.0,44.0,2,2011-11-15,35
77.0,55.0,2,2011-11-15,35
202.0,149.0,2,2011-11-15,35
392.0,121.0,2,2011-11-15,35
339.0,207.0,2,2011-11-15,35
77.0,55.0,2,2011-11-15,35
547.0,68.0,2,2011-11-15,35
339.0,207.0,2,2011-11-16,36
547.0,68.0,2,2011-11-16,36
546.0,68.0,2,2011-11-16,36
539.0,160.0,2,2011-11-16,36
553.0,149.0,2,2011-11-16,36
548.0,68.0,2,2011-11-16,36
456.0,501.0,2,2011-11-16,36
556.0,111.0,2,2011-11-16,36
317.0,44.0,2,2011-11-17,37
84.0,62.0,2,2011-11-17,37
382.0,71.0,2,2011-11-17,37
89.0,55.0,2,2011-11-17,37
565.0,114.0,2,2011-11-17,37
569.0,404.0,2,2011-11-18,38
569.0,404.0,2,2011-11-18,38
577.0,133.0,3,2011-11-18,38
577.0,133.0,2,2011-11-18,38
572.0,104.0,2,2011-11-19,39
572.0,104.0,2,2011-11-19,39
578.0,406.0,2,2011-11-19,39
569.0,404.0,2,2011-11-19,39
584.0,410.0,2,2011-11-19,39
339.0,207.0,2,2011-11-19,39
527.0,133.0,2,2011-11-19,39
588.0,412.0,2,2011-11-19,39
473.0,334.0,2,2011-11-19,39
588.0,412.0,2,2011-11-19,39
593.0,403.0,2,2011-11-19,39
493.0,501.0,2,2011-11-20,40
577.0,133.0,2,2011-11-20,40
545.0,71.0,2,2011-11-20,40
572.0,104.0,2,2011-11-20,40
595.0,416.0,2,2011-11-20,40
595.0,416.0,2,2011-11-20,40
596.0,410.0,2,2011-11-20,40
572.0,104.0,2,2011-11-21,41
595.0,416.0,2,2011-11-21,41
596.0,410.0,2,2011-11-21,41
578.0,406.0,2,2011-11-21,41
596.0,410.0,2,2011-11-21,41
569.0,404.0,2,2011-11-21,41
539.0,160.0,2,2011-11-21,41
517.0,71.0,2,2011-11-21,41
3.0,5.0,2,2011-11-22,42
40.0,47.0,2,2011-11-22,42
101.0,89.0,2,2011-11-22,42
97.0,114.0,2,2011-11-22,42
139.0,1.0,2,2011-11-22,42
374.0,224.0,2,2011-11-22,42
456.0,501.0,2,2011-11-22,42
539.0,160.0,2,2011-11-22,42
400.0,119.0,2,2011-11-23,43
609.0,421.0,2,2011-11-23,43
609.0,421.0,2,2011-11-23,43
613.0,423.0,2,2011-11-23,43
612.0,422.0,2,2011-11-23,43
616.0,48.0,2,2011-11-23,43
167.0,114.0,2,2011-11-24,44
154.0,21.0,2,2011-11-24,44
623.0,501.0,2,2011-11-25,45
473.0,334.0,3,2011-11-25,45
43.0,65.0,2,2011-11-25,45
534.0,65.0,2,2011-11-25,45
272.0,89.0,2,2011-11-25,45
596.0,410.0,2,2011-11-26,46
596.0,410.0,2,2011-11-27,47
623.0,501.0,2,2011-11-27,47
629.0,30.0,2,2011-11-27,47
629.0,30.0,2,2011-11-28,48
629.0,30.0,2,2011-11-28,48
621.0,21.0,2,2011-11-28,48
64.0,104.0,2,2011-11-28,48
272.0,89.0,2,2011-11-29,49
634.0,178.0,2,2011-11-29,49
641.0,444.0,2,2011-11-29,49
644.0,447.0,2,2011-11-29,49
641.0,444.0,3,2011-11-29,49
621.0,21.0,2,2011-11-29,49
641.0,444.0,2,2011-11-29,49
641.0,444.0,3,2011-11-29,49
648.0,114.0,2,2011-11-30,50
1.0,8.0,2,2011-11-30,50
2.0,1.0,2,2011-11-30,50
651.0,432.0,2,2011-11-30,50
648.0,114.0,2,2011-11-30,50
648.0,114.0,2,2011-11-30,50
657.0,247.0,2,2011-11-30,50
621.0,21.0,2,2011-11-30,50
456.0,501.0,2,2011-12-01,51
650.0,432.0,3,2011-12-01,51
657.0,247.0,2,2011-12-01,51
154.0,21.0,2,2011-12-01,51
329.0,501.0,2,2011-12-01,51
546.0,68.0,2,2011-12-01,51
307.0,14.0,2,2011-12-01,51
667.0,397.0,2,2011-12-01,51
667.0,397.0,2,2011-12-02,52
667.0,397.0,2,2011-12-02,52
432.0,501.0,2,2011-12-02,52
3.0,5.0,2,2011-12-02,52
432.0,501.0,2,2011-12-02,52
650.0,432.0,2,2011-12-02,52
657.0,247.0,2,2011-12-02,52
671.0,114.0,2,2011-12-02,52
672.0,457.0,2,2011-12-02,52
432.0,501.0,2,2011-12-02,52
657.0,247.0,2,2011-12-03,53
671.0,114.0,2,2011-12-03,53
667.0,397.0,2,2011-12-03,53
7.0,8.0,2,2011-12-04,54
652.0,432.0,2,2011-12-05,55
672.0,457.0,3,2011-12-05,55
688.0,432.0,3,2011-12-05,55
688.0,432.0,3,2011-12-05,55
569.0,404.0,2,2011-12-05,55
688.0,432.0,2,2011-12-05,55
691.0,425.0,2,2011-12-05,55
7.0,8.0,2,2011-12-05,55
596.0,410.0,2,2011-12-05,55
695.0,464.0,2,2011-12-06,56
43.0,65.0,2,2011-12-07,57
408.0,187.0,2,2011-12-07,57
703.0,204.0,2,2011-12-07,57
695.0,464.0,2,2011-12-07,57
650.0,432.0,3,2011-12-07,57
146.0,104.0,2,2011-12-07,57
269.0,101.0,2,2011-12-07,57
418.0,501.0,2,2011-12-07,57
678.0,441.0,2,2011-12-08,58
596.0,410.0,2,2011-12-08,58
146.0,104.0,2,2011-12-08,58
269.0,101.0,2,2011-12-08,58
701.0,204.0,2,2011-12-08,58
701.0,204.0,2,2011-12-08,58
708.0,470.0,2,2011-12-08,58
708.0,470.0,2,2011-12-08,58
708.0,470.0,2,2011-12-09,59
444.0,60.0,2,2011-12-09,59
474.0,335.0,2,2011-12-09,59
708.0,470.0,2,2011-12-09,59
708.0,470.0,2,2011-12-10,60
703.0,204.0,2,2011-12-10,60
609.0,421.0,2,2011-12-10,60
553.0,149.0,2,2011-12-10,60
711.0,114.0,2,2011-12-10,60
688.0,432.0,2,2011-12-11,61
685.0,14.0,2,2011-12-11,61
146.0,104.0,2,2011-12-11,61
716.0,479.0,2,2011-12-11,61
716.0,479.0,2,2011-12-11,61
716.0,479.0,2,2011-12-11,61
701.0,204.0,2,2011-12-12,62
711.0,114.0,2,2011-12-12,62
716.0,479.0,2,2011-12-12,62
153.0,21.0,2,2011-12-12,62
644.0,447.0,2,2011-12-12,62
718.0,485.0,2,2011-12-12,62
721.0,485.0,2,2011-12-13,63
718.0,485.0,3,2011-12-13,63
689.0,329.0,2,2011-12-13,63
688.0,432.0,2,2011-12-14,64
708.0,470.0,2,2011-12-14,64
269.0,101.0,2,2011-12-14,64
596.0,410.0,2,2011-12-14,64
728.0,489.0,2,2011-12-15,65
688.0,432.0,2,2011-12-15,65
567.0,403.0,2,2011-12-15,65
727.0,489.0,2,2011-12-15,65
729.0,475.0,2,2011-12-15,65
725.0,488.0,2,2011-12-15,65
637.0,215.0,2,2011-12-15,65
596.0,410.0,2,2011-12-15,65
725.0,488.0,2,2011-12-15,65
734.0,14.0,2,2011-12-15,65
708.0,470.0,2,2011-12-15,65
725.0,488.0,2,2011-12-15,65
730.0,465.0,2,2011-12-15,65
729.0,475.0,2,2011-12-15,65
729.0,475.0,2,2011-12-15,65
739.0,465.0,2,2011-12-15,65
730.0,465.0,2,2011-12-15,65
740.0,405.0,2,2011-12-16,66
728.0,489.0,2,2011-12-16,66
725.0,488.0,2,2011-12-16,66
741.0,30.0,2,2011-12-16,66
742.0,492.0,2,2011-12-16,66
729.0,475.0,2,2011-12-16,66
740.0,405.0,2,2011-12-16,66
741.0,30.0,2,2011-12-16,66
754.0,485.0,3,2011-12-17,67
754.0,485.0,2,2011-12-18,68
43.0,65.0,2,2011-12-18,68
754.0,485.0,2,2011-12-18,68
759.0,498.0,2,2011-12-18,68
759.0,498.0,2,2011-12-18,68
759.0,498.0,3,2011-12-19,69
572.0,104.0,2,2011-12-19,69
13.0,1.0,2,2011-12-19,69
616.0,48.0,2,2011-12-19,69
299.0,149.0,2,2011-12-19,69
40.0,47.0,2,2011-12-19,69
7.0,8.0,2,2011-12-19,69
595.0,416.0,2,2011-12-19,69
77.0,55.0,2,2011-12-19,69
19.0,1.0,2,2011-12-19,69
337.0,206.0,2,2011-12-19,69
543.0,44.0,2,2011-12-19,69
759.0,498.0,2,2011-12-19,69
742.0,492.0,2,2011-12-19,69
146.0,104.0,2,2011-12-19,69
759.0,498.0,2,2011-12-19,69
742.0,492.0,2,2011-12-20,70
763.0,506.0,2,2011-12-20,70
572.0,104.0,2,2011-12-20,70
763.0,506.0,2,2011-12-20,70
754.0,485.0,2,2011-12-20,70
671.0,114.0,2,2011-12-20,70
629.0,30.0,2,2011-12-20,70
764.0,432.0,3,2011-12-20,70
764.0,432.0,3,2011-12-20,70
764.0,432.0,2,2011-12-20,70
763.0,506.0,2,2011-12-21,71
764.0,432.0,3,2011-12-21,71
764.0,432.0,3,2011-12-21,71
651.0,432.0,3,2011-12-21,71
742.0,492.0,2,2011-12-22,72
764.0,432.0,3,2011-12-22,72
288.0,50.0,2,2011-12-22,72
546.0,68.0,2,2011-12-23,73
771.0,489.0,2,2011-12-23,73
546.0,68.0,2,2011-12-23,73
769.0,397.0,2,2011-12-23,73
780.0,71.0,2,2011-12-24,74
778.0,21.0,2,2011-12-24,74
780.0,71.0,3,2011-12-27,77
771.0,489.0,2,2011-12-27,77
418.0,501.0,2,2011-12-28,78
772.0,522.0,2,2011-12-28,78
612.0,422.0,2,2011-12-30,80
269.0,101.0,2,2011-12-30,80
365.0,30.0,2,2011-12-31,81
362.0,133.0,2,2011-12-31,81
793.0,538.0,2,2012-01-02,83
793.0,538.0,2,2012-01-02,83
772.0,522.0,2,2012-01-02,83
771.0,489.0,2,2012-01-03,84
763.0,506.0,3,2012-01-03,84
754.0,485.0,3,2012-01-03,84
802.0,548.0,3,2012-01-03,84
792.0,449.0,2,2012-01-03,84
772.0,522.0,2,2012-01-03,84
725.0,488.0,2,2012-01-03,84
778.0,21.0,2,2012-01-03,84
771.0,489.0,2,2012-01-03,84
362.0,133.0,2,2012-01-04,85
809.0,505.0,2,2012-01-05,86
771.0,489.0,2,2012-01-05,86
812.0,28.0,2,2012-01-06,87
809.0,505.0,2,2012-01-07,88
139.0,1.0,2,2012-01-07,88
426.0,254.0,2,2012-01-07,88
718.0,485.0,2,2012-01-09,90
302.0,1.0,2,2012-01-09,90
393.0,65.0,2,2012-01-09,90
703.0,204.0,2,2012-01-09,90
818.0,566.0,2,2012-01-10,91
299.0,149.0,2,2012-01-10,91
792.0,449.0,2,2012-01-10,91
815.0,93.0,2,2012-01-10,91
826.0,329.0,2,2012-01-10,91
763.0,506.0,2,2012-01-10,91
821.0,50.0,2,2012-01-10,91
822.0,569.0,2,2012-01-10,91
813.0,28.0,2,2012-01-10,91
616.0,48.0,2,2012-01-10,91
818.0,566.0,2,2012-01-10,91
816.0,562.0,2,2012-01-10,91
302.0,1.0,2,2012-01-10,91
272.0,89.0,2,2012-01-10,91
77.0,55.0,2,2012-01-10,91
339.0,207.0,2,2012-01-10,91
546.0,68.0,2,2012-01-10,91
769.0,397.0,2,2012-01-10,91
759.0,498.0,2,2012-01-10,91
577.0,133.0,2,2012-01-10,91
826.0,329.0,2,2012-01-11,92
831.0,573.0,2,2012-01-11,92
837.0,577.0,2,2012-01-12,93
835.0,489.0,2,2012-01-13,94
36.0,30.0,2,2012-01-16,97
7.0,8.0,2,2012-01-16,97
780.0,71.0,3,2012-01-16,97
840.0,557.0,2,2012-01-16,97
31.0,43.0,2,2012-01-17,98
657.0,247.0,2,2012-01-18,99
859.0,114.0,3,2012-01-18,99
862.0,599.0,3,2012-01-19,100
864.0,47.0,2,2012-01-19,100
862.0,599.0,2,2012-01-19,100
864.0,47.0,2,2012-01-19,100
863.0,414.0,2,2012-01-19,100
866.0,570.0,2,2012-01-19,100
866.0,570.0,2,2012-01-20,101
871.0,603.0,2,2012-01-20,101
866.0,570.0,3,2012-01-20,101
855.0,47.0,2,2012-01-20,101
871.0,603.0,2,2012-01-20,101
835.0,489.0,2,2012-01-20,101
138.0,103.0,2,2012-01-20,101
862.0,599.0,2,2012-01-21,102
840.0,557.0,2,2012-01-21,102
855.0,47.0,2,2012-01-22,103
872.0,603.0,3,2012-01-22,103
862.0,599.0,2,2012-01-22,103
872.0,603.0,2,2012-01-22,103
384.0,65.0,2,2012-01-23,104
802.0,548.0,2,2012-01-24,105
754.0,485.0,2,2012-01-24,105
793.0,538.0,2,2012-01-24,105
772.0,522.0,2,2012-01-24,105
859.0,114.0,2,2012-01-24,105
780.0,71.0,2,2012-01-24,105
879.0,618.0,2,2012-01-24,105
864.0,47.0,2,2012-01-24,105
851.0,588.0,3,2012-01-24,105
758.0,485.0,2,2012-01-24,105
764.0,432.0,2,2012-01-24,105
718.0,485.0,2,2012-01-24,105
721.0,485.0,2,2012-01-24,105
727.0,489.0,2,2012-01-24,105
728.0,489.0,2,2012-01-24,105
650.0,432.0,2,2012-01-24,105
613.0,423.0,2,2012-01-24,105
792.0,449.0,2,2012-01-24,105
192.0,149.0,2,2012-01-24,105
300.0,149.0,2,2012-01-24,105
831.0,573.0,2,2012-01-24,105
863.0,414.0,2,2012-01-24,105
781.0,524.0,2,2012-01-24,105
426.0,254.0,2,2012-01-24,105
741.0,30.0,2,2012-01-24,105
526.0,152.0,2,2012-01-24,105
729.0,475.0,2,2012-01-24,105
595.0,416.0,2,2012-01-24,105
734.0,14.0,2,2012-01-24,105
863.0,414.0,2,2012-01-26,107
883.0,626.0,2,2012-01-27,108
883.0,626.0,2,2012-01-27,108
883.0,626.0,2,2012-01-27,108
885.0,630.0,3,2012-01-28,109
888.0,632.0,2,2012-01-29,110
616.0,48.0,2,2012-01-30,111
885.0,630.0,2,2012-01-30,111
577.0,133.0,2,2012-01-30,111
894.0,632.0,2,2012-01-30,111
894.0,632.0,2,2012-01-31,112
894.0,632.0,2,2012-01-31,112
897.0,342.0,2,2012-01-31,112
898.0,640.0,2,2012-01-31,112
887.0,632.0,2,2012-01-31,112
835.0,489.0,2,2012-01-31,112
898.0,640.0,3,2012-02-01,113
903.0,643.0,2,2012-02-01,113
903.0,643.0,3,2012-02-02,114
885.0,630.0,2,2012-02-03,115
883.0,626.0,2,2012-02-03,115
897.0,342.0,2,2012-02-03,115
914.0,632.0,2,2012-02-03,115
915.0,632.0,2,2012-02-03,115
915.0,632.0,2,2012-02-03,115
894.0,632.0,2,2012-02-03,115
818.0,566.0,2,2012-02-04,116
119.0,103.0,2,2012-02-05,117
912.0,650.0,2,2012-02-05,117
851.0,588.0,2,2012-02-06,118
924.0,640.0,2,2012-02-06,118
897.0,342.0,2,2012-02-06,118
898.0,640.0,2,2012-02-06,118
894.0,632.0,2,2012-02-07,119
885.0,630.0,2,2012-02-08,120
933.0,667.0,2,2012-02-08,120
933.0,667.0,2,2012-02-08,120
933.0,667.0,2,2012-02-08,120
932.0,666.0,2,2012-02-08,120
933.0,667.0,2,2012-02-08,120
915.0,632.0,3,2012-02-08,120
914.0,632.0,3,2012-02-08,120
933.0,667.0,2,2012-02-09,121
941.0,403.0,3,2012-02-09,121
941.0,403.0,2,2012-02-09,121
941.0,403.0,2,2012-02-09,121
939.0,672.0,2,2012-02-09,121
894.0,632.0,2,2012-02-10,122
928.0,630.0,3,2012-02-10,122
667.0,397.0,2,2012-02-10,122
667.0,397.0,2,2012-02-10,122
928.0,630.0,2,2012-02-10,122
928.0,630.0,2,2012-02-11,123
933.0,667.0,2,2012-02-11,123
957.0,683.0,3,2012-02-13,125
957.0,683.0,2,2012-02-13,125
339.0,207.0,2,2012-02-13,125
898.0,640.0,2,2012-02-13,125
898.0,640.0,2,2012-02-13,125
941.0,403.0,3,2012-02-14,126
289.0,48.0,2,2012-02-14,126
933.0,667.0,2,2012-02-14,126
894.0,632.0,2,2012-02-14,126
964.0,451.0,3,2012-02-14,126
973.0,693.0,2,2012-02-14,126
964.0,451.0,3,2012-02-14,126
973.0,693.0,2,2012-02-14,126
547.0,68.0,2,2012-02-14,126
191.0,149.0,2,2012-02-15,127
957.0,683.0,2,2012-02-15,127
119.0,103.0,2,2012-02-15,127
957.0,683.0,2,2012-02-15,127
596.0,410.0,2,2012-02-15,127
928.0,630.0,2,2012-02-15,127
976.0,700.0,3,2012-02-16,128
894.0,632.0,2,2012-02-16,128
979.0,701.0,2,2012-02-16,128
493.0,501.0,2,2012-02-16,128
976.0,700.0,2,2012-02-16,128
981.0,644.0,2,2012-02-16,128
983.0,632.0,2,2012-02-16,128
979.0,701.0,2,2012-02-17,129
983.0,632.0,2,2012-02-17,129
979.0,701.0,2,2012-02-17,129
983.0,632.0,2,2012-02-17,129
976.0,700.0,2,2012-02-19,131
981.0,644.0,3,2012-02-19,131
964.0,451.0,3,2012-02-19,131
885.0,630.0,3,2012-02-19,131
983.0,632.0,3,2012-02-19,131
872.0,603.0,2,2012-02-22,134
963.0,632.0,2,2012-02-22,134
1003.0,721.0,2,2012-02-24,136
1003.0,721.0,2,2012-02-24,136
1003.0,721.0,2,2012-02-24,136
1005.0,724.0,3,2012-02-24,136
1005.0,724.0,3,2012-02-24,136
1005.0,724.0,2,2012-02-24,136
493.0,501.0,2,2012-02-24,136
851.0,588.0,2,2012-02-24,136
380.0,114.0,2,2012-02-24,136
1005.0,724.0,2,2012-02-24,136
371.0,125.0,2,2012-02-25,137
1013.0,729.0,2,2012-02-26,138
1013.0,729.0,3,2012-02-26,138
202.0,149.0,3,2012-02-27,139
423.0,181.0,2,2012-02-27,139
1013.0,729.0,2,2012-02-28,140
1022.0,732.0,2,2012-02-28,140
1013.0,729.0,2,2012-02-28,140
1028.0,734.0,2,2012-02-28,140
1022.0,732.0,2,2012-02-28,140
983.0,632.0,2,2012-02-28,140
955.0,462.0,2,2012-02-29,141
914.0,632.0,2,2012-02-29,141
1028.0,734.0,3,2012-02-29,141
1022.0,732.0,2,2012-02-29,141
1022.0,732.0,2,2012-02-29,141
1036.0,599.0,2,2012-03-01,142
1013.0,729.0,2,2012-03-01,142
963.0,632.0,2,2012-03-01,142
1000.0,71.0,2,2012-03-01,142
572.0,104.0,2,2012-03-01,142
1040.0,742.0,2,2012-03-03,144
1048.0,414.0,2,2012-03-03,144
894.0,632.0,2,2012-03-04,145
933.0,667.0,2,2012-03-05,146
138.0,103.0,2,2012-03-05,146
894.0,632.0,2,2012-03-05,146
657.0,247.0,2,2012-03-05,146
1042.0,599.0,2,2012-03-05,146
1052.0,754.0,3,2012-03-06,147
1036.0,599.0,2,2012-03-06,147
1048.0,414.0,2,2012-03-06,147
1051.0,752.0,3,2012-03-07,148
131.0,48.0,2,2012-03-07,148
1052.0,754.0,2,2012-03-07,148
1051.0,752.0,3,2012-03-07,148
1062.0,756.0,3,2012-03-08,149
1051.0,752.0,3,2012-03-08,149
1040.0,742.0,2,2012-03-08,149
1061.0,1.0,2,2012-03-08,149
1061.0,1.0,2,2012-03-08,149
1013.0,729.0,2,2012-03-08,149
688.0,432.0,2,2012-03-09,150
1064.0,762.0,2,2012-03-09,150
1062.0,756.0,2,2012-03-09,150
1051.0,752.0,2,2012-03-09,150
1013.0,729.0,2,2012-03-09,150
1067.0,765.0,3,2012-03-09,150
1067.0,765.0,3,2012-03-09,150
1064.0,762.0,2,2012-03-09,150
1067.0,765.0,3,2012-03-09,150
1067.0,765.0,2,2012-03-09,150
1067.0,765.0,3,2012-03-09,150
1069.0,71.0,2,2012-03-09,150
1064.0,762.0,2,2012-03-10,151
1090.0,377.0,3,2012-03-10,151
1052.0,754.0,2,2012-03-10,151
957.0,683.0,2,2012-03-11,152
976.0,700.0,2,2012-03-11,152
1090.0,377.0,2,2012-03-11,152
36.0,30.0,2,2012-03-11,152
1096.0,752.0,2,2012-03-12,153
1075.0,258.0,2,2012-03-12,153
1069.0,71.0,2,2012-03-12,153
1061.0,1.0,2,2012-03-12,153
1075.0,258.0,2,2012-03-12,153
1090.0,377.0,3,2012-03-12,153
1067.0,765.0,2,2012-03-12,153
1075.0,258.0,2,2012-03-12,153
1090.0,377.0,3,2012-03-12,153
1096.0,752.0,2,2012-03-12,153
955.0,462.0,2,2012-03-14,155
955.0,462.0,2,2012-03-14,155
1072.0,524.0,2,2012-03-15,156
418.0,501.0,2,2012-03-15,156
815.0,93.0,2,2012-03-15,156
914.0,632.0,2,2012-03-15,156
154.0,21.0,2,2012-03-15,156
1118.0,788.0,3,2012-03-16,157
1120.0,789.0,3,2012-03-16,157
1090.0,377.0,2,2012-03-19,160
1125.0,71.0,2,2012-03-19,160
1120.0,789.0,2,2012-03-19,160
1061.0,1.0,2,2012-03-19,160
894.0,632.0,2,2012-03-20,161
1013.0,729.0,2,2012-03-20,161
1013.0,729.0,2,2012-03-21,162
1115.0,104.0,2,2012-03-21,162
1137.0,802.0,2,2012-03-21,162
1138.0,801.0,2,2012-03-22,163
1.0,8.0,2,2012-03-22,163
101.0,89.0,2,2012-03-22,163
3.0,5.0,2,2012-03-22,163
1072.0,524.0,2,2012-03-22,163
1115.0,104.0,2,2012-03-26,167
1141.0,808.0,2,2012-03-26,167
1141.0,808.0,2,2012-03-26,167
1051.0,752.0,3,2012-03-27,168
1143.0,813.0,2,2012-03-27,168
1141.0,808.0,2,2012-03-28,169
339.0,207.0,2,2012-03-29,170
1155.0,732.0,2,2012-03-29,170
782.0,342.0,2,2012-03-30,171
1162.0,432.0,3,2012-03-30,171
1162.0,432.0,3,2012-03-30,171
1155.0,732.0,2,2012-03-30,171
888.0,632.0,2,2012-03-30,171
1145.0,815.0,2,2012-03-30,171
1162.0,432.0,3,2012-03-30,171
269.0,101.0,2,2012-03-31,172
1167.0,825.0,2,2012-03-31,172
1167.0,825.0,2,2012-03-31,172
1170.0,797.0,2,2012-03-31,172
1171.0,821.0,2,2012-03-31,172
1149.0,648.0,2,2012-03-31,172
1103.0,783.0,2,2012-03-31,172
1062.0,756.0,2,2012-03-31,172
1170.0,797.0,2,2012-03-31,172
309.0,152.0,2,2012-03-31,172
50.0,65.0,2,2012-03-31,172
534.0,65.0,2,2012-03-31,172
65.0,110.0,2,2012-03-31,172
157.0,132.0,2,2012-03-31,172
782.0,342.0,3,2012-03-31,172
903.0,643.0,3,2012-03-31,172
340.0,209.0,2,2012-03-31,172
912.0,650.0,2,2012-03-31,172
788.0,530.0,2,2012-03-31,172
853.0,590.0,2,2012-03-31,172
1155.0,732.0,2,2012-03-31,172
1153.0,524.0,2,2012-03-31,172
1144.0,814.0,2,2012-03-31,172
1145.0,815.0,2,2012-03-31,172
1088.0,71.0,2,2012-03-31,172
1125.0,71.0,2,2012-03-31,172
1109.0,784.0,2,2012-03-31,172
1141.0,808.0,2,2012-04-01,173
1174.0,432.0,3,2012-04-02,174
1174.0,432.0,3,2012-04-02,174
1175.0,432.0,3,2012-04-02,174
1042.0,599.0,2,2012-04-02,174
1174.0,432.0,3,2012-04-02,174
1175.0,432.0,3,2012-04-02,174
1019.0,719.0,2,2012-04-02,174
1175.0,432.0,3,2012-04-02,174
1019.0,719.0,2,2012-04-03,175
1177.0,830.0,2,2012-04-03,175
898.0,640.0,2,2012-04-03,175
1177.0,830.0,2,2012-04-03,175
1075.0,258.0,2,2012-04-03,175
1177.0,830.0,2,2012-04-03,175
1149.0,648.0,2,2012-04-03,175
1176.0,829.0,2,2012-04-04,176
1162.0,432.0,3,2012-04-04,176
1175.0,432.0,3,2012-04-04,176
1022.0,732.0,2,2012-04-06,178
1323.0,114.0,2,2011-11-30,50
1323.0,114.0,2,2011-11-30,50
1323.0,114.0,2,2011-11-30,50
1.0,5.0,2,2011-10-11,0
3.0,31.0,2,2011-10-11,0
1.0,5.0,2,2011-10-11,0
1.0,5.0,2,2011-10-11,0
1.0,5.0,2,2011-10-11,0
4.0,23.0,2,2011-10-11,0
13.0,41.0,2,2011-10-11,0
3.0,31.0,3,2011-10-11,0
6.0,26.0,2,2011-10-11,0
6.0,26.0,2,2011-10-11,0
17.0,41.0,2,2011-10-11,0
22.0,40.0,3,2011-10-11,0
1.0,5.0,2,2011-10-11,0
18.0,45.0,2,2011-10-11,0
18.0,45.0,2,2011-10-11,0
22.0,40.0,2,2011-10-11,0
9.0,26.0,2,2011-10-11,0
18.0,50.0,2,2011-10-11,0
9.0,26.0,2,2011-10-11,0
17.0,41.0,2,2011-10-11,0
9.0,45.0,2,2011-10-11,0
6.0,26.0,2,2011-10-11,0
7.0,44.0,2,2011-10-11,0
31.0,48.0,2,2011-10-11,0
4.0,57.0,2,2011-10-11,0
17.0,41.0,2,2011-10-11,0
6.0,11.0,2,2011-10-11,0
9.0,26.0,3,2011-10-11,0
7.0,44.0,2,2011-10-11,0
17.0,41.0,2,2011-10-11,0
14.0,26.0,2,2011-10-11,0
3.0,31.0,2,2011-10-11,0
1.0,5.0,3,2011-10-11,0
6.0,11.0,2,2011-10-11,0
1.0,5.0,2,2011-10-11,0
43.0,50.0,2,2011-10-11,0
43.0,50.0,2,2011-10-11,0
43.0,50.0,2,2011-10-11,0
17.0,41.0,2,2011-10-12,1
13.0,41.0,2,2011-10-12,1
14.0,26.0,2,2011-10-12,1
22.0,40.0,3,2011-10-12,1
22.0,40.0,3,2011-10-12,1
49.0,68.0,2,2011-10-12,1
4.0,23.0,2,2011-10-12,1
36.0,10.0,2,2011-10-12,1
31.0,48.0,3,2011-10-12,1
13.0,41.0,2,2011-10-12,1
14.0,10.0,2,2011-10-12,1
14.0,10.0,3,2011-10-12,1
7.0,44.0,2,2011-10-12,1
22.0,40.0,3,2011-10-12,1
57.0,68.0,2,2011-10-12,1
43.0,68.0,2,2011-10-12,1
43.0,68.0,2,2011-10-12,1
43.0,50.0,2,2011-10-12,1
18.0,50.0,2,2011-10-12,1
18.0,10.0,2,2011-10-12,1
18.0,45.0,2,2011-10-12,1
7.0,44.0,2,2011-10-12,1
4.0,23.0,2,2011-10-12,1
49.0,68.0,2,2011-10-12,1
6.0,11.0,2,2011-10-12,1
6.0,26.0,2,2011-10-12,1
43.0,68.0,2,2011-10-12,1
22.0,100.0,2,2011-10-12,1
22.0,40.0,3,2011-10-12,1
18.0,10.0,3,2011-10-12,1
43.0,68.0,2,2011-10-12,1
22.0,40.0,3,2011-10-12,1
57.0,68.0,2,2011-10-12,1
14.0,10.0,2,2011-10-12,1
7.0,44.0,2,2011-10-12,1
6.0,11.0,2,2011-10-12,1
43.0,68.0,2,2011-10-12,1
6.0,11.0,2,2011-10-12,1
18.0,104.0,2,2011-10-12,1
49.0,68.0,2,2011-10-12,1
43.0,68.0,2,2011-10-12,1
22.0,40.0,3,2011-10-12,1
14.0,10.0,2,2011-10-12,1
65.0,115.0,2,2011-10-12,1
22.0,100.0,2,2011-10-12,1
74.0,10.0,2,2011-10-12,1
18.0,10.0,2,2011-10-12,1
87.0,50.0,2,2011-10-12,1
3.0,31.0,2,2011-10-12,1
87.0,50.0,2,2011-10-12,1
87.0,104.0,2,2011-10-12,1
18.0,45.0,2,2011-10-12,1
36.0,10.0,2,2011-10-12,1
3.0,31.0,2,2011-10-12,1
87.0,104.0,2,2011-10-12,1
87.0,50.0,2,2011-10-12,1
97.0,48.0,2,2011-10-12,1
97.0,48.0,2,2011-10-12,1
97.0,48.0,2,2011-10-12,1
4.0,23.0,2,2011-10-12,1
94.0,11.0,2,2011-10-12,1
94.0,11.0,2,2011-10-12,1
103.0,11.0,2,2011-10-12,1
108.0,8.0,2,2011-10-12,1
103.0,11.0,3,2011-10-12,1
103.0,104.0,2,2011-10-12,1
50.0,82.0,2,2011-10-12,1
50.0,48.0,2,2011-10-12,1
9.0,26.0,2,2011-10-12,1
94.0,11.0,2,2011-10-12,1
9.0,10.0,2,2011-10-12,1
108.0,8.0,3,2011-10-12,1
65.0,104.0,2,2011-10-12,1
103.0,68.0,2,2011-10-12,1
36.0,10.0,2,2011-10-12,1
103.0,104.0,2,2011-10-12,1
18.0,104.0,2,2011-10-12,1
18.0,45.0,2,2011-10-12,1
18.0,50.0,2,2011-10-12,1
22.0,40.0,2,2011-10-12,1
120.0,50.0,2,2011-10-12,1
103.0,104.0,2,2011-10-13,2
103.0,68.0,2,2011-10-13,2
17.0,41.0,2,2011-10-13,2
94.0,11.0,2,2011-10-13,2
6.0,11.0,2,2011-10-13,2
43.0,68.0,2,2011-10-13,2
97.0,48.0,2,2011-10-13,2
120.0,50.0,2,2011-10-13,2
3.0,31.0,2,2011-10-13,2
103.0,104.0,2,2011-10-13,2
94.0,11.0,2,2011-10-13,2
87.0,50.0,2,2011-10-13,2
87.0,104.0,2,2011-10-13,2
103.0,11.0,2,2011-10-13,2
108.0,8.0,2,2011-10-13,2
4.0,23.0,2,2011-10-13,2
4.0,57.0,2,2011-10-13,2
121.0,40.0,2,2011-10-13,2
50.0,48.0,2,2011-10-13,2
129.0,103.0,3,2011-10-13,2
129.0,103.0,2,2011-10-13,2
18.0,104.0,2,2011-10-13,2
1.0,5.0,2,2011-10-13,2
121.0,40.0,2,2011-10-13,2
138.0,50.0,2,2011-10-13,2
138.0,50.0,2,2011-10-13,2
94.0,11.0,2,2011-10-13,2
50.0,48.0,2,2011-10-13,2
50.0,82.0,2,2011-10-13,2
14.0,26.0,2,2011-10-13,2
57.0,50.0,2,2011-10-13,2
9.0,10.0,2,2011-10-13,2
38.0,124.0,2,2011-10-13,2
138.0,50.0,2,2011-10-13,2
38.0,124.0,2,2011-10-13,2
4.0,23.0,2,2011-10-13,2
108.0,8.0,2,2011-10-13,2
38.0,124.0,2,2011-10-13,2
13.0,119.0,2,2011-10-13,2
97.0,48.0,2,2011-10-14,3
150.0,68.0,2,2011-10-14,3
13.0,41.0,2,2011-10-14,3
13.0,119.0,2,2011-10-14,3
9.0,45.0,2,2011-10-14,3
9.0,26.0,2,2011-10-14,3
9.0,10.0,2,2011-10-14,3
94.0,11.0,2,2011-10-14,3
129.0,103.0,2,2011-10-14,3
103.0,68.0,2,2011-10-15,4
103.0,11.0,2,2011-10-15,4
134.0,50.0,2,2011-10-15,4
163.0,48.0,2,2011-10-15,4
138.0,104.0,2,2011-10-15,4
138.0,104.0,2,2011-10-15,4
6.0,11.0,2,2011-10-15,4
7.0,44.0,2,2011-10-15,4
18.0,45.0,2,2011-10-15,4
18.0,104.0,2,2011-10-15,4
17.0,41.0,2,2011-10-15,4
163.0,48.0,2,2011-10-16,5
134.0,50.0,2,2011-10-17,6
246.0,11.0,2,2011-10-17,6
252.0,133.0,2,2011-10-17,6
252.0,133.0,2,2011-10-17,6
246.0,26.0,2,2011-10-17,6
252.0,133.0,2,2011-10-17,6
38.0,124.0,2,2011-10-17,6
246.0,11.0,2,2011-10-17,6
252.0,104.0,2,2011-10-17,6
49.0,68.0,2,2011-10-17,6
246.0,119.0,2,2011-10-18,7
246.0,26.0,2,2011-10-18,7
246.0,119.0,2,2011-10-18,7
246.0,26.0,2,2011-10-18,7
265.0,31.0,2,2011-10-18,7
265.0,31.0,3,2011-10-18,7
246.0,119.0,2,2011-10-18,7
265.0,26.0,2,2011-10-18,7
265.0,26.0,2,2011-10-18,7
265.0,50.0,2,2011-10-18,7
265.0,31.0,3,2011-10-18,7
203.0,26.0,2,2011-10-18,7
138.0,104.0,2,2011-10-18,7
246.0,119.0,2,2011-10-18,7
156.0,26.0,2,2011-10-18,7
13.0,41.0,2,2011-10-18,7
17.0,41.0,2,2011-10-18,7
203.0,26.0,2,2011-10-18,7
129.0,10.0,2,2011-10-18,7
164.0,89.0,2,2011-10-18,7
164.0,89.0,2,2011-10-18,7
57.0,68.0,2,2011-10-19,8
57.0,68.0,2,2011-10-19,8
283.0,48.0,2,2011-10-19,8
38.0,124.0,2,2011-10-19,8
6.0,11.0,2,2011-10-19,8
6.0,26.0,2,2011-10-19,8
9.0,26.0,2,2011-10-19,8
17.0,41.0,2,2011-10-19,8
178.0,89.0,2,2011-10-19,8
57.0,68.0,2,2011-10-19,8
38.0,124.0,2,2011-10-19,8
129.0,10.0,2,2011-10-20,9
57.0,68.0,2,2011-10-20,9
138.0,104.0,2,2011-10-21,10
288.0,68.0,2,2011-10-21,10
265.0,26.0,2,2011-10-21,10
265.0,50.0,2,2011-10-21,10
265.0,48.0,2,2011-10-21,10
265.0,31.0,2,2011-10-21,10
300.0,50.0,2,2011-10-21,10
288.0,68.0,2,2011-10-24,13
307.0,149.0,2,2011-10-24,13
98.0,50.0,2,2011-10-24,13
307.0,149.0,2,2011-10-24,13
307.0,104.0,2,2011-10-24,13
307.0,104.0,2,2011-10-24,13
307.0,104.0,2,2011-10-24,13
315.0,26.0,2,2011-10-25,14
307.0,104.0,2,2011-10-25,14
315.0,26.0,2,2011-10-25,14
315.0,26.0,2,2011-10-25,14
292.0,169.0,2,2011-10-25,14
14.0,89.0,2,2011-10-25,14
43.0,50.0,2,2011-10-25,14
14.0,178.0,2,2011-10-25,14
3.0,104.0,3,2011-10-25,14
17.0,41.0,2,2011-10-25,14
265.0,50.0,2,2011-10-25,14
265.0,26.0,2,2011-10-25,14
265.0,50.0,2,2011-10-25,14
318.0,26.0,2,2011-10-25,14
306.0,103.0,2,2011-10-25,14
203.0,178.0,2,2011-10-25,14
203.0,178.0,2,2011-10-26,15
87.0,178.0,2,2011-10-26,15
318.0,26.0,2,2011-10-26,15
87.0,50.0,2,2011-10-26,15
327.0,171.0,2,2011-10-26,15
327.0,171.0,2,2011-10-26,15
327.0,171.0,2,2011-10-26,15
315.0,26.0,2,2011-10-26,15
318.0,26.0,2,2011-10-26,15
327.0,171.0,2,2011-10-26,15
4.0,57.0,2,2011-10-26,15
4.0,178.0,2,2011-10-26,15
126.0,178.0,2,2011-10-26,15
329.0,178.0,3,2011-10-26,15
13.0,119.0,2,2011-10-26,15
329.0,178.0,3,2011-10-27,16
337.0,178.0,2,2011-10-27,16
340.0,178.0,2,2011-10-27,16
337.0,178.0,2,2011-10-28,17
306.0,219.0,2,2011-10-28,17
306.0,103.0,2,2011-10-28,17
364.0,44.0,2,2011-10-29,18
317.0,68.0,2,2011-10-29,18
317.0,121.0,2,2011-10-29,18
364.0,44.0,2,2011-10-29,18
364.0,44.0,2,2011-10-29,18
364.0,44.0,2,2011-10-29,18
364.0,50.0,2,2011-10-29,18
367.0,50.0,3,2011-10-29,18
364.0,68.0,2,2011-10-29,18
364.0,44.0,2,2011-10-29,18
364.0,68.0,2,2011-10-29,18
364.0,50.0,2,2011-10-29,18
364.0,44.0,2,2011-10-29,18
265.0,26.0,2,2011-10-29,18
265.0,48.0,2,2011-10-29,18
17.0,41.0,2,2011-10-29,18
340.0,178.0,2,2011-10-29,18
307.0,104.0,2,2011-10-29,18
307.0,149.0,2,2011-10-29,18
57.0,68.0,2,2011-10-29,18
164.0,121.0,2,2011-10-29,18
364.0,44.0,2,2011-10-29,18
364.0,68.0,2,2011-10-29,18
364.0,221.0,2,2011-10-29,18
367.0,50.0,2,2011-10-29,18
367.0,50.0,2,2011-10-30,19
367.0,50.0,2,2011-10-30,19
364.0,44.0,2,2011-10-30,19
364.0,50.0,2,2011-10-30,19
364.0,221.0,2,2011-10-30,19
364.0,68.0,2,2011-10-30,19
364.0,44.0,2,2011-10-30,19
364.0,44.0,2,2011-10-30,19
43.0,50.0,2,2011-10-30,19
306.0,221.0,2,2011-10-30,19
101.0,44.0,2,2011-10-30,19
364.0,68.0,2,2011-10-30,19
365.0,44.0,2,2011-10-30,19
3.0,104.0,2,2011-10-30,19
380.0,26.0,2,2011-10-30,19
383.0,104.0,2,2011-10-31,20
384.0,103.0,2,2011-10-31,20
384.0,103.0,3,2011-10-31,20
389.0,26.0,2,2011-10-31,20
383.0,104.0,2,2011-10-31,20
383.0,104.0,2,2011-10-31,20
374.0,133.0,2,2011-10-31,20
317.0,68.0,2,2011-10-31,20
317.0,119.0,2,2011-10-31,20
385.0,103.0,2,2011-10-31,20
383.0,104.0,2,2011-10-31,20
49.0,68.0,2,2011-10-31,20
340.0,178.0,2,2011-10-31,20
164.0,121.0,2,2011-10-31,20
164.0,89.0,2,2011-10-31,20
384.0,103.0,2,2011-10-31,20
389.0,26.0,2,2011-10-31,20
389.0,65.0,2,2011-10-31,20
265.0,26.0,2,2011-10-31,20
265.0,48.0,2,2011-10-31,20
246.0,26.0,2,2011-10-31,20
401.0,48.0,2,2011-10-31,20
84.0,104.0,2,2011-11-01,21
65.0,104.0,2,2011-11-01,21
252.0,104.0,2,2011-11-01,21
103.0,104.0,2,2011-11-01,21
401.0,48.0,2,2011-11-01,21
3.0,104.0,2,2011-11-01,21
380.0,26.0,2,2011-11-02,22
405.0,104.0,2,2011-11-02,22
408.0,133.0,2,2011-11-02,22
401.0,48.0,2,2011-11-02,22
380.0,26.0,2,2011-11-02,22
380.0,133.0,2,2011-11-02,22
411.0,48.0,2,2011-11-02,22
405.0,104.0,2,2011-11-02,22
84.0,104.0,2,2011-11-02,22
289.0,45.0,2,2011-11-02,22
380.0,26.0,2,2011-11-03,23
22.0,40.0,2,2011-11-03,23
423.0,119.0,2,2011-11-04,24
433.0,104.0,2,2011-11-04,24
426.0,104.0,2,2011-11-04,24
103.0,104.0,2,2011-11-04,24
426.0,104.0,2,2011-11-04,24
433.0,104.0,2,2011-11-04,24
435.0,501.0,2,2011-11-04,24
13.0,41.0,2,2011-11-05,25
3.0,31.0,2,2011-11-05,25
444.0,104.0,2,2011-11-05,25
178.0,89.0,2,2011-11-06,26
474.0,322.0,2,2011-11-06,26
444.0,104.0,2,2011-11-06,26
444.0,104.0,2,2011-11-07,27
126.0,178.0,2,2011-11-07,27
473.0,242.0,3,2011-11-07,27
473.0,242.0,2,2011-11-07,27
476.0,257.0,2,2011-11-07,27
425.0,26.0,2,2011-11-07,27
444.0,257.0,2,2011-11-07,27
476.0,257.0,2,2011-11-07,27
473.0,242.0,2,2011-11-07,27
444.0,104.0,2,2011-11-07,27
424.0,255.0,2,2011-11-07,27
435.0,262.0,2,2011-11-07,27
476.0,257.0,2,2011-11-07,27
476.0,133.0,2,2011-11-07,27
18.0,104.0,2,2011-11-07,27
18.0,10.0,2,2011-11-07,27
18.0,50.0,2,2011-11-07,27
473.0,242.0,2,2011-11-08,28
455.0,501.0,2,2011-11-09,29
327.0,171.0,2,2011-11-09,29
456.0,249.0,2,2011-11-09,29
502.0,48.0,2,2011-11-09,29
502.0,48.0,2,2011-11-09,29
473.0,242.0,2,2011-11-09,29
444.0,104.0,2,2011-11-09,29
426.0,104.0,2,2011-11-10,30
494.0,249.0,2,2011-11-10,30
501.0,133.0,3,2011-11-10,30
502.0,104.0,2,2011-11-10,30
425.0,26.0,2,2011-11-10,30
496.0,48.0,2,2011-11-10,30
496.0,48.0,2,2011-11-10,30
496.0,48.0,2,2011-11-10,30
496.0,81.0,2,2011-11-10,30
502.0,367.0,2,2011-11-10,30
496.0,81.0,2,2011-11-10,30
517.0,26.0,2,2011-11-10,30
502.0,48.0,2,2011-11-11,31
501.0,48.0,2,2011-11-11,31
501.0,133.0,2,2011-11-11,31
425.0,26.0,2,2011-11-11,31
520.0,68.0,2,2011-11-12,32
520.0,68.0,2,2011-11-12,32
520.0,68.0,2,2011-11-12,32
127.0,48.0,2,2011-11-12,32
127.0,68.0,2,2011-11-12,32
502.0,104.0,2,2011-11-12,32
502.0,81.0,2,2011-11-12,32
444.0,257.0,2,2011-11-12,32
87.0,104.0,2,2011-11-12,32
524.0,104.0,2,2011-11-14,34
534.0,104.0,2,2011-11-15,35
527.0,104.0,2,2011-11-15,35
543.0,68.0,2,2011-11-15,35
547.0,119.0,2,2011-11-15,35
548.0,119.0,2,2011-11-16,36
543.0,68.0,2,2011-11-16,36
547.0,119.0,2,2011-11-17,37
553.0,68.0,2,2011-11-17,37
547.0,397.0,2,2011-11-17,37
456.0,397.0,2,2011-11-17,37
547.0,397.0,2,2011-11-17,37
456.0,397.0,2,2011-11-17,37
456.0,397.0,2,2011-11-17,37
565.0,400.0,2,2011-11-18,38
547.0,397.0,2,2011-11-18,38
556.0,104.0,2,2011-11-18,38
567.0,104.0,2,2011-11-18,38
545.0,178.0,2,2011-11-18,38
569.0,178.0,2,2011-11-18,38
569.0,104.0,2,2011-11-18,38
569.0,178.0,2,2011-11-18,38
577.0,178.0,2,2011-11-18,38
126.0,178.0,2,2011-11-18,38
577.0,178.0,3,2011-11-19,39
569.0,104.0,2,2011-11-19,39
569.0,178.0,2,2011-11-19,39
548.0,119.0,2,2011-11-19,39
572.0,501.0,2,2011-11-19,39
572.0,501.0,2,2011-11-19,39
569.0,178.0,2,2011-11-19,39
572.0,501.0,2,2011-11-19,39
527.0,104.0,2,2011-11-19,39
578.0,82.0,2,2011-11-19,39
578.0,82.0,2,2011-11-19,39
578.0,178.0,2,2011-11-19,39
569.0,104.0,2,2011-11-19,39
569.0,104.0,2,2011-11-19,39
593.0,26.0,2,2011-11-20,40
578.0,82.0,2,2011-11-20,40
577.0,178.0,2,2011-11-20,40
572.0,48.0,2,2011-11-20,40
577.0,178.0,3,2011-11-20,40
572.0,501.0,2,2011-11-20,40
593.0,26.0,2,2011-11-20,40
572.0,48.0,2,2011-11-21,41
578.0,178.0,3,2011-11-21,41
593.0,26.0,2,2011-11-21,41
569.0,178.0,2,2011-11-21,41
569.0,104.0,2,2011-11-21,41
569.0,104.0,2,2011-11-21,41
593.0,21.0,2,2011-11-21,41
539.0,165.0,2,2011-11-21,41
569.0,178.0,2,2011-11-21,41
374.0,165.0,2,2011-11-21,41
265.0,48.0,2,2011-11-22,42
265.0,50.0,2,2011-11-22,42
584.0,31.0,2,2011-11-22,42
609.0,104.0,2,2011-11-23,43
382.0,104.0,2,2011-11-23,43
374.0,165.0,2,2011-11-23,43
609.0,104.0,2,2011-11-23,43
584.0,31.0,2,2011-11-23,43
382.0,104.0,2,2011-11-23,43
613.0,104.0,2,2011-11-23,43
613.0,178.0,2,2011-11-23,43
337.0,28.0,2,2011-11-23,43
329.0,178.0,3,2011-11-24,44
329.0,178.0,2,2011-11-24,44
455.0,501.0,2,2011-11-24,44
623.0,130.0,2,2011-11-25,45
307.0,149.0,2,2011-11-25,45
623.0,130.0,2,2011-11-25,45
623.0,130.0,2,2011-11-25,45
534.0,104.0,2,2011-11-25,45
545.0,178.0,2,2011-11-25,45
584.0,31.0,2,2011-11-25,45
596.0,197.0,3,2011-11-26,46
43.0,68.0,2,2011-11-26,46
629.0,81.0,2,2011-11-27,47
629.0,81.0,2,2011-11-27,47
629.0,81.0,2,2011-11-27,47
596.0,441.0,2,2011-11-28,48
629.0,81.0,2,2011-11-28,48
374.0,165.0,2,2011-11-28,48
634.0,104.0,2,2011-11-28,48
613.0,104.0,2,2011-11-28,48
629.0,81.0,2,2011-11-28,48
329.0,178.0,3,2011-11-28,48
629.0,133.0,2,2011-11-29,49
634.0,48.0,2,2011-11-29,49
572.0,501.0,2,2011-11-29,49
593.0,21.0,2,2011-11-29,49
641.0,48.0,2,2011-11-29,49
641.0,48.0,2,2011-11-29,49
1.0,5.0,2,2011-11-30,50
364.0,44.0,2,2011-11-30,50
364.0,68.0,2,2011-11-30,50
650.0,68.0,2,2011-11-30,50
651.0,68.0,2,2011-11-30,50
650.0,68.0,3,2011-11-30,50
651.0,68.0,2,2011-11-30,50
652.0,133.0,2,2011-11-30,50
651.0,68.0,2,2011-11-30,50
656.0,48.0,2,2011-12-01,51
652.0,133.0,3,2011-12-01,51
656.0,48.0,2,2011-12-01,51
651.0,68.0,2,2011-12-02,52
641.0,48.0,2,2011-12-02,52
641.0,26.0,2,2011-12-02,52
432.0,397.0,2,2011-12-02,52
547.0,397.0,2,2011-12-02,52
650.0,133.0,2,2011-12-02,52
652.0,501.0,2,2011-12-02,52
651.0,68.0,2,2011-12-02,52
3.0,31.0,2,2011-12-02,52
3.0,104.0,2,2011-12-02,52
672.0,48.0,2,2011-12-02,52
103.0,104.0,2,2011-12-03,53
671.0,82.0,2,2011-12-03,53
7.0,165.0,2,2011-12-03,53
7.0,165.0,2,2011-12-03,53
7.0,44.0,2,2011-12-03,53
678.0,501.0,2,2011-12-03,53
672.0,48.0,2,2011-12-04,54
7.0,44.0,2,2011-12-04,54
7.0,165.0,2,2011-12-04,54
652.0,501.0,2,2011-12-05,55
43.0,68.0,2,2011-12-05,55
596.0,197.0,2,2011-12-05,55
569.0,178.0,2,2011-12-05,55
689.0,104.0,2,2011-12-05,55
569.0,104.0,2,2011-12-05,55
7.0,44.0,2,2011-12-05,55
7.0,165.0,2,2011-12-05,55
689.0,104.0,2,2011-12-05,55
650.0,133.0,2,2011-12-06,56
678.0,501.0,2,2011-12-06,56
671.0,82.0,2,2011-12-06,56
689.0,104.0,2,2011-12-06,56
695.0,178.0,2,2011-12-06,56
695.0,104.0,2,2011-12-06,56
3.0,31.0,2,2011-12-06,56
43.0,68.0,2,2011-12-07,57
689.0,104.0,2,2011-12-07,57
7.0,165.0,3,2011-12-07,57
700.0,397.0,2,2011-12-07,57
695.0,178.0,2,2011-12-07,57
700.0,397.0,2,2011-12-07,57
146.0,68.0,2,2011-12-07,57
596.0,165.0,2,2011-12-08,58
596.0,462.0,2,2011-12-08,58
678.0,104.0,2,2011-12-08,58
146.0,68.0,2,2011-12-08,58
64.0,104.0,2,2011-12-08,58
701.0,165.0,2,2011-12-08,58
701.0,165.0,2,2011-12-08,58
708.0,405.0,2,2011-12-08,58
711.0,178.0,3,2011-12-09,59
708.0,405.0,2,2011-12-09,59
711.0,178.0,3,2011-12-09,59
353.0,26.0,2,2011-12-09,59
353.0,68.0,2,2011-12-09,59
711.0,104.0,2,2011-12-09,59
708.0,473.0,2,2011-12-09,59
708.0,405.0,2,2011-12-09,59
708.0,473.0,2,2011-12-09,59
708.0,473.0,3,2011-12-09,59
444.0,257.0,2,2011-12-09,59
678.0,104.0,2,2011-12-10,60
678.0,501.0,2,2011-12-10,60
317.0,119.0,2,2011-12-10,60
685.0,68.0,2,2011-12-10,60
711.0,178.0,2,2011-12-10,60
711.0,104.0,2,2011-12-11,61
711.0,178.0,2,2011-12-11,61
685.0,68.0,2,2011-12-11,61
146.0,68.0,2,2011-12-11,61
701.0,165.0,2,2011-12-11,61
711.0,104.0,2,2011-12-11,61
716.0,48.0,2,2011-12-12,62
711.0,104.0,2,2011-12-12,62
716.0,48.0,2,2011-12-12,62
711.0,104.0,2,2011-12-12,62
711.0,178.0,2,2011-12-12,62
613.0,178.0,2,2011-12-12,62
613.0,104.0,2,2011-12-12,62
4.0,23.0,2,2011-12-12,62
4.0,178.0,2,2011-12-12,62
701.0,165.0,2,2011-12-13,63
718.0,26.0,2,2011-12-13,63
685.0,68.0,2,2011-12-13,63
545.0,178.0,2,2011-12-14,64
526.0,104.0,2,2011-12-14,64
526.0,104.0,2,2011-12-15,65
730.0,489.0,2,2011-12-15,65
567.0,104.0,2,2011-12-15,65
727.0,104.0,2,2011-12-15,65
730.0,489.0,3,2011-12-15,65
730.0,104.0,2,2011-12-15,65
730.0,104.0,2,2011-12-15,65
734.0,104.0,2,2011-12-15,65
730.0,104.0,2,2011-12-15,65
729.0,26.0,2,2011-12-15,65
729.0,26.0,2,2011-12-15,65
734.0,104.0,2,2011-12-15,65
730.0,104.0,2,2011-12-16,66
725.0,114.0,2,2011-12-16,66
725.0,104.0,2,2011-12-16,66
725.0,114.0,2,2011-12-16,66
716.0,494.0,2,2011-12-16,66
729.0,26.0,2,2011-12-16,66
739.0,104.0,2,2011-12-16,66
740.0,501.0,2,2011-12-16,66
740.0,165.0,2,2011-12-16,66
740.0,165.0,2,2011-12-17,67
740.0,501.0,2,2011-12-17,67
754.0,26.0,2,2011-12-17,67
754.0,48.0,2,2011-12-17,67
728.0,165.0,2,2011-12-18,68
716.0,48.0,2,2011-12-18,68
716.0,494.0,2,2011-12-18,68
730.0,489.0,2,2011-12-18,68
146.0,68.0,2,2011-12-18,68
725.0,114.0,2,2011-12-18,68
725.0,494.0,2,2011-12-18,68
43.0,50.0,2,2011-12-18,68
43.0,68.0,2,2011-12-18,68
569.0,104.0,2,2011-12-19,69
572.0,501.0,2,2011-12-19,69
572.0,48.0,2,2011-12-19,69
384.0,103.0,2,2011-12-19,69
7.0,165.0,2,2011-12-19,69
7.0,44.0,2,2011-12-19,69
101.0,44.0,2,2011-12-19,69
17.0,41.0,2,2011-12-19,69
543.0,68.0,2,2011-12-19,69
6.0,11.0,2,2011-12-19,69
6.0,26.0,2,2011-12-19,69
754.0,48.0,2,2011-12-19,69
353.0,215.0,2,2011-12-19,69
730.0,489.0,2,2011-12-19,69
411.0,48.0,2,2011-12-20,70
754.0,26.0,2,2011-12-20,70
695.0,178.0,2,2011-12-20,70
725.0,494.0,2,2011-12-20,70
728.0,165.0,2,2011-12-21,71
1.0,5.0,2,2011-12-21,71
764.0,178.0,2,2011-12-21,71
651.0,68.0,2,2011-12-21,71
127.0,81.0,2,2011-12-21,71
764.0,178.0,3,2011-12-22,72
651.0,68.0,2,2011-12-22,72
764.0,178.0,3,2011-12-23,73
764.0,178.0,3,2011-12-23,73
612.0,165.0,2,2011-12-24,74
782.0,97.0,2,2011-12-27,77
771.0,529.0,2,2011-12-27,77
778.0,133.0,2,2011-12-28,78
365.0,44.0,2,2011-12-31,81
792.0,104.0,2,2011-12-31,81
793.0,542.0,3,2012-01-01,82
793.0,542.0,3,2012-01-02,83
793.0,104.0,2,2012-01-02,83
771.0,529.0,2,2012-01-03,84
793.0,542.0,3,2012-01-03,84
792.0,104.0,2,2012-01-03,84
792.0,48.0,2,2012-01-03,84
754.0,26.0,2,2012-01-03,84
778.0,89.0,2,2012-01-03,84
793.0,104.0,2,2012-01-03,84
792.0,89.0,2,2012-01-04,85
754.0,48.0,2,2012-01-04,85
772.0,89.0,2,2012-01-04,85
792.0,178.0,2,2012-01-04,85
725.0,114.0,2,2012-01-04,85
781.0,26.0,2,2012-01-05,86
793.0,542.0,2,2012-01-05,86
129.0,10.0,2,2012-01-07,88
730.0,104.0,2,2012-01-07,88
730.0,489.0,2,2012-01-07,88
818.0,567.0,2,2012-01-08,89
793.0,48.0,2,2012-01-09,90
718.0,26.0,2,2012-01-09,90
818.0,567.0,2,2012-01-09,90
818.0,567.0,2,2012-01-09,90
763.0,571.0,3,2012-01-10,91
364.0,50.0,2,2012-01-10,91
826.0,31.0,2,2012-01-10,91
792.0,48.0,2,2012-01-10,91
792.0,89.0,2,2012-01-10,91
792.0,178.0,2,2012-01-10,91
792.0,104.0,2,2012-01-10,91
826.0,31.0,2,2012-01-10,91
826.0,104.0,2,2012-01-10,91
763.0,133.0,2,2012-01-10,91
821.0,133.0,2,2012-01-10,91
818.0,567.0,2,2012-01-10,91
425.0,26.0,2,2012-01-10,91
821.0,133.0,3,2012-01-11,92
831.0,557.0,2,2012-01-11,92
821.0,133.0,2,2012-01-11,92
831.0,557.0,3,2012-01-12,93
423.0,119.0,2,2012-01-12,93
792.0,48.0,2,2012-01-12,93
821.0,133.0,2,2012-01-12,93
826.0,104.0,2,2012-01-13,94
826.0,31.0,2,2012-01-13,94
835.0,104.0,2,2012-01-13,94
835.0,104.0,3,2012-01-13,94
831.0,489.0,2,2012-01-13,94
835.0,104.0,2,2012-01-14,95
7.0,165.0,2,2012-01-16,97
780.0,564.0,2,2012-01-16,97
813.0,564.0,2,2012-01-17,98
840.0,48.0,2,2012-01-17,98
855.0,31.0,2,2012-01-18,99
855.0,31.0,2,2012-01-18,99
855.0,133.0,2,2012-01-18,99
840.0,48.0,2,2012-01-18,99
855.0,104.0,2,2012-01-18,99
859.0,104.0,2,2012-01-18,99
108.0,8.0,2,2012-01-18,99
337.0,28.0,2,2012-01-19,100
855.0,104.0,2,2012-01-19,100
864.0,31.0,2,2012-01-19,100
864.0,31.0,2,2012-01-19,100
864.0,31.0,2,2012-01-20,101
108.0,8.0,2,2012-01-20,101
831.0,489.0,2,2012-01-20,101
831.0,133.0,2,2012-01-20,101
855.0,31.0,2,2012-01-20,101
871.0,504.0,2,2012-01-20,101
852.0,133.0,2,2012-01-20,101
840.0,48.0,2,2012-01-21,102
871.0,504.0,2,2012-01-22,103
871.0,504.0,2,2012-01-22,103
862.0,400.0,2,2012-01-23,104
855.0,31.0,2,2012-01-23,104
871.0,504.0,2,2012-01-23,104
855.0,31.0,2,2012-01-23,104
22.0,40.0,2,2012-01-23,104
879.0,104.0,2,2012-01-24,105
855.0,31.0,2,2012-01-24,105
754.0,552.0,2,2012-01-24,105
793.0,542.0,2,2012-01-24,105
725.0,89.0,2,2012-01-24,105
725.0,178.0,2,2012-01-24,105
763.0,571.0,2,2012-01-24,105
764.0,178.0,2,2012-01-24,105
772.0,529.0,2,2012-01-24,105
265.0,100.0,2,2012-01-24,105
826.0,569.0,2,2012-01-24,105
569.0,31.0,2,2012-01-25,106
863.0,178.0,2,2012-01-26,107
871.0,504.0,2,2012-01-28,109
887.0,48.0,2,2012-01-30,111
577.0,632.0,3,2012-01-30,111
577.0,633.0,2,2012-01-30,111
835.0,104.0,2,2012-01-30,111
871.0,504.0,2,2012-01-30,111
792.0,48.0,2,2012-01-30,111
897.0,26.0,2,2012-01-31,112
897.0,642.0,2,2012-01-31,112
887.0,48.0,2,2012-01-31,112
108.0,632.0,2,2012-01-31,112
898.0,632.0,2,2012-02-01,113
885.0,133.0,2,2012-02-02,114
108.0,8.0,2,2012-02-03,115
885.0,133.0,3,2012-02-03,115
885.0,81.0,2,2012-02-03,115
897.0,114.0,2,2012-02-03,115
897.0,114.0,2,2012-02-03,115
897.0,26.0,2,2012-02-03,115
265.0,31.0,2,2012-02-04,116
812.0,11.0,2,2012-02-05,117
915.0,567.0,2,2012-02-05,117
915.0,583.0,2,2012-02-07,119
846.0,567.0,2,2012-02-08,120
932.0,26.0,2,2012-02-08,120
932.0,26.0,2,2012-02-09,121
941.0,400.0,2,2012-02-09,121
941.0,400.0,2,2012-02-09,121
941.0,400.0,2,2012-02-10,122
948.0,669.0,2,2012-02-11,123
871.0,504.0,2,2012-02-12,124
948.0,11.0,2,2012-02-12,124
948.0,669.0,2,2012-02-12,124
939.0,219.0,2,2012-02-13,125
925.0,632.0,2,2012-02-13,125
898.0,644.0,2,2012-02-14,126
957.0,400.0,2,2012-02-14,126
444.0,104.0,2,2012-02-14,126
792.0,48.0,2,2012-02-14,126
87.0,50.0,2,2012-02-14,126
651.0,68.0,2,2012-02-14,126
912.0,11.0,2,2012-02-14,126
289.0,674.0,2,2012-02-15,127
596.0,165.0,2,2012-02-15,127
928.0,473.0,2,2012-02-15,127
979.0,669.0,2,2012-02-17,129
928.0,698.0,2,2012-02-18,130
981.0,20.0,3,2012-02-20,132
981.0,20.0,3,2012-02-21,133
981.0,104.0,2,2012-02-21,133
948.0,11.0,2,2012-02-22,134
976.0,642.0,2,2012-02-22,134
851.0,20.0,2,2012-02-22,134
963.0,708.0,3,2012-02-22,134
963.0,708.0,3,2012-02-22,134
963.0,50.0,2,2012-02-22,134
963.0,708.0,2,2012-02-22,134
963.0,708.0,2,2012-02-22,134
963.0,50.0,2,2012-02-23,135
781.0,26.0,2,2012-02-24,136
1000.0,71.0,2,2012-02-24,136
1005.0,81.0,2,2012-02-24,136
979.0,669.0,2,2012-02-24,136
444.0,257.0,2,2012-02-25,137
1010.0,632.0,2,2012-02-25,137
1010.0,491.0,2,2012-02-25,137
1010.0,491.0,3,2012-02-25,137
1015.0,721.0,2,2012-02-26,138
1013.0,721.0,2,2012-02-27,139
1013.0,644.0,2,2012-02-27,139
1010.0,491.0,2,2012-02-27,139
1013.0,644.0,2,2012-02-27,139
1013.0,721.0,3,2012-02-27,139
1013.0,644.0,2,2012-02-27,139
1013.0,644.0,2,2012-02-28,140
963.0,50.0,2,2012-02-28,140
1013.0,721.0,2,2012-02-28,140
74.0,57.0,2,2012-02-28,140
411.0,48.0,2,2012-02-29,141
1028.0,734.0,3,2012-02-29,141
1028.0,473.0,2,2012-02-29,141
1028.0,473.0,2,2012-02-29,141
1028.0,734.0,3,2012-02-29,141
1025.0,219.0,2,2012-02-29,141
1013.0,721.0,2,2012-03-01,142
1013.0,644.0,2,2012-03-01,142
1013.0,133.0,2,2012-03-01,142
1028.0,473.0,2,2012-03-01,142
998.0,722.0,2,2012-03-01,142
1040.0,104.0,2,2012-03-02,143
903.0,632.0,2,2012-03-02,143
1040.0,104.0,2,2012-03-02,143
1048.0,669.0,2,2012-03-04,145
818.0,567.0,2,2012-03-05,146
976.0,642.0,2,2012-03-06,147
1051.0,104.0,2,2012-03-06,147
1051.0,104.0,2,2012-03-06,147
1036.0,165.0,2,2012-03-06,147
1051.0,104.0,2,2012-03-06,147
1048.0,669.0,2,2012-03-06,147
1051.0,104.0,2,2012-03-07,148
1051.0,104.0,2,2012-03-07,148
1013.0,165.0,3,2012-03-07,148
915.0,165.0,3,2012-03-07,148
903.0,165.0,3,2012-03-07,148
1040.0,104.0,2,2012-03-08,149
1013.0,165.0,3,2012-03-09,150
1013.0,644.0,2,2012-03-09,150
1013.0,119.0,2,2012-03-09,150
1052.0,763.0,2,2012-03-09,150
1064.0,119.0,2,2012-03-09,150
1068.0,719.0,2,2012-03-09,150
1013.0,119.0,2,2012-03-09,150
1013.0,133.0,2,2012-03-09,150
1067.0,165.0,3,2012-03-09,150
1067.0,165.0,2,2012-03-09,150
1068.0,719.0,2,2012-03-09,150
609.0,104.0,2,2012-03-10,151
1088.0,669.0,2,2012-03-10,151
1052.0,763.0,2,2012-03-10,151
1052.0,407.0,2,2012-03-10,151
1068.0,719.0,2,2012-03-10,151
1088.0,669.0,2,2012-03-11,152
1068.0,752.0,3,2012-03-11,152
1088.0,669.0,2,2012-03-11,152
1005.0,81.0,2,2012-03-11,152
1067.0,165.0,2,2012-03-11,152
36.0,10.0,3,2012-03-11,152
1075.0,708.0,2,2012-03-12,153
1075.0,708.0,2,2012-03-12,153
1075.0,768.0,2,2012-03-12,153
1067.0,165.0,2,2012-03-12,153
1067.0,104.0,2,2012-03-12,153
1067.0,767.0,2,2012-03-12,153
1075.0,708.0,2,2012-03-12,153
1090.0,104.0,2,2012-03-12,153
1106.0,104.0,2,2012-03-13,154
1025.0,219.0,2,2012-03-13,154
1104.0,104.0,2,2012-03-13,154
1104.0,165.0,2,2012-03-13,154
1025.0,219.0,2,2012-03-13,154
1088.0,165.0,3,2012-03-13,154
1106.0,104.0,2,2012-03-13,154
976.0,704.0,2,2012-03-14,155
1069.0,104.0,2,2012-03-15,156
1120.0,407.0,2,2012-03-16,157
703.0,776.0,2,2012-03-17,158
741.0,776.0,2,2012-03-17,158
1125.0,104.0,2,2012-03-17,158
730.0,489.0,2,2012-03-17,158
1090.0,769.0,2,2012-03-18,159
1125.0,104.0,2,2012-03-19,160
1109.0,486.0,2,2012-03-19,160
1061.0,769.0,2,2012-03-20,161
1069.0,104.0,2,2012-03-20,161
1052.0,763.0,2,2012-03-21,162
1124.0,801.0,2,2012-03-21,162
1109.0,219.0,2,2012-03-21,162
1109.0,219.0,2,2012-03-22,163
1109.0,486.0,2,2012-03-22,163
1061.0,792.0,2,2012-03-22,163
1137.0,219.0,2,2012-03-22,163
1109.0,486.0,2,2012-03-22,163
1137.0,219.0,2,2012-03-23,164
1106.0,104.0,2,2012-03-26,167
1144.0,104.0,2,2012-03-27,168
1109.0,219.0,2,2012-03-28,169
1109.0,486.0,2,2012-03-28,169
1120.0,407.0,2,2012-03-28,169
1144.0,104.0,2,2012-03-29,170
1109.0,486.0,2,2012-03-29,170
1109.0,219.0,2,2012-03-29,170
1145.0,50.0,2,2012-03-29,170
1120.0,104.0,2,2012-03-30,171
43.0,68.0,2,2012-03-30,171
1061.0,806.0,2,2012-03-30,171
150.0,152.0,2,2012-03-31,172
741.0,776.0,2,2012-03-31,172
1118.0,790.0,2,2012-03-31,172
976.0,704.0,2,2012-03-31,172
1061.0,104.0,2,2012-03-31,172
1145.0,50.0,2,2012-03-31,172
1103.0,769.0,3,2012-04-02,174
1075.0,708.0,2,2012-04-02,174
1019.0,104.0,2,2012-04-02,174
898.0,644.0,2,2012-04-02,174
898.0,632.0,2,2012-04-02,174
898.0,831.0,2,2012-04-03,175
1075.0,708.0,2,2012-04-03,175
1177.0,48.0,2,2012-04-03,175
1177.0,48.0,2,2012-04-03,175
1177.0,407.0,2,2012-04-03,175
1177.0,407.0,2,2012-04-06,178
1177.0,48.0,2,2012-04-06,178
1174.0,849.0,3,2012-04-07,179
