PostUserId,RespondUserId,QId,Time,days
97.0,6.0,9,2011-09-15 11:44:04.920,0
97.0,97.0,9,2011-09-15 12:58:32.443,0
97.0,6.0,9,2011-09-15 15:30:42.680,0
97.0,97.0,9,2011-09-15 16:05:48.883,0
97.0,6.0,9,2011-09-15 16:07:20.097,0
28.0,65.0,5,2011-09-15 12:09:52.940,0
27.0,48.0,3,2011-09-15 12:44:08.750,0
27.0,363.0,3,2011-10-13 06:51:40.727,28
27.0,48.0,3,2011-10-13 20:26:26.733,28
107.0,97.0,2,2011-09-15 13:18:42.723,0
107.0,40.0,2,2011-09-15 14:23:03.940,0
107.0,40.0,2,2011-09-16 02:02:10.153,1
107.0,107.0,2,2011-09-16 07:37:03.127,1
107.0,107.0,2,2011-09-16 07:39:03.730,1
107.0,107.0,2,2011-09-16 07:39:25.853,1
93.0,132.0,23,2011-09-15 16:45:32.710,0
211.0,93.0,23,2011-09-15 16:54:55.347,0
93.0,26.0,23,2011-09-15 17:19:49.370,0
93.0,26.0,23,2011-09-15 17:25:32.607,0
90.0,132.0,23,2011-09-15 17:32:13.187,0
93.0,26.0,23,2011-09-15 17:56:46.313,0
93.0,93.0,23,2011-09-15 18:19:25.863,0
26.0,93.0,23,2011-09-15 18:30:33.237,0
93.0,26.0,23,2011-09-15 20:30:41.303,0
239.0,26.0,23,2011-09-15 20:36:27.850,0
26.0,132.0,23,2011-09-15 21:31:39.573,0
211.0,26.0,23,2011-09-15 21:49:24.097,0
26.0,93.0,23,2011-09-16 03:11:03.630,1
93.0,26.0,23,2011-09-16 04:20:54.537,1
96.0,40.0,30,2011-09-16 04:07:31.277,1
96.0,73.0,30,2011-09-16 05:26:53.513,1
73.0,96.0,30,2011-09-16 05:41:41.680,1
48.0,114.0,14,2011-09-16 07:28:43.747,1
48.0,114.0,14,2011-09-16 07:29:05.697,1
48.0,48.0,14,2011-09-16 11:47:08.770,1
48.0,48.0,14,2011-09-17 00:21:56.033,2
118.0,93.0,18,2011-09-16 09:00:45.687,1
118.0,118.0,18,2011-09-16 10:53:04.833,1
,109.0,28,2011-09-16 11:14:05.923,1
,,28,2011-09-16 11:35:21.120,1
,123.0,28,2011-09-16 19:23:32.593,1
93.0,128.0,37,2011-09-16 14:14:49.823,1
93.0,93.0,37,2011-09-16 14:30:35.937,1
93.0,208.0,37,2011-09-29 07:20:37.613,14
109.0,43.0,42,2011-09-17 07:24:41.930,2
109.0,28.0,42,2011-09-17 14:29:59.730,2
109.0,109.0,42,2011-09-17 19:12:27.867,2
28.0,43.0,42,2011-09-17 16:19:10.453,2
28.0,109.0,42,2011-09-17 17:43:51.933,2
28.0,150.0,40,2011-09-17 18:07:57.860,2
28.0,28.0,40,2011-09-17 18:26:36.580,2
28.0,28.0,40,2011-09-17 18:29:58.723,2
28.0,150.0,40,2011-09-18 18:40:17.373,3
28.0,150.0,40,2011-11-12 14:15:18.923,58
28.0,28.0,40,2011-11-14 02:26:41.663,60
28.0,150.0,40,2011-11-19 18:33:43.817,65
120.0,43.0,54,2011-09-18 21:37:16.643,3
93.0,121.0,68,2011-09-20 14:03:18.347,5
121.0,93.0,68,2011-09-21 03:59:18.457,6
6.0,121.0,68,2011-09-20 14:15:15.990,5
121.0,6.0,68,2011-09-20 14:24:08.373,5
93.0,172.0,63,2011-09-20 14:35:44.517,5
93.0,93.0,63,2011-09-20 14:42:58.803,5
40.0,40.0,75,2011-09-20 15:00:14.790,5
40.0,26.0,75,2011-09-20 15:16:37.073,5
40.0,118.0,75,2011-09-20 16:54:39.503,5
40.0,40.0,75,2011-09-20 17:32:58.020,5
40.0,169.0,75,2011-09-21 04:05:59.540,6
40.0,40.0,75,2011-09-21 04:47:24.700,6
40.0,40.0,75,2011-09-21 04:50:20.313,6
40.0,40.0,75,2011-09-21 06:30:27.083,6
40.0,93.0,75,2011-09-21 06:53:38.567,6
40.0,40.0,75,2011-09-21 07:05:45.853,6
40.0,93.0,75,2011-09-21 07:23:12.743,6
40.0,40.0,75,2011-09-21 07:31:11.687,6
40.0,93.0,75,2011-09-21 09:49:13.130,6
40.0,40.0,75,2011-09-21 09:58:48.923,6
40.0,40.0,75,2011-09-21 10:02:51.523,6
40.0,40.0,75,2011-09-21 10:17:43.110,6
40.0,93.0,75,2011-09-21 12:33:04.063,6
40.0,132.0,75,2011-09-21 14:38:17.027,6
211.0,93.0,75,2011-09-22 09:32:20.150,7
239.0,132.0,75,2011-09-22 13:47:43.760,7
93.0,90.0,75,2011-09-20 15:54:48.160,5
90.0,93.0,75,2011-09-20 16:19:07.467,5
93.0,40.0,75,2011-09-21 05:23:12.097,6
93.0,93.0,75,2011-09-21 05:33:16.373,6
239.0,40.0,75,2011-09-21 05:39:27.023,6
40.0,93.0,75,2011-09-21 06:04:47.490,6
205.0,43.0,6,2011-09-21 21:38:33.730,6
205.0,93.0,6,2011-09-22 03:31:50.883,7
205.0,28.0,6,2011-09-22 16:17:10.560,7
205.0,205.0,6,2011-09-23 10:47:12.603,8
8.0,42.0,89,2011-09-22 14:35:35.767,7
120.0,114.0,94,2011-09-23 12:50:03.363,8
114.0,120.0,94,2011-09-23 13:00:08.027,8
120.0,114.0,94,2011-09-23 13:09:04.330,8
93.0,11.0,65,2011-09-23 16:59:12.847,8
216.0,93.0,93,2011-09-23 18:25:25.370,8
239.0,216.0,93,2011-09-23 18:59:52.027,8
239.0,12.0,93,2011-09-23 23:59:34.157,9
216.0,93.0,93,2011-09-24 03:43:13.277,9
216.0,94.0,93,2011-09-24 06:31:34.790,9
94.0,216.0,93,2011-09-24 06:42:57.807,9
216.0,94.0,93,2011-09-24 06:52:58.577,9
216.0,93.0,93,2011-09-24 11:47:10.527,9
109.0,43.0,94,2011-09-24 01:36:29.593,9
109.0,109.0,94,2011-09-24 01:55:30.883,9
109.0,109.0,94,2011-09-24 01:58:32.820,9
109.0,43.0,94,2011-09-24 02:03:53.303,9
109.0,109.0,94,2011-09-24 02:08:39.493,9
109.0,43.0,94,2011-09-24 02:11:43.297,9
109.0,43.0,94,2011-09-24 02:14:06.227,9
109.0,109.0,94,2011-09-24 02:23:26.423,9
109.0,43.0,94,2011-09-24 02:29:33.530,9
109.0,12.0,94,2011-09-24 04:19:47.927,9
109.0,43.0,94,2011-09-24 04:49:57.373,9
109.0,120.0,94,2011-09-24 08:06:53.350,9
109.0,120.0,94,2011-09-24 08:14:18.710,9
109.0,109.0,94,2011-09-24 10:05:51.890,9
109.0,109.0,94,2011-09-24 10:13:25.533,9
109.0,120.0,94,2011-09-24 10:20:45.450,9
109.0,109.0,94,2011-09-24 10:55:44.030,9
109.0,120.0,94,2011-09-24 12:46:36.167,9
109.0,109.0,94,2011-09-24 14:05:12.010,9
109.0,109.0,94,2011-09-24 14:23:28.267,9
109.0,120.0,94,2011-09-25 13:57:38.360,10
109.0,114.0,94,2011-09-26 07:30:32.277,11
12.0,12.0,102,2011-09-24 04:16:05.483,9
12.0,43.0,102,2011-09-24 04:21:27.193,9
12.0,43.0,93,2011-09-24 04:59:02.310,9
12.0,12.0,93,2011-09-24 05:03:42.583,9
12.0,97.0,93,2011-10-06 18:50:35.693,21
97.0,43.0,93,2011-10-06 20:21:37.843,21
93.0,116.0,67,2011-09-24 07:56:12.313,9
93.0,93.0,67,2011-09-24 13:55:38.603,9
93.0,116.0,67,2011-09-24 15:49:46.180,9
116.0,93.0,67,2011-09-24 17:34:33.713,9
105.0,123.0,107,2011-09-25 14:54:05.717,10
105.0,105.0,107,2011-09-27 14:58:50.507,12
169.0,43.0,114,2011-09-26 22:24:42.973,12
217.0,114.0,120,2011-09-28 09:49:40.050,13
208.0,93.0,123,2011-09-29 07:21:25.210,14
64.0,93.0,127,2011-10-01 07:10:18.760,16
229.0,93.0,125,2011-10-01 11:54:31.573,16
229.0,121.0,125,2011-10-03 12:23:06.030,18
229.0,246.0,125,2011-10-04 22:59:40.033,20
229.0,229.0,125,2011-10-05 06:54:14.890,20
229.0,246.0,125,2011-10-06 15:58:08.960,21
229.0,97.0,125,2011-10-06 19:31:53.140,21
229.0,493.0,125,2011-10-21 13:23:15.840,36
93.0,194.0,127,2011-10-01 14:29:14.623,16
194.0,93.0,127,2011-10-01 14:33:52.950,16
93.0,121.0,127,2011-10-03 12:10:30.187,18
93.0,93.0,127,2011-10-03 16:22:35.050,18
216.0,,131,2011-10-01 17:14:56.320,16
216.0,216.0,131,2011-10-01 18:56:07.560,16
216.0,,131,2011-10-01 19:53:51.127,16
216.0,216.0,131,2011-10-01 20:48:39.180,16
216.0,,131,2011-10-04 11:24:07.303,19
216.0,,133,2011-10-01 19:56:43.357,16
216.0,,133,2011-10-06 13:47:01.560,21
97.0,105.0,126,2011-10-02 08:11:02.973,17
97.0,97.0,126,2011-10-02 08:46:20.697,17
113.0,105.0,126,2011-10-02 08:20:51.650,17
113.0,113.0,126,2011-10-02 10:40:20.983,17
113.0,105.0,126,2011-10-02 16:48:55.980,17
216.0,97.0,22,2011-10-02 13:32:24.300,17
93.0,194.0,137,2011-10-02 17:43:27.993,17
93.0,194.0,137,2011-10-02 17:54:53.340,17
93.0,229.0,137,2011-10-03 07:09:31.070,18
229.0,93.0,137,2011-10-03 07:12:01.690,18
93.0,229.0,137,2011-10-03 07:27:21.650,18
93.0,229.0,137,2011-10-03 07:27:46.220,18
229.0,93.0,137,2011-10-03 07:31:33.983,18
229.0,93.0,137,2011-10-03 07:38:27.407,18
239.0,229.0,137,2011-10-03 07:41:27.710,18
229.0,93.0,137,2011-10-03 08:16:54.847,18
28.0,168.0,138,2011-10-02 19:53:47.313,17
28.0,28.0,138,2011-10-02 21:15:24.653,17
28.0,168.0,138,2011-10-04 01:26:01.713,19
28.0,28.0,138,2011-10-04 08:04:17.367,19
28.0,168.0,138,2011-10-04 20:37:13.120,19
28.0,28.0,138,2011-10-04 21:30:31.157,19
49.0,93.0,65,2011-10-03 10:29:30.770,18
49.0,93.0,65,2011-10-03 10:30:38.693,18
49.0,49.0,65,2011-10-03 10:41:01.520,18
216.0,229.0,143,2011-10-03 12:01:54.053,18
216.0,229.0,143,2011-10-03 14:29:12.780,18
216.0,229.0,143,2011-10-03 14:35:32.113,18
216.0,216.0,143,2011-10-03 15:56:10.483,18
229.0,216.0,143,2011-10-04 09:29:17.340,19
216.0,229.0,143,2011-10-04 10:14:34.397,19
216.0,229.0,143,2011-10-04 10:28:11.417,19
229.0,216.0,143,2011-10-08 06:44:52.257,23
109.0,256.0,107,2011-10-05 02:04:41.703,20
246.0,113.0,118,2011-10-05 10:59:08.453,20
246.0,246.0,118,2011-10-05 11:41:00.133,20
246.0,246.0,118,2011-10-05 13:03:10.970,20
246.0,113.0,118,2011-10-06 10:04:55.257,21
246.0,246.0,118,2011-10-06 12:53:27.073,21
274.0,28.0,138,2011-10-05 12:20:29.213,20
255.0,93.0,123,2011-10-05 12:51:18.783,20
255.0,255.0,123,2011-10-05 13:34:10.297,20
255.0,93.0,123,2011-10-05 15:36:34.543,20
255.0,93.0,123,2011-10-06 05:52:13.887,21
255.0,255.0,123,2011-10-06 06:16:18.407,21
255.0,93.0,123,2011-10-06 06:18:12.290,21
299.0,259.0,162,2011-10-05 14:20:22.730,20
299.0,299.0,162,2011-10-05 14:30:56.067,20
299.0,299.0,162,2011-10-05 22:25:44.247,21
299.0,299.0,162,2011-10-05 23:10:59.427,21
299.0,299.0,162,2011-10-06 10:52:17.147,21
299.0,259.0,162,2011-10-06 11:06:22.170,21
259.0,299.0,162,2011-10-06 11:55:31.530,21
299.0,259.0,162,2011-10-06 13:44:45.043,21
216.0,259.0,162,2011-10-05 18:11:01.267,20
216.0,259.0,162,2011-10-06 09:16:45.300,21
259.0,216.0,162,2011-10-09 07:01:19.573,24
216.0,216.0,162,2011-10-09 07:04:06.950,24
297.0,229.0,37,2011-10-05 21:20:20.260,20
297.0,93.0,37,2011-10-06 04:27:38.053,21
297.0,93.0,37,2011-10-06 05:55:51.903,21
105.0,224.0,153,2011-10-05 22:14:25.423,21
255.0,78.0,155,2011-10-06 11:59:19.233,21
255.0,255.0,155,2011-10-06 12:57:09.403,21
255.0,78.0,155,2011-10-06 17:34:09.893,21
255.0,78.0,155,2011-10-06 17:43:16.650,21
255.0,255.0,155,2011-10-07 01:15:29.403,22
336.0,121.0,125,2011-10-06 17:04:06.107,21
93.0,121.0,127,2011-10-06 17:12:28.017,21
97.0,324.0,175,2011-10-06 17:14:15.867,21
97.0,97.0,175,2011-10-06 18:56:41.947,21
194.0,121.0,127,2011-10-06 17:21:51.543,21
121.0,194.0,127,2011-10-06 17:51:09.767,21
274.0,121.0,127,2011-10-06 17:31:45.247,21
216.0,330.0,176,2011-10-06 23:08:24.480,22
330.0,216.0,176,2011-10-09 05:00:23.210,24
216.0,216.0,176,2011-10-09 05:03:12.770,24
216.0,216.0,176,2011-10-09 05:06:12.317,24
274.0,298.0,181,2011-10-07 07:50:20.567,22
363.0,105.0,61,2011-10-07 09:41:24.103,22
363.0,105.0,61,2011-10-07 09:53:59.193,22
363.0,105.0,61,2011-10-07 15:37:05.150,22
363.0,105.0,61,2011-10-07 15:46:15.887,22
363.0,105.0,61,2011-10-07 16:01:48.560,22
363.0,105.0,61,2011-10-07 16:03:06.280,22
363.0,363.0,61,2011-10-07 16:14:42.833,22
363.0,363.0,61,2011-10-07 16:18:16.557,22
363.0,105.0,61,2011-10-07 16:22:32.427,22
363.0,105.0,61,2011-10-07 16:26:20.577,22
363.0,105.0,61,2011-10-07 16:38:03.930,22
363.0,105.0,61,2011-10-07 16:43:20.643,22
363.0,363.0,61,2011-10-07 17:03:44.910,22
363.0,105.0,61,2011-10-07 17:10:35.250,22
363.0,105.0,61,2011-10-07 17:25:33.313,22
363.0,105.0,61,2011-10-07 17:32:10.770,22
363.0,105.0,61,2011-10-07 20:01:28.323,22
363.0,105.0,61,2011-10-07 20:02:49.243,22
363.0,363.0,61,2011-10-10 03:38:15.430,25
363.0,105.0,61,2011-10-10 07:02:33.913,25
363.0,105.0,61,2011-10-10 07:08:28.760,25
363.0,363.0,61,2011-10-10 20:42:41.820,25
363.0,105.0,61,2011-10-11 06:53:52.227,26
111.0,114.0,120,2011-10-07 13:54:02.543,22
111.0,111.0,120,2011-10-10 07:21:54.217,25
217.0,372.0,94,2011-10-07 15:23:04.503,22
105.0,372.0,2,2011-10-07 16:03:52.580,22
372.0,105.0,2,2011-10-07 16:55:32.810,22
105.0,105.0,2,2011-10-07 16:59:46.797,22
105.0,105.0,2,2011-10-07 17:04:14.573,22
105.0,372.0,2,2011-10-07 17:38:07.033,22
372.0,105.0,2,2011-10-07 17:43:33.570,22
318.0,358.0,192,2011-10-08 04:31:58.580,23
318.0,318.0,192,2011-10-09 19:35:11.260,24
352.0,48.0,123,2011-10-08 12:00:41.660,23
352.0,352.0,123,2011-10-10 09:29:05.603,25
314.0,324.0,175,2011-10-08 14:42:21.783,23
314.0,314.0,175,2011-10-11 00:28:09.723,26
28.0,318.0,206,2011-10-08 21:43:30.607,23
28.0,28.0,206,2011-10-08 22:27:42.217,24
28.0,318.0,206,2011-10-09 14:08:01.130,24
28.0,28.0,206,2011-10-09 14:23:19.207,24
28.0,318.0,206,2011-10-09 19:29:11.983,24
28.0,28.0,206,2011-10-09 21:32:24.933,24
28.0,318.0,206,2011-10-10 04:03:46.443,25
260.0,372.0,205,2011-10-09 00:41:07.587,24
260.0,260.0,205,2011-10-09 00:45:25.897,24
11.0,372.0,205,2011-10-09 01:31:30.907,24
11.0,372.0,205,2011-10-09 01:34:07.250,24
11.0,12.0,205,2011-10-09 04:19:02.770,24
11.0,105.0,205,2011-10-09 09:50:54.963,24
11.0,372.0,205,2011-10-09 11:10:50.403,24
11.0,372.0,205,2011-10-09 11:13:53.550,24
372.0,105.0,205,2011-10-09 11:33:46.887,24
43.0,189.0,222,2011-10-09 20:24:19.603,24
105.0,28.0,205,2011-10-09 22:38:29.563,25
28.0,105.0,205,2011-10-10 06:58:39.940,25
105.0,105.0,205,2011-10-10 06:59:26.913,25
105.0,105.0,205,2011-10-10 06:59:36.537,25
109.0,43.0,222,2011-10-10 02:28:47.160,25
109.0,109.0,222,2011-10-10 06:19:58.943,25
109.0,114.0,222,2011-10-10 08:33:09.583,25
109.0,109.0,222,2011-10-10 09:04:55.307,25
109.0,43.0,222,2011-10-10 11:52:07.253,25
28.0,318.0,222,2011-10-10 03:59:05.843,25
428.0,93.0,75,2011-10-10 08:00:41.960,25
48.0,321.0,222,2011-10-10 14:39:49.983,25
48.0,193.0,222,2011-10-13 10:11:33.457,28
43.0,399.0,234,2011-10-10 21:57:24.267,25
43.0,43.0,234,2011-10-10 22:12:18.857,26
43.0,43.0,234,2011-10-10 23:49:46.150,26
43.0,399.0,234,2011-10-11 13:19:56.807,26
43.0,43.0,234,2011-10-11 14:21:26.123,26
93.0,224.0,177,2011-10-11 07:18:44.940,26
224.0,93.0,177,2011-10-11 07:32:34.377,26
93.0,224.0,177,2011-10-12 05:09:55.950,27
224.0,93.0,177,2011-10-12 06:49:42.860,27
224.0,363.0,177,2011-10-12 08:42:29.627,27
363.0,93.0,177,2011-10-12 08:46:18.263,27
61.0,372.0,237,2011-10-11 13:21:33.057,26
372.0,61.0,237,2011-10-11 14:00:29.017,26
61.0,259.0,237,2011-10-11 14:21:28.693,26
259.0,61.0,237,2011-10-11 14:33:36.277,26
61.0,259.0,237,2011-10-11 15:39:31.780,26
61.0,363.0,237,2011-10-11 17:38:52.977,26
61.0,61.0,237,2011-10-11 17:51:21.837,26
61.0,372.0,237,2011-10-12 23:36:16.310,28
40.0,141.0,207,2011-10-11 15:38:28.593,26
259.0,363.0,237,2011-10-11 17:36:21.857,26
259.0,43.0,237,2011-10-11 19:12:43.643,26
49.0,78.0,245,2011-10-11 18:12:53.787,26
12.0,363.0,194,2011-10-11 19:50:51.080,26
314.0,259.0,237,2011-10-12 03:35:49.763,27
314.0,314.0,237,2011-10-12 19:10:16.760,27
363.0,169.0,177,2011-10-12 10:45:11.297,27
363.0,363.0,177,2011-10-12 16:55:12.267,27
363.0,169.0,177,2011-10-12 17:36:34.737,27
169.0,363.0,177,2011-10-12 17:46:57.707,27
363.0,169.0,177,2011-10-12 17:51:07.163,27
169.0,363.0,177,2011-10-12 18:42:42.020,27
169.0,363.0,177,2011-10-14 02:04:25.083,29
363.0,169.0,177,2011-10-15 12:44:02.290,30
169.0,363.0,177,2011-10-17 18:06:50.710,32
169.0,363.0,177,2011-10-17 20:35:03.390,32
50.0,259.0,254,2011-10-12 13:28:48.173,27
109.0,372.0,256,2011-10-12 13:49:29.097,27
109.0,43.0,256,2011-10-12 15:33:03.827,27
109.0,217.0,256,2011-10-12 15:48:44.937,27
109.0,363.0,256,2011-10-12 17:46:00.440,27
109.0,217.0,256,2011-10-13 09:38:16.007,28
109.0,217.0,256,2011-10-13 09:42:55.427,28
109.0,217.0,256,2011-10-13 09:50:21.740,28
109.0,109.0,256,2011-10-13 10:47:29.197,28
109.0,363.0,256,2011-10-18 10:26:52.337,33
363.0,217.0,256,2011-10-18 16:27:58.353,33
109.0,363.0,256,2011-10-18 19:31:39.867,33
109.0,109.0,256,2011-10-18 21:12:32.480,33
109.0,363.0,256,2011-10-22 07:11:15.143,37
12.0,43.0,261,2011-10-12 23:55:56.713,28
12.0,109.0,261,2011-10-13 00:26:56.670,28
12.0,43.0,261,2011-10-13 00:38:48.463,28
12.0,91.0,261,2011-10-13 23:16:51.757,29
12.0,216.0,261,2011-10-14 08:15:41.577,29
12.0,168.0,261,2011-10-15 01:15:55.047,30
109.0,93.0,36,2011-10-13 04:41:50.897,28
406.0,193.0,222,2011-10-13 10:09:28.577,28
463.0,48.0,3,2011-10-13 19:50:36.030,28
216.0,318.0,267,2011-10-13 21:12:43.177,28
463.0,324.0,175,2011-10-14 00:04:57.107,29
463.0,453.0,175,2011-10-14 22:13:19.513,30
302.0,132.0,75,2011-10-14 01:31:11.383,29
205.0,318.0,267,2011-10-14 13:37:35.470,29
205.0,205.0,267,2011-10-14 16:35:31.413,29
109.0,318.0,263,2011-10-14 13:58:13.970,29
109.0,109.0,263,2011-10-14 15:29:22.740,29
109.0,318.0,263,2011-10-15 17:50:09.390,30
109.0,76.0,263,2011-10-21 17:01:11.410,36
109.0,109.0,263,2011-10-22 18:41:03.103,37
109.0,553.0,263,2011-11-03 23:28:31.050,50
109.0,168.0,261,2011-10-15 01:18:37.600,30
109.0,109.0,261,2011-10-16 17:06:07.757,31
109.0,168.0,261,2011-10-16 18:42:52.220,31
109.0,109.0,261,2011-10-17 06:53:23.980,32
109.0,109.0,261,2011-10-17 06:59:16.730,32
109.0,109.0,261,2011-10-17 07:02:29.453,32
109.0,109.0,261,2011-10-17 07:03:46.377,32
109.0,109.0,261,2011-10-17 20:54:15.040,32
109.0,168.0,261,2011-11-11 03:57:57.237,57
109.0,299.0,283,2011-10-15 21:07:09.897,30
109.0,109.0,283,2011-10-17 06:08:15.443,32
109.0,109.0,283,2011-10-17 06:13:27.307,32
109.0,109.0,283,2011-10-17 06:23:06.273,32
150.0,168.0,290,2011-10-15 21:43:33.813,30
150.0,168.0,290,2011-10-15 21:53:40.593,30
150.0,150.0,290,2011-10-15 22:00:00.510,30
150.0,150.0,290,2011-10-15 22:02:57.293,30
150.0,150.0,290,2011-10-15 22:06:07.307,30
150.0,168.0,290,2011-10-15 22:22:51.487,31
150.0,168.0,290,2011-10-15 22:28:17.503,31
150.0,168.0,290,2011-10-15 22:30:04.837,31
281.0,168.0,290,2011-10-15 22:17:29.013,31
281.0,281.0,290,2011-10-16 09:48:09.157,31
281.0,168.0,290,2011-10-16 18:16:46.460,31
93.0,8.0,294,2011-10-16 02:01:59.220,31
93.0,8.0,294,2011-10-16 02:12:05.823,31
8.0,93.0,294,2011-10-16 02:12:21.873,31
93.0,8.0,294,2011-10-16 02:14:43.703,31
93.0,457.0,294,2011-10-16 12:23:57.970,31
93.0,93.0,294,2011-10-16 12:53:07.473,31
8.0,457.0,294,2011-10-16 12:15:22.800,31
8.0,8.0,294,2011-10-16 14:14:50.537,31
8.0,8.0,294,2011-10-16 14:17:48.247,31
169.0,93.0,294,2011-10-16 13:16:54.523,31
169.0,457.0,294,2011-10-16 14:01:10.897,31
169.0,169.0,294,2011-10-16 14:06:43.637,31
239.0,457.0,294,2011-10-16 14:11:06.073,31
169.0,169.0,294,2011-10-16 14:18:51.497,31
169.0,457.0,294,2011-10-16 14:26:42.483,31
169.0,169.0,294,2011-10-16 14:35:28.620,31
169.0,169.0,294,2011-10-16 14:35:42.987,31
169.0,93.0,294,2011-10-16 14:38:02.400,31
169.0,15.0,294,2011-10-16 15:11:49.380,31
169.0,15.0,294,2011-10-16 15:13:22.250,31
169.0,249.0,294,2011-10-16 15:42:41.143,31
169.0,169.0,294,2011-10-16 15:55:56.460,31
169.0,249.0,294,2011-10-16 15:58:24.977,31
169.0,169.0,294,2011-10-16 16:03:07.420,31
169.0,249.0,294,2011-10-16 16:03:48.963,31
169.0,249.0,294,2011-10-16 16:06:34.717,31
249.0,93.0,294,2011-10-16 16:07:41.983,31
169.0,169.0,294,2011-10-16 16:11:46.707,31
93.0,249.0,294,2011-10-16 16:14:17.937,31
169.0,169.0,294,2011-10-16 16:31:26.497,31
169.0,8.0,294,2011-10-16 16:56:57.930,31
169.0,169.0,294,2011-10-16 17:09:15.357,31
216.0,43.0,299,2011-10-16 15:31:53.583,31
43.0,216.0,299,2011-10-17 06:04:19.800,32
216.0,43.0,299,2011-10-17 06:16:11.110,32
259.0,299.0,282,2011-10-16 15:32:39.627,31
259.0,259.0,282,2011-10-17 04:17:45.157,32
259.0,259.0,282,2011-10-17 12:17:08.790,32
249.0,169.0,294,2011-10-16 16:28:24.953,31
249.0,249.0,294,2011-10-16 16:30:31.690,31
249.0,8.0,294,2011-10-16 16:33:05.453,31
249.0,8.0,294,2011-10-16 16:34:48.313,31
8.0,249.0,294,2011-10-16 16:37:28.657,31
8.0,169.0,294,2011-10-16 16:37:43.320,31
249.0,8.0,294,2011-10-16 17:01:00.387,31
424.0,75.0,222,2011-10-17 02:31:35.643,32
424.0,70.0,222,2011-10-25 21:41:12.063,40
259.0,262.0,306,2011-10-17 18:09:29.733,32
259.0,259.0,306,2011-10-17 18:12:56.327,32
259.0,259.0,306,2011-10-17 18:19:28.427,32
259.0,262.0,306,2011-10-17 18:22:46.177,32
281.0,150.0,308,2011-10-17 18:20:38.067,32
281.0,281.0,308,2011-10-17 19:53:12.540,32
281.0,150.0,308,2011-10-17 21:07:56.923,32
281.0,281.0,308,2011-10-19 21:25:35.713,34
109.0,150.0,308,2011-10-17 18:25:22.803,32
109.0,281.0,308,2011-10-17 19:45:23.113,32
109.0,109.0,308,2011-10-17 20:49:07.173,32
109.0,109.0,308,2011-10-17 20:50:56.093,32
12.0,321.0,321,2011-10-18 06:01:41.333,33
12.0,42.0,321,2011-10-18 11:15:21.680,33
42.0,321.0,321,2011-10-18 16:26:41.473,33
482.0,98.0,321,2011-10-18 06:18:39.867,33
482.0,453.0,321,2011-10-18 12:27:44.090,33
482.0,482.0,321,2011-10-18 18:16:41.180,33
98.0,321.0,321,2011-10-18 06:20:06.490,33
43.0,189.0,319,2011-10-18 17:25:22.590,33
43.0,43.0,319,2011-10-18 17:31:09.633,33
43.0,216.0,319,2011-10-18 18:40:51.307,33
216.0,28.0,329,2011-10-18 18:19:26.457,33
216.0,216.0,329,2011-10-18 18:24:09.217,33
216.0,28.0,329,2011-10-18 20:52:43.093,33
216.0,28.0,329,2011-10-18 20:55:36.333,33
216.0,28.0,329,2011-10-18 21:03:35.637,33
216.0,216.0,329,2011-10-19 15:27:18.207,34
491.0,43.0,317,2011-10-19 15:33:24.717,34
453.0,150.0,316,2011-10-19 16:23:34.370,34
453.0,150.0,316,2011-10-20 14:14:02.703,35
453.0,453.0,316,2011-10-21 04:24:24.273,36
274.0,150.0,317,2011-10-19 16:28:08.933,34
274.0,274.0,317,2011-10-21 07:29:38.660,36
93.0,97.0,321,2011-10-19 17:33:59.083,34
76.0,318.0,263,2011-10-20 03:32:19.990,35
76.0,76.0,263,2011-10-20 04:56:22.547,35
216.0,61.0,344,2011-10-20 11:04:51.790,35
216.0,330.0,344,2011-10-21 04:55:29.490,36
28.0,358.0,347,2011-10-20 18:13:40.467,35
28.0,358.0,347,2011-10-21 17:45:44.200,36
28.0,28.0,347,2011-10-21 18:02:20.583,36
28.0,28.0,347,2011-10-21 18:07:11.683,36
28.0,28.0,347,2011-10-21 18:08:45.910,36
463.0,150.0,316,2011-10-20 20:42:49.333,35
168.0,259.0,254,2011-10-20 23:03:15.767,36
109.0,358.0,254,2011-10-21 00:14:06.243,36
109.0,109.0,254,2011-10-21 01:13:04.417,36
109.0,259.0,254,2011-10-21 13:12:26.413,36
259.0,132.0,254,2011-10-21 15:52:13.510,36
109.0,259.0,254,2011-10-22 13:43:49.730,37
109.0,259.0,254,2011-10-22 13:48:44.887,37
259.0,93.0,254,2011-10-23 06:28:03.170,38
239.0,259.0,254,2011-10-23 07:45:27.580,38
109.0,93.0,254,2011-10-23 08:55:51.340,38
109.0,259.0,254,2011-10-23 13:04:54.913,38
259.0,132.0,254,2011-10-23 15:56:05.723,38
109.0,259.0,254,2011-10-23 17:44:18.043,38
109.0,150.0,353,2011-10-21 01:41:55.077,36
109.0,150.0,353,2011-10-21 01:42:59.973,36
109.0,109.0,353,2011-10-21 08:43:52.207,36
274.0,70.0,355,2011-10-22 08:51:12.457,37
501.0,501.0,263,2011-10-22 14:54:18.800,37
501.0,318.0,263,2011-10-22 18:17:12.590,37
501.0,501.0,263,2011-10-23 01:11:36.303,38
501.0,501.0,263,2011-10-23 01:26:27.323,38
424.0,93.0,245,2011-10-22 15:14:03.550,37
424.0,493.0,245,2011-10-22 17:22:55.573,37
424.0,49.0,245,2011-10-23 13:27:58.610,38
424.0,569.0,245,2011-12-08 05:30:15.273,84
453.0,198.0,218,2011-10-24 00:08:07.623,39
,93.0,359,2011-10-24 10:19:02.063,39
274.0,298.0,363,2011-10-24 19:50:30.977,39
274.0,298.0,363,2011-10-24 20:01:10.027,39
274.0,274.0,363,2011-10-25 16:18:12.347,40
274.0,274.0,363,2011-10-25 16:18:51.273,40
274.0,298.0,363,2011-10-27 07:30:58.540,42
93.0,358.0,359,2011-10-24 23:39:54.497,40
121.0,358.0,359,2011-10-24 23:41:59.317,40
216.0,372.0,379,2011-10-25 09:49:52.917,40
216.0,216.0,379,2011-10-25 11:35:47.333,40
216.0,453.0,379,2011-10-25 12:11:05.620,40
216.0,372.0,379,2011-10-25 14:52:00.547,40
216.0,43.0,379,2011-10-25 16:27:37.053,40
216.0,453.0,379,2011-10-25 19:18:32.693,40
216.0,246.0,379,2011-10-26 18:38:07.433,41
453.0,216.0,379,2011-10-28 08:47:11.700,43
43.0,216.0,379,2011-10-28 12:24:09.553,43
216.0,216.0,379,2011-10-28 12:26:57.193,43
216.0,43.0,379,2011-10-28 17:30:07.513,43
507.0,505.0,370,2011-10-25 10:41:47.057,40
28.0,216.0,379,2011-10-25 12:13:08.503,40
28.0,28.0,379,2011-10-25 13:44:12.793,40
28.0,216.0,379,2011-10-25 19:11:15.247,40
28.0,,379,2011-10-26 00:37:58.097,41
28.0,28.0,379,2011-10-26 10:11:49.390,41
15.0,6.0,175,2011-10-25 18:15:34.663,40
510.0,505.0,370,2011-10-25 21:04:35.093,40
510.0,518.0,370,2011-10-26 19:22:41.550,41
510.0,510.0,370,2011-10-26 21:51:02.277,41
510.0,505.0,370,2011-10-26 22:10:12.263,42
510.0,505.0,370,2011-10-26 22:11:04.870,42
510.0,169.0,370,2011-10-26 23:12:07.287,42
510.0,510.0,370,2011-10-27 00:13:51.973,42
510.0,510.0,370,2011-10-27 00:23:26.300,42
510.0,510.0,370,2011-10-27 00:35:26.753,42
510.0,510.0,370,2011-10-27 00:51:43.423,42
510.0,169.0,370,2011-10-27 01:19:59.373,42
510.0,505.0,370,2011-10-27 11:27:56.773,42
510.0,505.0,370,2011-10-27 11:29:17.163,42
510.0,169.0,370,2011-10-27 14:10:42.980,42
510.0,505.0,370,2011-10-27 16:59:05.107,42
510.0,569.0,370,2011-11-25 17:57:26.550,71
510.0,37.0,370,2012-03-07 21:20:16.660,174
453.0,70.0,222,2011-10-25 21:51:13.280,40
453.0,453.0,222,2011-10-25 22:12:11.837,41
453.0,70.0,222,2011-10-25 22:27:42.020,41
43.0,372.0,379,2011-10-25 23:52:20.777,41
43.0,43.0,379,2011-10-26 00:11:35.550,41
43.0,43.0,379,2011-10-26 01:49:45.953,41
43.0,372.0,379,2011-10-26 07:15:15.447,41
43.0,43.0,379,2011-10-26 07:34:30.280,41
43.0,43.0,379,2011-10-26 13:13:42.100,41
43.0,520.0,379,2011-10-26 18:07:45.467,41
520.0,43.0,379,2011-10-26 19:11:27.583,41
43.0,520.0,379,2011-10-26 19:25:09.757,41
43.0,43.0,379,2011-10-26 19:35:39.470,41
,453.0,379,2011-10-26 01:33:56.827,41
453.0,43.0,379,2011-10-26 03:49:20.227,41
,,379,2011-10-26 12:24:46.113,41
43.0,453.0,379,2011-10-26 14:12:59.243,41
,43.0,379,2011-10-26 15:04:33.637,41
,246.0,379,2011-10-26 18:44:34.843,41
,453.0,379,2011-10-27 23:08:26.317,43
318.0,259.0,383,2011-10-26 04:26:07.487,41
318.0,318.0,383,2011-10-26 05:48:26.060,41
318.0,259.0,383,2011-10-26 06:01:06.790,41
318.0,318.0,383,2011-10-26 06:07:51.267,41
318.0,299.0,383,2011-10-26 09:43:54.790,41
318.0,259.0,383,2011-10-26 13:28:18.177,41
318.0,318.0,383,2011-10-26 16:19:13.323,41
318.0,259.0,383,2011-10-27 14:41:11.617,42
318.0,259.0,383,2011-10-28 17:33:05.110,43
514.0,514.0,222,2011-10-26 11:09:05.887,41
169.0,505.0,370,2011-10-26 12:40:20.110,41
169.0,169.0,370,2011-10-26 13:09:45.017,41
169.0,518.0,370,2011-10-27 03:19:32.900,42
169.0,169.0,370,2011-10-27 14:04:51.377,42
211.0,318.0,395,2011-10-27 03:30:02.770,42
211.0,211.0,395,2011-10-27 11:42:09.487,42
211.0,43.0,395,2011-10-28 17:38:59.407,43
211.0,150.0,395,2011-10-28 18:11:17.183,43
211.0,211.0,395,2011-10-28 22:29:39.403,44
211.0,150.0,395,2011-10-29 09:49:43.590,44
211.0,211.0,395,2011-10-29 14:12:02.763,44
211.0,211.0,395,2011-10-29 15:26:41.750,44
211.0,482.0,395,2011-11-09 04:51:44.917,55
211.0,211.0,395,2011-11-10 17:52:31.640,56
229.0,49.0,378,2011-10-27 20:53:33.557,42
229.0,229.0,378,2011-10-28 13:25:28.963,43
229.0,49.0,378,2011-10-28 20:37:21.727,43
229.0,64.0,378,2011-10-30 19:56:45.720,45
531.0,70.0,355,2011-10-28 03:21:09.347,43
531.0,531.0,355,2011-10-28 10:59:26.353,43
531.0,531.0,355,2011-10-28 11:02:43.057,43
531.0,43.0,355,2011-10-28 17:34:33.703,43
531.0,70.0,355,2011-11-05 10:03:24.273,51
531.0,531.0,355,2011-11-05 18:34:15.513,51
120.0,,379,2011-10-28 17:15:51.400,43
120.0,,379,2011-10-28 17:21:12.613,43
43.0,150.0,397,2011-10-28 18:17:40.497,43
43.0,43.0,397,2011-10-28 20:08:07.790,43
259.0,150.0,394,2011-10-29 09:51:25.573,44
246.0,96.0,410,2011-10-29 16:02:16.033,44
96.0,246.0,410,2011-10-29 17:25:06.240,44
246.0,96.0,410,2011-10-29 18:24:00.010,44
96.0,246.0,410,2011-10-29 20:08:18.060,44
399.0,150.0,288,2011-10-29 19:23:40.813,44
399.0,399.0,288,2011-10-30 03:23:48.413,45
493.0,11.0,390,2011-10-30 01:37:36.963,45
493.0,493.0,390,2011-10-30 01:58:54.440,45
493.0,493.0,390,2011-10-30 02:01:39.493,45
399.0,216.0,420,2011-10-31 06:13:56.260,46
399.0,399.0,420,2011-10-31 14:54:43.613,46
531.0,43.0,427,2011-11-01 19:33:17.173,47
531.0,531.0,427,2011-11-01 20:02:08.040,47
531.0,43.0,427,2011-11-01 20:30:38.490,47
531.0,531.0,427,2011-11-02 15:12:00.877,48
531.0,43.0,427,2011-11-02 16:50:39.727,48
531.0,531.0,427,2011-11-02 19:14:41.083,48
399.0,43.0,429,2011-11-02 02:59:17.327,48
43.0,399.0,429,2011-11-02 03:34:31.410,48
399.0,43.0,429,2011-11-02 03:39:45.687,48
64.0,26.0,426,2011-11-02 04:31:00.903,48
26.0,93.0,424,2011-11-02 07:02:42.667,48
26.0,493.0,424,2011-11-02 11:58:26.243,48
93.0,26.0,424,2011-11-02 13:48:16.037,48
493.0,26.0,424,2011-11-02 13:51:20.277,48
26.0,93.0,424,2011-11-02 14:19:08.993,48
26.0,493.0,424,2011-11-02 14:31:50.210,48
493.0,246.0,424,2011-11-02 23:59:53.023,49
550.0,49.0,378,2011-11-02 14:02:26.567,48
550.0,93.0,378,2011-11-02 14:23:32.933,48
246.0,493.0,424,2011-11-02 17:36:50.107,48
246.0,246.0,424,2011-11-02 20:37:20.020,48
493.0,246.0,424,2011-11-02 22:36:19.823,49
246.0,246.0,424,2011-11-02 23:14:25.840,49
527.0,93.0,437,2011-11-02 18:41:22.753,48
531.0,150.0,394,2011-11-02 20:28:20.803,48
531.0,531.0,394,2011-11-02 20:53:53.893,48
531.0,259.0,394,2011-11-03 14:20:13.963,49
531.0,531.0,394,2011-11-03 15:18:29.037,49
531.0,150.0,394,2011-11-03 20:26:34.817,49
531.0,531.0,394,2011-11-03 22:27:33.190,50
531.0,168.0,394,2011-12-21 23:17:03.627,98
531.0,531.0,394,2011-12-22 11:44:08.443,98
134.0,134.0,437,2011-11-02 21:53:53.713,48
134.0,527.0,437,2011-11-03 00:22:24.320,49
134.0,93.0,437,2011-11-03 04:28:14.733,49
134.0,134.0,437,2011-11-03 12:50:46.417,49
28.0,43.0,444,2011-11-03 00:58:03.693,49
28.0,28.0,444,2011-11-03 08:48:20.430,49
43.0,216.0,429,2011-11-03 09:57:34.070,49
49.0,172.0,443,2011-11-03 17:23:57.073,49
49.0,172.0,443,2011-11-03 17:25:00.643,49
493.0,172.0,443,2011-11-03 17:52:21.390,49
352.0,334.0,444,2011-11-03 21:15:29.280,49
457.0,299.0,283,2011-11-03 21:24:37.023,49
457.0,553.0,283,2011-11-03 23:21:06.237,50
457.0,553.0,283,2011-11-03 23:25:15.360,50
457.0,457.0,283,2011-11-04 08:30:26.027,50
558.0,12.0,105,2011-11-03 23:22:51.203,50
216.0,,453,2011-11-04 10:55:24.107,50
216.0,216.0,453,2011-11-05 18:47:08.133,51
358.0,560.0,459,2011-11-04 22:40:26.823,51
358.0,318.0,459,2011-11-06 16:56:44.627,52
358.0,358.0,459,2011-11-06 17:58:16.343,52
216.0,150.0,465,2011-11-05 16:53:17.353,51
150.0,216.0,465,2011-11-05 17:30:57.477,51
216.0,216.0,465,2011-11-05 17:32:47.087,51
531.0,150.0,464,2011-11-05 17:36:01.293,51
531.0,531.0,464,2011-11-05 18:29:44.083,51
189.0,150.0,466,2011-11-05 20:43:53.277,51
150.0,70.0,466,2011-11-05 22:01:20.310,51
189.0,150.0,466,2011-11-05 23:20:21.317,52
189.0,189.0,466,2011-11-06 00:26:05.300,52
189.0,150.0,466,2011-11-11 20:46:34.647,57
562.0,43.0,467,2011-11-06 00:23:08.370,52
562.0,562.0,467,2011-11-06 17:20:54.780,52
562.0,562.0,467,2011-11-06 17:31:48.053,52
562.0,43.0,467,2011-11-06 17:48:20.663,52
446.0,246.0,477,2011-11-07 00:05:39.667,53
446.0,246.0,477,2011-11-07 10:48:40.800,53
446.0,93.0,477,2011-11-10 09:50:31.497,56
93.0,446.0,477,2011-11-21 08:42:23.170,67
446.0,246.0,477,2011-12-14 19:14:24.243,90
456.0,493.0,417,2011-11-07 12:11:44.817,53
297.0,172.0,63,2011-11-07 16:02:29.743,53
93.0,246.0,477,2011-11-07 22:03:02.083,53
93.0,246.0,477,2011-11-08 13:18:16.833,54
93.0,246.0,477,2011-11-08 22:51:16.927,55
93.0,446.0,477,2011-11-09 07:55:44.280,55
446.0,93.0,477,2011-11-09 08:17:05.530,55
446.0,93.0,477,2011-11-09 08:30:00.273,55
93.0,246.0,477,2011-11-09 10:53:21.727,55
93.0,246.0,477,2011-11-09 15:05:26.063,55
246.0,93.0,477,2011-11-10 08:20:13.247,56
93.0,49.0,481,2011-11-08 09:29:02.317,54
93.0,93.0,481,2011-11-08 09:45:35.170,54
93.0,49.0,481,2011-11-08 09:53:19.913,54
93.0,49.0,481,2011-11-08 11:52:37.800,54
578.0,453.0,317,2011-11-08 14:33:18.717,54
578.0,578.0,317,2011-11-08 14:52:32.077,54
578.0,150.0,317,2011-11-11 21:39:32.113,57
150.0,578.0,317,2011-11-14 08:07:49.317,60
531.0,563.0,462,2011-11-08 15:36:03.050,54
531.0,531.0,462,2011-11-08 23:12:57.680,55
49.0,460.0,486,2011-11-08 19:41:13.280,54
49.0,49.0,486,2011-11-08 19:58:33.353,54
578.0,61.0,476,2011-11-08 20:09:17.467,54
578.0,578.0,476,2011-11-08 20:55:14.290,54
578.0,61.0,476,2011-11-08 20:58:51.180,54
578.0,578.0,476,2011-11-08 22:24:52.900,55
578.0,61.0,476,2011-11-09 15:00:05.613,55
578.0,43.0,476,2011-11-09 18:02:50.457,55
399.0,274.0,485,2011-11-09 09:37:23.227,55
274.0,121.0,418,2011-11-09 19:45:56.460,55
274.0,274.0,418,2011-11-13 15:02:29.497,59
43.0,61.0,476,2011-11-10 10:57:17.350,56
43.0,43.0,476,2011-11-10 12:03:57.867,56
211.0,216.0,499,2011-11-11 09:33:50.213,57
211.0,211.0,499,2011-11-11 15:28:06.343,57
211.0,168.0,499,2011-12-14 21:12:11.907,90
211.0,211.0,499,2011-12-14 22:17:13.483,91
211.0,168.0,499,2011-12-15 22:43:40.083,92
211.0,211.0,499,2011-12-16 04:01:51.527,92
578.0,121.0,502,2011-11-11 11:22:20.877,57
578.0,28.0,502,2011-11-11 11:37:17.910,57
578.0,578.0,502,2011-11-11 13:06:31.707,57
578.0,578.0,502,2011-11-11 13:10:23.137,57
578.0,121.0,502,2011-11-11 13:29:32.217,57
578.0,28.0,502,2011-11-11 14:12:28.683,57
578.0,64.0,502,2011-11-11 21:34:49.217,57
578.0,578.0,502,2011-11-14 08:20:01.433,60
246.0,569.0,505,2011-11-11 16:35:14.263,57
246.0,246.0,505,2011-11-11 16:43:14.347,57
246.0,569.0,505,2011-11-11 16:53:29.310,57
493.0,569.0,505,2011-11-12 02:28:04.633,58
493.0,569.0,505,2011-11-16 10:36:06.693,62
9.0,121.0,502,2011-11-12 11:29:45.230,58
70.0,168.0,367,2011-11-12 20:45:01.143,58
150.0,399.0,485,2011-11-12 23:07:09.267,59
150.0,274.0,485,2011-11-13 07:29:38.660,59
150.0,150.0,485,2011-11-19 18:20:28.273,65
216.0,572.0,497,2011-11-13 03:44:43.907,59
216.0,594.0,515,2011-11-14 13:15:43.200,60
216.0,216.0,515,2011-11-14 13:23:17.463,60
216.0,216.0,515,2011-11-14 13:26:42.640,60
216.0,594.0,515,2011-11-14 13:28:59.677,60
216.0,216.0,515,2011-11-14 13:38:43.213,60
216.0,216.0,515,2011-11-14 13:41:20.840,60
216.0,216.0,515,2011-11-14 13:43:51.180,60
216.0,216.0,515,2011-11-14 13:48:55.967,60
216.0,594.0,515,2011-11-14 13:54:23.133,60
216.0,216.0,515,2011-11-14 14:58:50.427,60
93.0,493.0,519,2011-11-15 02:15:15.903,61
493.0,93.0,519,2011-11-15 04:00:14.957,61
93.0,93.0,519,2011-11-15 04:01:37.157,61
93.0,93.0,519,2011-11-15 04:13:08.460,61
93.0,93.0,519,2011-11-15 04:14:31.080,61
93.0,493.0,519,2011-11-16 02:21:57.327,62
493.0,93.0,519,2011-11-16 04:58:51.907,62
93.0,493.0,519,2011-11-16 11:44:31.323,62
604.0,569.0,505,2011-11-16 10:37:52.277,62
604.0,569.0,505,2011-11-17 02:29:11.583,63
121.0,229.0,526,2011-11-16 11:01:51.313,62
121.0,229.0,526,2011-11-16 11:14:13.160,62
229.0,121.0,526,2011-11-16 12:23:12.353,62
121.0,229.0,526,2011-11-16 13:35:25.500,62
121.0,229.0,526,2011-11-16 14:18:47.427,62
531.0,12.0,531,2011-11-16 22:22:29.813,63
531.0,531.0,531,2011-11-17 00:19:17.613,63
143.0,70.0,531,2011-11-17 22:49:52.593,64
578.0,168.0,501,2011-11-18 00:38:22.380,64
578.0,578.0,501,2011-11-20 10:20:51.207,66
578.0,168.0,501,2011-11-20 20:30:02.897,66
578.0,168.0,501,2011-11-20 20:31:14.677,66
578.0,578.0,501,2011-11-20 22:05:12.900,66
578.0,168.0,501,2011-11-21 00:59:55.950,67
578.0,578.0,501,2011-11-21 09:02:34.953,67
274.0,246.0,551,2011-11-21 18:09:52.490,67
274.0,246.0,551,2011-11-21 19:34:02.933,67
274.0,246.0,551,2011-11-22 12:05:52.797,68
453.0,457.0,550,2011-11-22 14:27:33.977,68
189.0,516.0,515,2011-11-22 16:54:31.523,68
516.0,594.0,515,2011-11-22 17:25:38.310,68
516.0,594.0,515,2011-11-22 17:30:12.123,68
590.0,460.0,559,2011-11-23 08:27:29.320,69
590.0,229.0,559,2011-11-23 09:51:36.640,69
590.0,49.0,559,2011-11-23 11:18:22.833,69
590.0,460.0,559,2011-11-24 08:32:59.423,70
399.0,216.0,564,2011-11-24 07:31:41.143,70
399.0,352.0,564,2011-11-24 10:50:11.980,70
399.0,352.0,564,2011-11-24 12:28:26.477,70
352.0,399.0,564,2011-11-28 15:42:50.340,74
399.0,352.0,564,2011-11-29 10:49:42.963,75
399.0,381.0,564,2011-11-30 17:28:34.683,76
578.0,121.0,557,2011-11-24 11:57:08.600,70
578.0,358.0,539,2011-11-24 15:16:46.667,70
578.0,578.0,539,2011-11-24 19:46:09.377,70
578.0,358.0,539,2011-11-25 02:16:18.367,71
578.0,578.0,539,2011-11-25 09:20:48.030,71
578.0,358.0,539,2011-11-25 18:03:10.993,71
578.0,578.0,539,2011-11-25 21:30:42.170,71
578.0,358.0,539,2011-11-25 22:42:39.970,72
578.0,578.0,539,2011-11-25 22:43:30.317,72
578.0,358.0,539,2011-11-25 22:59:41.163,72
578.0,578.0,539,2011-11-25 23:05:33.103,72
578.0,358.0,539,2011-11-25 23:18:23.743,72
129.0,93.0,570,2011-11-24 16:14:57.167,70
129.0,453.0,570,2011-11-25 01:41:55.083,71
129.0,628.0,570,2011-11-30 17:48:36.240,76
628.0,93.0,570,2011-12-01 07:45:24.167,77
358.0,11.0,570,2011-11-24 17:30:55.173,70
358.0,358.0,570,2011-12-01 20:50:36.750,77
15.0,172.0,570,2011-11-25 02:52:36.533,71
15.0,8.0,570,2011-11-29 15:22:22.683,75
229.0,93.0,557,2011-11-25 11:36:52.373,71
129.0,189.0,570,2011-11-25 12:27:55.927,71
87.0,569.0,570,2011-11-25 16:14:45.833,71
87.0,11.0,570,2011-11-25 17:33:52.913,71
87.0,11.0,570,2011-11-25 17:34:12.213,71
87.0,419.0,570,2011-11-29 16:16:57.727,75
121.0,91.0,570,2011-11-26 06:36:43.540,72
650.0,531.0,588,2011-11-26 13:17:26.833,72
650.0,567.0,588,2011-11-26 18:19:25.247,72
650.0,531.0,588,2011-11-26 18:46:47.037,72
650.0,567.0,588,2011-11-28 00:50:10.657,74
650.0,650.0,588,2011-11-28 03:35:04.920,74
93.0,141.0,579,2011-11-26 18:08:54.227,72
141.0,93.0,579,2011-11-28 11:21:38.510,74
189.0,457.0,592,2011-11-26 19:34:40.113,72
189.0,189.0,592,2011-11-26 20:48:43.387,72
189.0,281.0,592,2011-11-27 12:02:13.580,73
578.0,569.0,605,2011-11-30 16:09:42.293,76
569.0,372.0,605,2011-11-30 21:53:53.260,76
372.0,578.0,605,2011-11-30 22:00:00.573,76
578.0,372.0,605,2011-12-02 15:58:39.353,78
372.0,569.0,605,2011-12-04 09:41:09.027,80
578.0,510.0,605,2011-12-26 15:56:02.090,102
578.0,510.0,605,2011-12-26 15:57:32.257,102
578.0,510.0,605,2011-12-26 15:58:52.567,102
578.0,510.0,605,2011-12-26 15:59:01.537,102
578.0,510.0,605,2011-12-26 15:59:21.443,102
510.0,578.0,605,2012-01-23 15:06:42.437,130
578.0,510.0,605,2012-01-24 07:28:17.567,131
510.0,578.0,605,2012-01-24 08:12:15.230,131
274.0,93.0,609,2011-12-01 15:15:10.423,77
274.0,128.0,609,2011-12-03 19:12:19.583,79
315.0,123.0,609,2011-12-02 07:11:08.230,78
315.0,315.0,609,2011-12-03 16:52:52.037,79
559.0,93.0,609,2011-12-02 12:50:59.543,78
667.0,93.0,609,2011-12-02 12:59:47.373,78
578.0,150.0,594,2011-12-02 17:44:58.033,78
150.0,578.0,594,2011-12-02 21:06:48.560,78
617.0,150.0,594,2011-12-02 17:47:23.227,78
661.0,358.0,608,2011-12-02 17:48:06.150,78
424.0,118.0,222,2011-12-03 17:41:46.790,79
137.0,475.0,616,2011-12-04 19:44:11.183,80
205.0,150.0,622,2011-12-04 21:57:53.640,80
150.0,193.0,609,2011-12-05 11:47:50.203,81
193.0,150.0,609,2011-12-05 21:52:13.880,81
87.0,43.0,625,2011-12-05 18:02:44.177,81
123.0,43.0,625,2011-12-05 18:03:06.563,81
93.0,682.0,644,2011-12-06 14:48:41.003,82
93.0,93.0,644,2011-12-06 14:54:24.027,82
93.0,93.0,644,2011-12-06 14:56:42.010,82
437.0,141.0,649,2011-12-07 19:42:59.190,83
424.0,28.0,649,2011-12-08 02:04:06.080,84
424.0,424.0,649,2011-12-09 18:32:07.267,85
43.0,,649,2011-12-08 13:14:19.943,84
43.0,43.0,649,2011-12-08 16:00:50.690,84
43.0,,649,2011-12-08 16:07:19.033,84
43.0,43.0,649,2011-12-08 16:10:40.357,84
43.0,,649,2011-12-08 16:17:56.363,84
43.0,43.0,649,2011-12-08 16:31:27.570,84
43.0,687.0,649,2011-12-09 09:24:34.683,85
43.0,43.0,649,2011-12-09 15:43:37.990,85
141.0,211.0,649,2011-12-09 00:49:14.257,85
659.0,93.0,644,2011-12-09 09:01:12.420,85
,687.0,649,2011-12-09 09:26:49.013,85
,687.0,649,2011-12-09 09:28:15.143,85
687.0,,649,2011-12-09 10:23:09.900,85
,28.0,649,2011-12-10 05:59:56.820,86
28.0,,649,2011-12-10 09:07:11.707,86
216.0,150.0,661,2011-12-09 21:52:48.640,85
150.0,216.0,661,2011-12-10 18:39:02.387,86
216.0,150.0,661,2011-12-10 19:49:15.200,86
150.0,216.0,661,2011-12-11 18:54:09.033,87
216.0,150.0,662,2011-12-09 21:59:22.257,85
150.0,28.0,662,2011-12-10 06:05:25.640,86
216.0,150.0,662,2011-12-10 11:12:57.637,86
150.0,28.0,662,2011-12-10 12:27:42.497,86
216.0,150.0,662,2011-12-10 14:59:11.897,86
150.0,216.0,662,2011-12-10 18:44:04.380,86
216.0,216.0,662,2011-12-10 18:50:35.280,86
216.0,150.0,662,2011-12-10 20:06:45.567,86
216.0,150.0,662,2011-12-10 20:11:35.453,86
150.0,28.0,662,2011-12-11 10:36:10.243,87
150.0,216.0,662,2011-12-11 19:01:34.927,87
150.0,216.0,662,2011-12-11 19:04:51.527,87
216.0,216.0,662,2011-12-11 19:07:55.237,87
216.0,216.0,662,2011-12-11 19:10:07.030,87
274.0,150.0,662,2011-12-10 11:23:08.817,86
274.0,150.0,662,2011-12-10 11:52:18.820,86
274.0,150.0,662,2011-12-10 11:52:37.463,86
274.0,274.0,662,2011-12-11 14:44:37.773,87
619.0,168.0,639,2011-12-10 19:36:16.077,86
619.0,619.0,639,2011-12-13 20:23:27.937,89
619.0,168.0,639,2011-12-14 21:14:23.863,90
202.0,93.0,598,2011-12-11 17:56:28.230,87
202.0,202.0,598,2011-12-11 19:03:30.257,87
424.0,424.0,570,2011-12-11 19:44:20.693,87
424.0,424.0,570,2011-12-11 19:50:13.063,87
43.0,150.0,672,2011-12-11 21:32:26.820,87
43.0,43.0,672,2011-12-11 21:44:52.027,87
399.0,696.0,670,2011-12-12 09:39:21.643,88
211.0,143.0,679,2011-12-13 20:50:48.560,89
531.0,211.0,678,2011-12-14 01:35:53.837,90
531.0,12.0,678,2011-12-14 03:40:32.140,90
531.0,531.0,678,2011-12-14 11:20:02.370,90
531.0,211.0,678,2011-12-14 13:26:48.177,90
531.0,531.0,678,2011-12-14 14:18:01.983,90
531.0,531.0,678,2011-12-14 14:20:04.443,90
12.0,520.0,682,2011-12-14 15:36:41.850,90
12.0,12.0,682,2011-12-14 15:46:09.083,90
12.0,216.0,682,2011-12-15 06:49:36.723,91
12.0,216.0,682,2011-12-15 08:40:39.920,91
12.0,12.0,682,2011-12-15 14:05:48.440,91
12.0,12.0,682,2011-12-15 14:16:13.130,91
12.0,216.0,682,2011-12-15 14:26:44.483,91
12.0,708.0,682,2011-12-15 23:00:37.863,92
211.0,707.0,686,2011-12-15 03:41:39.093,91
216.0,150.0,675,2011-12-15 12:16:22.643,91
150.0,216.0,675,2011-12-15 19:41:02.880,91
216.0,150.0,675,2011-12-15 22:59:09.680,92
274.0,121.0,696,2011-12-16 10:21:44.740,92
216.0,621.0,704,2011-12-17 08:21:52.793,93
43.0,150.0,707,2011-12-18 06:32:23.883,94
43.0,43.0,707,2011-12-18 06:50:25.440,94
43.0,211.0,707,2011-12-18 22:05:15.213,94
43.0,150.0,707,2011-12-23 11:38:20.390,99
43.0,43.0,707,2011-12-23 17:42:06.237,99
43.0,43.0,707,2011-12-23 17:50:30.887,99
578.0,,710,2011-12-18 16:33:42.597,94
578.0,578.0,710,2011-12-18 17:29:31.613,94
85.0,323.0,78,2011-12-19 16:01:34.487,95
721.0,93.0,701,2011-12-20 11:33:55.317,96
,724.0,710,2011-12-20 18:29:40.247,96
12.0,168.0,715,2011-12-21 00:48:40.393,97
12.0,168.0,715,2011-12-21 01:02:53.880,97
12.0,12.0,715,2011-12-21 05:02:07.393,97
12.0,168.0,715,2011-12-21 22:26:07.220,98
12.0,168.0,715,2011-12-21 22:28:40.197,98
12.0,150.0,715,2011-12-23 12:12:40.117,99
12.0,150.0,715,2011-12-23 12:15:51.803,99
150.0,168.0,715,2011-12-27 23:50:19.440,104
150.0,168.0,715,2011-12-27 23:52:21.340,104
12.0,150.0,715,2011-12-28 11:55:06.523,104
12.0,150.0,715,2011-12-28 11:56:47.227,104
12.0,150.0,715,2011-12-28 11:58:50.160,104
216.0,475.0,720,2011-12-22 09:42:24.403,98
475.0,216.0,720,2011-12-22 11:43:19.263,98
216.0,12.0,720,2011-12-22 21:55:51.550,98
216.0,216.0,720,2011-12-24 07:09:52.523,100
399.0,730.0,723,2011-12-23 02:34:41.800,99
399.0,730.0,723,2011-12-23 02:38:29.110,99
399.0,730.0,723,2011-12-23 02:39:57.937,99
730.0,399.0,723,2011-12-23 04:31:35.010,99
399.0,216.0,723,2011-12-23 06:29:38.153,99
399.0,43.0,723,2011-12-23 07:12:20.477,99
61.0,150.0,727,2011-12-23 19:22:05.463,99
150.0,61.0,727,2011-12-23 22:07:14.433,99
150.0,61.0,727,2011-12-23 22:20:57.900,100
61.0,150.0,727,2011-12-24 18:40:31.623,100
6.0,6.0,730,2011-12-24 12:16:26.763,100
738.0,260.0,739,2011-12-27 04:51:11.417,103
738.0,738.0,739,2011-12-27 12:59:06.033,103
738.0,150.0,739,2011-12-27 19:34:05.940,103
738.0,43.0,739,2011-12-29 04:28:26.177,105
738.0,150.0,739,2011-12-29 08:07:49.263,105
738.0,150.0,739,2011-12-29 08:09:16.427,105
738.0,150.0,739,2011-12-29 08:10:31.420,105
738.0,150.0,739,2011-12-29 08:12:09.687,105
738.0,738.0,739,2012-01-03 01:35:24.570,110
738.0,150.0,739,2012-01-04 21:00:38.320,111
738.0,150.0,739,2012-01-04 21:02:34.603,111
738.0,738.0,739,2012-01-05 03:17:29.410,112
738.0,738.0,739,2012-01-05 03:23:07.643,112
738.0,150.0,734,2011-12-27 08:28:33.423,103
738.0,150.0,734,2011-12-27 08:32:35.687,103
738.0,738.0,734,2011-12-27 13:01:38.543,103
738.0,150.0,734,2011-12-27 17:07:30.343,103
738.0,150.0,734,2011-12-27 17:12:34.477,103
738.0,738.0,734,2012-01-03 01:39:27.177,110
738.0,150.0,734,2012-01-04 20:59:50.600,111
738.0,738.0,734,2012-01-05 03:27:22.097,112
738.0,150.0,734,2012-01-05 21:33:23.867,112
738.0,738.0,734,2012-01-06 04:19:47.867,113
738.0,150.0,734,2012-01-06 16:12:47.950,113
738.0,150.0,734,2012-01-06 16:13:00.103,113
738.0,150.0,734,2012-01-06 16:13:11.880,113
738.0,738.0,734,2012-01-09 05:38:28.197,116
738.0,150.0,734,2012-01-09 22:10:10.287,117
738.0,150.0,734,2012-01-09 22:20:04.467,117
738.0,150.0,734,2012-01-09 22:22:24.697,117
738.0,738.0,734,2012-01-11 02:38:17.597,118
738.0,150.0,734,2012-01-12 22:01:59.547,119
731.0,169.0,701,2011-12-27 12:16:02.627,103
731.0,711.0,701,2012-01-12 13:44:42.583,119
617.0,737.0,742,2011-12-28 21:58:38.877,104
259.0,168.0,747,2011-12-28 22:54:58.330,105
259.0,259.0,747,2011-12-29 00:56:39.787,105
259.0,462.0,738,2011-12-30 03:47:47.883,106
259.0,617.0,738,2012-01-02 05:42:54.037,109
617.0,259.0,738,2012-01-02 14:07:34.540,109
597.0,150.0,755,2011-12-30 11:32:09.747,106
211.0,150.0,760,2011-12-30 15:29:34.993,106
211.0,216.0,760,2012-01-02 20:01:09.527,109
150.0,707.0,758,2011-12-30 17:41:55.687,106
150.0,150.0,758,2011-12-30 17:55:17.993,106
150.0,707.0,758,2011-12-30 18:22:31.977,106
150.0,399.0,758,2011-12-30 18:47:45.720,106
399.0,737.0,755,2011-12-30 21:27:44.750,106
399.0,707.0,758,2011-12-30 22:14:36.800,107
216.0,753.0,768,2012-01-01 23:04:15.637,109
216.0,753.0,768,2012-01-01 23:17:17.653,109
216.0,753.0,768,2012-01-01 23:38:12.260,109
216.0,216.0,768,2012-01-02 08:57:00.643,109
216.0,753.0,771,2012-01-02 18:00:53.913,109
216.0,753.0,771,2012-01-02 19:16:41.903,109
216.0,216.0,771,2012-01-02 19:38:51.207,109
274.0,216.0,760,2012-01-02 19:58:25.020,109
274.0,61.0,760,2012-01-03 09:22:45.073,110
216.0,150.0,783,2012-01-07 10:19:00.957,114
216.0,150.0,783,2012-01-07 10:35:46.907,114
150.0,216.0,783,2012-01-07 10:48:41.233,114
216.0,216.0,783,2012-01-07 10:58:54.247,114
216.0,216.0,783,2012-01-07 11:00:15.963,114
216.0,216.0,783,2012-01-07 11:06:46.790,114
358.0,216.0,783,2012-01-07 10:46:10.590,114
358.0,358.0,783,2012-01-09 20:06:13.670,116
216.0,150.0,781,2012-01-07 10:58:40.707,114
216.0,216.0,781,2012-01-07 11:26:59.310,114
216.0,216.0,781,2012-01-07 11:29:19.730,114
216.0,150.0,781,2012-01-07 12:51:05.047,114
216.0,150.0,781,2012-01-07 12:51:34.623,114
216.0,150.0,781,2012-01-07 13:27:25.393,114
765.0,730.0,784,2012-01-08 21:02:48.287,115
765.0,765.0,784,2012-01-08 21:34:26.547,115
617.0,690.0,717,2012-01-09 00:12:10.510,116
399.0,358.0,791,2012-01-11 11:14:17.680,118
399.0,399.0,791,2012-01-11 14:59:21.383,118
118.0,93.0,794,2012-01-11 16:48:39.490,118
118.0,229.0,794,2012-01-19 11:39:54.027,126
381.0,737.0,755,2012-01-12 07:09:33.030,119
274.0,399.0,797,2012-01-12 14:46:45.327,119
274.0,150.0,797,2012-01-14 18:52:46.617,121
274.0,274.0,797,2012-01-15 16:04:17.227,122
522.0,93.0,803,2012-01-13 10:01:24.923,120
522.0,229.0,803,2012-01-14 15:24:15.213,121
776.0,93.0,794,2012-01-13 15:45:15.647,120
671.0,93.0,794,2012-01-13 15:46:44.227,120
671.0,671.0,794,2012-01-13 16:04:33.370,120
671.0,93.0,794,2012-01-13 16:07:59.213,120
169.0,93.0,803,2012-01-13 15:50:17.073,120
169.0,169.0,803,2012-01-13 19:06:00.767,120
169.0,93.0,803,2012-01-13 19:51:48.007,120
169.0,229.0,803,2012-01-14 15:27:39.827,121
169.0,229.0,803,2012-01-14 15:29:46.077,121
169.0,93.0,803,2012-01-19 05:52:10.893,126
169.0,93.0,803,2012-01-19 06:25:10.900,126
239.0,169.0,803,2012-01-19 06:45:40.637,126
169.0,93.0,803,2012-01-19 07:53:45.537,126
169.0,352.0,803,2012-01-23 11:40:27.697,130
137.0,137.0,794,2012-01-15 09:36:07.427,122
137.0,118.0,794,2012-01-16 09:25:34.460,123
780.0,150.0,812,2012-01-15 19:01:31.277,122
216.0,150.0,812,2012-01-15 19:02:44.580,122
216.0,216.0,812,2012-01-18 12:22:54.607,125
35.0,150.0,794,2012-01-15 19:12:24.423,122
118.0,168.0,822,2012-01-17 17:07:32.477,124
118.0,118.0,822,2012-01-17 21:13:57.987,124
118.0,168.0,822,2012-01-20 21:15:57.497,127
118.0,118.0,822,2012-01-25 13:43:41.323,132
118.0,168.0,822,2012-02-08 00:54:39.833,146
93.0,169.0,803,2012-01-17 23:02:23.493,125
169.0,93.0,803,2012-01-18 05:56:33.160,125
93.0,229.0,803,2012-01-19 11:26:44.890,126
93.0,169.0,803,2012-01-21 06:44:00.497,128
169.0,93.0,803,2012-01-21 10:57:16.887,128
216.0,61.0,830,2012-01-18 16:18:21.513,125
797.0,132.0,75,2012-01-20 20:22:17.340,127
93.0,352.0,840,2012-01-20 20:40:38.490,127
352.0,93.0,840,2012-01-21 02:41:45.737,128
93.0,352.0,840,2012-01-21 12:35:46.010,128
352.0,93.0,840,2012-01-21 14:25:49.510,128
93.0,352.0,840,2012-01-21 15:54:06.263,128
93.0,352.0,840,2012-01-21 16:09:12.873,128
352.0,93.0,840,2012-01-21 20:38:24.933,128
352.0,93.0,840,2012-01-21 20:40:28.843,128
93.0,352.0,840,2012-01-22 14:14:11.583,129
352.0,93.0,840,2012-01-22 17:15:57.117,129
352.0,93.0,840,2012-01-22 17:18:00.250,129
93.0,352.0,840,2012-01-23 10:45:25.087,130
93.0,291.0,4,2012-01-21 15:09:17.453,128
617.0,521.0,849,2012-01-22 01:21:54.797,129
521.0,216.0,849,2012-01-22 06:11:41.413,129
617.0,216.0,849,2012-01-22 06:14:30.117,129
617.0,150.0,849,2012-01-22 20:59:46.980,129
617.0,617.0,849,2012-01-22 22:47:14.683,130
617.0,521.0,849,2012-01-30 03:50:38.510,137
617.0,521.0,849,2012-01-30 03:56:02.333,137
381.0,291.0,854,2012-01-23 10:22:23.557,130
381.0,168.0,854,2012-01-23 23:43:41.987,131
381.0,381.0,854,2012-01-24 17:10:32.390,131
381.0,372.0,854,2012-01-25 23:56:51.107,133
93.0,172.0,831,2012-01-23 18:37:36.873,130
172.0,93.0,831,2012-01-26 07:26:31.323,133
93.0,172.0,831,2012-01-26 14:21:23.637,133
172.0,93.0,831,2012-01-26 20:18:02.250,133
93.0,172.0,831,2012-01-26 20:24:18.573,133
134.0,493.0,863,2012-01-26 00:40:33.950,133
274.0,216.0,870,2012-01-26 13:56:54.670,133
274.0,274.0,870,2012-01-26 14:55:40.960,133
274.0,216.0,870,2012-01-26 16:33:09.663,133
274.0,738.0,870,2012-01-26 20:10:50.937,133
274.0,274.0,870,2012-01-27 03:59:18.780,134
93.0,450.0,862,2012-01-26 16:50:46.347,133
450.0,93.0,862,2012-01-26 20:10:34.260,133
93.0,208.0,862,2012-01-26 21:06:40.297,133
93.0,541.0,862,2012-01-26 22:45:28.177,134
93.0,64.0,862,2012-01-27 05:42:34.683,134
815.0,121.0,764,2012-01-27 12:02:33.430,134
815.0,730.0,764,2012-01-29 21:49:20.533,136
399.0,168.0,854,2012-01-31 03:26:14.217,138
399.0,168.0,854,2012-01-31 03:31:20.687,138
399.0,168.0,854,2012-01-31 03:32:24.053,138
399.0,399.0,854,2012-02-01 02:29:31.450,139
399.0,168.0,854,2012-02-01 19:00:54.247,139
399.0,168.0,854,2012-02-01 19:01:40.703,139
399.0,399.0,854,2012-02-03 15:52:16.280,141
399.0,168.0,854,2012-02-04 04:25:04.767,142
826.0,118.0,93,2012-01-31 12:43:22.710,138
216.0,128.0,874,2012-01-31 17:44:03.613,138
216.0,128.0,874,2012-01-31 17:45:36.483,138
104.0,128.0,877,2012-01-31 18:11:29.227,138
521.0,168.0,888,2012-02-04 04:28:52.517,142
521.0,541.0,888,2012-02-05 00:48:48.780,143
521.0,521.0,888,2012-02-05 04:18:41.410,143
43.0,150.0,846,2012-02-04 20:58:23.700,142
43.0,43.0,846,2012-02-04 21:19:30.173,142
43.0,150.0,846,2012-02-05 09:31:49.977,143
43.0,150.0,846,2012-02-05 12:04:39.307,143
43.0,150.0,846,2012-02-05 12:05:27.730,143
43.0,150.0,846,2012-02-05 12:06:03.627,143
43.0,150.0,846,2012-02-05 12:08:04.980,143
43.0,43.0,846,2012-02-05 17:24:05.197,143
43.0,43.0,846,2012-02-05 17:35:59.583,143
43.0,150.0,846,2012-02-05 17:45:19.053,143
43.0,150.0,846,2012-02-05 17:45:37.040,143
43.0,43.0,846,2012-02-05 19:21:59.433,143
43.0,150.0,846,2012-02-05 20:06:14.837,143
43.0,43.0,846,2012-02-05 22:19:45.400,144
43.0,150.0,846,2012-02-06 07:04:55.150,144
274.0,150.0,848,2012-02-05 10:23:43.640,143
216.0,150.0,895,2012-02-05 18:35:27.947,143
150.0,216.0,895,2012-02-05 20:46:16.160,143
216.0,150.0,895,2012-02-05 21:23:35.823,143
43.0,150.0,895,2012-02-05 19:57:04.320,143
43.0,43.0,895,2012-02-05 21:43:29.330,143
399.0,43.0,894,2012-02-06 00:03:48.633,144
399.0,399.0,894,2012-02-06 01:05:29.417,144
399.0,150.0,894,2012-02-06 07:13:08.153,144
399.0,399.0,894,2012-02-08 02:25:45.617,146
399.0,109.0,894,2012-02-08 12:38:28.123,146
399.0,109.0,894,2012-02-08 12:39:06.013,146
211.0,150.0,894,2012-02-06 07:15:49.490,144
211.0,211.0,894,2012-02-07 01:05:26.970,145
109.0,150.0,894,2012-02-06 09:22:26.120,144
109.0,150.0,894,2012-02-06 09:22:51.080,144
109.0,109.0,894,2012-02-06 11:25:40.907,144
109.0,109.0,894,2012-02-06 11:40:40.373,144
109.0,109.0,894,2012-02-06 11:49:10.050,144
842.0,569.0,605,2012-02-08 07:30:59.130,146
842.0,842.0,605,2012-02-08 09:34:00.170,146
842.0,569.0,605,2012-02-09 16:59:30.107,147
150.0,766.0,902,2012-02-08 11:39:30.153,146
150.0,766.0,902,2012-02-08 12:21:06.153,146
150.0,150.0,902,2012-02-08 19:04:48.083,146
150.0,766.0,902,2012-02-09 02:39:03.960,147
569.0,569.0,907,2012-02-10 15:26:36.680,148
134.0,493.0,906,2012-02-11 17:50:33.010,149
134.0,134.0,906,2012-02-13 04:25:56.533,151
578.0,730.0,915,2012-02-13 16:30:41.480,151
578.0,730.0,915,2012-02-13 16:32:21.073,151
730.0,105.0,915,2012-02-13 17:39:01.113,151
578.0,578.0,915,2012-02-13 17:39:41.593,151
578.0,730.0,915,2012-02-14 03:54:39.257,152
578.0,730.0,915,2012-02-14 03:57:14.247,152
578.0,730.0,915,2012-02-14 04:16:06.970,152
730.0,578.0,915,2012-02-14 07:28:53.860,152
578.0,730.0,915,2012-02-16 22:52:55.233,155
208.0,727.0,918,2012-02-14 09:34:13.570,152
208.0,208.0,918,2012-02-14 18:51:47.920,152
208.0,727.0,918,2012-02-14 19:15:29.417,152
208.0,450.0,922,2012-02-14 16:33:48.900,152
208.0,208.0,922,2012-02-14 18:46:21.623,152
208.0,450.0,922,2012-02-15 12:30:35.960,153
150.0,727.0,918,2012-02-14 19:13:45.113,152
858.0,617.0,934,2012-02-16 06:53:47.337,154
858.0,145.0,934,2012-02-16 18:47:07.253,154
858.0,617.0,934,2012-02-16 20:07:08.527,154
569.0,352.0,837,2012-02-16 18:54:37.010,154
352.0,569.0,837,2012-02-17 01:05:23.677,155
569.0,352.0,837,2012-02-17 14:39:59.530,155
569.0,569.0,837,2012-02-17 23:43:06.217,156
569.0,352.0,837,2012-02-18 17:26:19.360,156
569.0,569.0,837,2012-02-18 17:31:08.277,156
569.0,352.0,837,2012-02-19 19:37:47.933,157
569.0,352.0,837,2012-02-19 20:06:52.883,157
109.0,150.0,924,2012-02-17 07:13:53.353,155
109.0,109.0,924,2012-02-17 17:13:25.987,155
274.0,150.0,942,2012-02-18 11:38:31.617,156
8.0,150.0,942,2012-02-18 11:40:24.093,156
531.0,450.0,941,2012-02-18 16:15:54.610,156
531.0,531.0,941,2012-02-29 00:10:32.167,167
858.0,168.0,913,2012-02-20 01:29:33.653,158
858.0,168.0,913,2012-02-20 01:36:34.340,158
858.0,168.0,913,2012-02-20 01:38:04.367,158
168.0,858.0,913,2012-02-21 07:56:32.837,159
858.0,168.0,913,2012-02-23 00:22:34.890,161
858.0,168.0,913,2012-02-23 00:29:03.103,161
93.0,352.0,944,2012-02-20 12:05:09.623,158
93.0,121.0,944,2012-02-20 21:38:29.033,158
169.0,885.0,954,2012-02-21 13:34:18.170,159
109.0,198.0,956,2012-02-22 20:33:00.560,160
109.0,109.0,956,2012-02-23 06:28:53.477,161
109.0,198.0,956,2012-02-24 00:01:12.150,162
559.0,664.0,959,2012-02-23 18:15:20.803,161
37.0,664.0,959,2012-02-23 18:26:54.610,161
664.0,37.0,959,2012-02-23 18:31:19.910,161
664.0,37.0,959,2012-02-23 18:34:24.227,161
37.0,664.0,959,2012-02-23 18:48:17.207,161
37.0,37.0,959,2012-02-23 18:55:48.770,161
37.0,664.0,959,2012-02-24 10:31:01.850,162
37.0,37.0,959,2012-02-28 11:11:25.877,166
274.0,730.0,961,2012-02-25 01:01:27.897,163
274.0,730.0,961,2012-02-25 01:20:35.767,163
274.0,274.0,961,2012-02-26 16:20:30.030,164
858.0,730.0,961,2012-02-25 01:11:51.097,163
858.0,730.0,961,2012-02-25 01:17:01.917,163
730.0,858.0,961,2012-02-25 08:11:52.753,163
858.0,858.0,961,2012-02-25 08:17:55.463,163
858.0,858.0,961,2012-02-25 08:24:10.507,163
858.0,858.0,961,2012-02-25 08:29:30.940,163
858.0,730.0,961,2012-02-25 19:22:54.180,163
858.0,730.0,961,2012-02-25 19:24:41.153,163
498.0,535.0,971,2012-02-25 12:30:35.453,163
535.0,498.0,971,2012-02-28 07:34:23.840,166
96.0,535.0,971,2012-02-28 08:29:19.613,166
61.0,893.0,973,2012-02-26 12:40:59.110,164
61.0,61.0,973,2012-02-26 16:47:34.787,164
61.0,893.0,973,2012-02-26 18:50:42.207,164
61.0,61.0,973,2012-02-26 19:53:49.047,164
189.0,682.0,975,2012-02-26 16:10:50.637,164
189.0,189.0,975,2012-02-27 20:56:43.237,165
865.0,298.0,983,2012-02-29 08:30:38.907,167
865.0,865.0,983,2012-02-29 14:48:23.243,167
865.0,298.0,983,2012-03-05 16:32:11.190,172
12.0,168.0,978,2012-02-29 19:13:27.567,167
12.0,168.0,978,2012-02-29 19:17:22.257,167
12.0,168.0,978,2012-02-29 19:18:58.230,167
12.0,168.0,978,2012-02-29 19:28:11.260,167
559.0,93.0,982,2012-03-02 10:30:37.620,169
217.0,893.0,973,2012-03-04 10:20:11.680,171
121.0,858.0,997,2012-03-04 15:39:31.263,171
121.0,121.0,997,2012-03-04 16:20:54.530,171
121.0,617.0,997,2012-03-04 19:07:04.740,171
121.0,617.0,997,2012-03-04 19:16:38.690,171
617.0,858.0,997,2012-03-04 19:40:40.083,171
121.0,727.0,997,2012-03-04 19:48:44.377,171
727.0,858.0,997,2012-03-05 07:19:14.757,172
121.0,617.0,997,2012-03-05 09:00:09.393,172
121.0,727.0,997,2012-03-05 10:21:46.420,172
614.0,118.0,694,2012-03-05 11:20:24.320,172
614.0,614.0,694,2012-03-06 10:11:23.357,173
47.0,617.0,997,2012-03-06 18:28:55.293,173
47.0,47.0,997,2012-03-07 09:06:20.510,174
12.0,730.0,990,2012-03-12 00:04:56.127,179
12.0,730.0,990,2012-03-12 00:07:47.963,179
935.0,198.0,991,2012-03-12 18:52:29.193,179
935.0,935.0,991,2012-03-12 19:05:18.043,179
935.0,198.0,991,2012-03-12 21:10:51.503,179
935.0,935.0,991,2012-03-12 21:20:33.567,179
935.0,198.0,956,2012-03-12 19:48:15.740,179
