PostId,Vote,VTime
1,2,2011-10-11
5,2,2011-10-11
1,16,2011-10-11
7,2,2011-10-11
9,5,2011-10-11
10,2,2011-10-11
4,2,2011-10-11
5,2,2011-10-11
1,2,2011-10-11
5,2,2011-10-11
1,2,2011-10-11
2,2,2011-10-11
12,2,2011-10-11
12,2,2011-10-11
13,2,2011-10-11
2,2,2011-10-11
5,2,2011-10-11
3,3,2011-10-11
4,2,2011-10-11
11,2,2011-10-11
6,2,2011-10-11
7,2,2011-10-11
9,2,2011-10-11
12,2,2011-10-11
3,2,2011-10-11
13,3,2011-10-11
15,2,2011-10-11
10,3,2011-10-11
8,3,2011-10-11
17,2,2011-10-11
16,2,2011-10-11
18,2,2011-10-11
18,2,2011-10-11
13,2,2011-10-11
18,2,2011-10-11
16,2,2011-10-11
17,2,2011-10-11
1,2,2011-10-11
22,2,2011-10-11
18,5,2011-10-11
12,5,2011-10-11
19,5,2011-10-11
22,2,2011-10-11
22,5,2011-10-11
24,2,2011-10-11
26,3,2011-10-11
25,2,2011-10-11
5,2,2011-10-11
1,2,2011-10-11
23,2,2011-10-11
24,16,2011-10-11
23,2,2011-10-11
2,2,2011-10-11
19,2,2011-10-11
26,2,2011-10-11
17,2,2011-10-11
29,2,2011-10-11
9,2,2011-10-11
12,2,2011-10-11
28,2,2011-10-11
28,2,2011-10-11
31,2,2011-10-11
30,2,2011-10-11
9,2,2011-10-11
29,2,2011-10-11
13,2,2011-10-11
25,2,2011-10-11
17,2,2011-10-11
31,2,2011-10-11
24,2,2011-10-11
20,2,2011-10-11
6,2,2011-10-11
16,2,2011-10-11
21,2,2011-10-11
25,3,2011-10-11
28,2,2011-10-11
33,2,2011-10-11
34,2,2011-10-11
35,2,2011-10-11
27,2,2011-10-11
32,2,2011-10-11
24,2,2011-10-11
35,2,2011-10-11
37,2,2011-10-11
35,2,2011-10-11
6,2,2011-10-11
12,2,2011-10-11
14,2,2011-10-11
35,2,2011-10-11
29,3,2011-10-11
21,2,2011-10-11
24,2,2011-10-11
40,2,2011-10-11
39,2,2011-10-11
28,16,2011-10-11
2,3,2011-10-11
40,2,2011-10-11
43,2,2011-10-11
14,16,2011-10-11
38,2,2011-10-11
14,2,2011-10-11
42,2,2011-10-11
43,2,2011-10-11
36,2,2011-10-11
32,2,2011-10-11
43,5,2011-10-11
19,2,2011-10-11
3,2,2011-10-11
10,2,2011-10-11
5,3,2011-10-11
36,3,2011-10-11
37,2,2011-10-11
35,2,2011-10-11
12,2,2011-10-11
1,2,2011-10-11
5,2,2011-10-11
38,3,2011-10-11
18,2,2011-10-11
3,2,2011-10-11
45,5,2011-10-11
44,2,2011-10-11
44,2,2011-10-11
45,10,2011-10-11
44,2,2011-10-11
2,2,2011-10-11
2,5,2011-10-11
22,16,2011-10-11
31,6,2011-10-12
47,3,2011-10-12
19,2,2011-10-12
24,2,2011-10-12
24,1,2011-10-12
47,3,2011-10-12
15,2,2011-10-12
5,1,2011-10-12
36,3,2011-10-12
19,2,2011-10-12
42,2,2011-10-12
48,2,2011-10-12
14,3,2011-10-12
39,2,2011-10-12
49,2,2011-10-12
36,2,2011-10-12
28,2,2011-10-12
48,2,2011-10-12
26,3,2011-10-12
47,3,2011-10-12
50,6,2011-10-12
32,2,2011-10-12
50,6,2011-10-12
19,2,2011-10-12
48,2,2011-10-12
51,2,2011-10-12
37,1,2011-10-12
40,2,2011-10-12
53,2,2011-10-12
36,3,2011-10-12
49,2,2011-10-12
4,16,2011-10-12
7,16,2011-10-12
12,16,2011-10-12
16,16,2011-10-12
27,16,2011-10-12
47,3,2011-10-12
40,3,2011-10-12
38,5,2011-10-12
26,3,2011-10-12
22,3,2011-10-12
56,2,2011-10-12
8,3,2011-10-12
11,2,2011-10-12
53,2,2011-10-12
35,3,2011-10-12
25,3,2011-10-12
52,2,2011-10-12
32,2,2011-10-12
9,2,2011-10-12
49,2,2011-10-12
49,2,2011-10-12
33,3,2011-10-12
31,7,2011-10-12
31,7,2011-10-12
57,2,2011-10-12
15,2,2011-10-12
43,2,2011-10-12
60,2,2011-10-12
60,3,2011-10-12
57,2,2011-10-12
12,2,2011-10-12
51,2,2011-10-12
21,2,2011-10-12
26,3,2011-10-12
53,2,2011-10-12
12,5,2011-10-12
58,2,2011-10-12
32,2,2011-10-12
27,5,2011-10-12
59,2,2011-10-12
59,2,2011-10-12
44,2,2011-10-12
43,5,2011-10-12
25,2,2011-10-12
13,2,2011-10-12
22,2,2011-10-12
18,2,2011-10-12
12,2,2011-10-12
30,2,2011-10-12
54,2,2011-10-12
23,2,2011-10-12
7,2,2011-10-12
21,2,2011-10-12
11,2,2011-10-12
56,2,2011-10-12
49,2,2011-10-12
8,3,2011-10-12
6,2,2011-10-12
37,2,2011-10-12
16,2,2011-10-12
59,2,2011-10-12
61,2,2011-10-12
26,3,2011-10-12
25,2,2011-10-12
54,3,2011-10-12
36,3,2011-10-12
59,2,2011-10-12
26,3,2011-10-12
58,2,2011-10-12
18,5,2011-10-12
18,2,2011-10-12
18,2,2011-10-12
3,2,2011-10-12
22,2,2011-10-12
43,2,2011-10-12
50,2,2011-10-12
65,6,2011-10-12
60,2,2011-10-12
28,2,2011-10-12
43,15,2011-10-12
9,2,2011-10-12
51,2,2011-10-12
35,2,2011-10-12
7,2,2011-10-12
21,2,2011-10-12
37,2,2011-10-12
64,2,2011-10-12
71,2,2011-10-12
59,2,2011-10-12
37,2,2011-10-12
63,2,2011-10-12
72,6,2011-10-12
36,2,2011-10-12
7,2,2011-10-12
72,6,2011-10-12
9,2,2011-10-12
12,2,2011-10-12
49,2,2011-10-12
72,6,2011-10-12
84,2,2011-10-12
77,2,2011-10-12
56,2,2011-10-12
59,2,2011-10-12
26,3,2011-10-12
73,2,2011-10-12
64,2,2011-10-12
74,2,2011-10-12
72,6,2011-10-12
43,15,2011-10-12
60,2,2011-10-12
75,2,2011-10-12
77,2,2011-10-12
61,2,2011-10-12
75,1,2011-10-12
48,2,2011-10-12
74,2,2011-10-12
72,6,2011-10-12
43,15,2011-10-12
14,16,2011-10-12
64,16,2011-10-12
43,15,2011-10-12
65,16,2011-10-12
79,16,2011-10-12
81,16,2011-10-12
83,16,2011-10-12
50,16,2011-10-12
87,2,2011-10-12
86,2,2011-10-12
14,2,2011-10-12
70,2,2011-10-12
55,2,2011-10-12
89,2,2011-10-12
54,2,2011-10-12
87,2,2011-10-12
90,2,2011-10-12
74,2,2011-10-12
10,2,2011-10-12
90,2,2011-10-12
69,3,2011-10-12
35,3,2011-10-12
1,3,2011-10-12
53,1,2011-10-12
60,1,2011-10-12
96,2,2011-10-12
50,2,2011-10-12
64,2,2011-10-12
43,2,2011-10-12
74,6,2011-10-12
74,6,2011-10-12
74,3,2011-10-12
87,2,2011-10-12
22,3,2011-10-12
89,2,2011-10-12
61,1,2011-10-12
23,2,2011-10-12
36,2,2011-10-12
52,2,2011-10-12
10,2,2011-10-12
98,2,2011-10-12
97,2,2011-10-12
97,2,2011-10-12
94,2,2011-10-12
87,2,2011-10-12
96,2,2011-10-12
90,2,2011-10-12
99,2,2011-10-12
64,2,2011-10-12
71,2,2011-10-12
100,2,2011-10-12
36,16,2011-10-12
25,2,2011-10-12
89,16,2011-10-12
100,2,2011-10-12
74,15,2011-10-12
74,6,2011-10-12
100,1,2011-10-12
100,2,2011-10-12
4,2,2011-10-12
11,2,2011-10-12
102,2,2011-10-12
99,2,2011-10-12
101,2,2011-10-12
102,2,2011-10-12
103,2,2011-10-12
103,2,2011-10-12
105,2,2011-10-12
97,2,2011-10-12
106,2,2011-10-12
107,2,2011-10-12
103,2,2011-10-12
109,2,2011-10-12
110,2,2011-10-12
104,6,2011-10-12
104,3,2011-10-12
43,15,2011-10-12
108,2,2011-10-12
104,6,2011-10-12
106,3,2011-10-12
88,2,2011-10-12
88,1,2011-10-12
73,5,2011-10-12
105,16,2011-10-12
107,2,2011-10-12
104,6,2011-10-12
99,2,2011-10-12
111,2,2011-10-12
91,2,2011-10-12
67,2,2011-10-12
29,2,2011-10-12
102,2,2011-10-12
113,2,2011-10-12
85,2,2011-10-12
77,2,2011-10-12
99,2,2011-10-12
110,3,2011-10-12
107,3,2011-10-12
109,3,2011-10-12
88,2,2011-10-12
89,2,2011-10-12
101,2,2011-10-12
84,2,2011-10-12
93,2,2011-10-12
104,6,2011-10-12
64,2,2011-10-12
112,2,2011-10-12
114,2,2011-10-12
107,2,2011-10-12
104,2,2011-10-12
52,2,2011-10-12
36,5,2011-10-12
111,2,2011-10-12
103,2,2011-10-12
63,2,2011-10-12
23,2,2011-10-12
30,2,2011-10-12
12,2,2011-10-12
12,5,2011-10-12
26,2,2011-10-12
118,2,2011-10-12
122,2,2011-10-12
120,2,2011-10-12
121,2,2011-10-12
101,2,2011-10-12
9,2,2011-10-13
118,6,2011-10-13
38,2,2011-10-13
111,2,2011-10-13
112,2,2011-10-13
104,2,2011-10-13
121,2,2011-10-13
121,2,2011-10-13
121,3,2011-10-13
118,3,2011-10-13
120,3,2011-10-13
118,3,2011-10-13
118,6,2011-10-13
121,3,2011-10-13
101,2,2011-10-13
98,2,2011-10-13
98,5,2011-10-13
24,2,2011-10-13
103,2,2011-10-13
99,2,2011-10-13
102,2,2011-10-13
38,2,2011-10-13
118,6,2011-10-13
9,3,2011-10-13
101,2,2011-10-13
88,2,2011-10-13
37,2,2011-10-13
43,2,2011-10-13
59,2,2011-10-13
1,3,2011-10-13
47,3,2011-10-13
84,2,2011-10-13
121,2,2011-10-13
94,2,2011-10-13
100,2,2011-10-13
69,10,2011-10-13
104,6,2011-10-13
99,2,2011-10-13
98,2,2011-10-13
97,2,2011-10-13
120,2,2011-10-13
122,2,2011-10-13
10,2,2011-10-13
3,2,2011-10-13
99,2,2011-10-13
125,2,2011-10-13
111,2,2011-10-13
94,2,2011-10-13
102,2,2011-10-13
90,2,2011-10-13
96,2,2011-10-13
87,2,2011-10-13
103,2,2011-10-13
106,2,2011-10-13
108,2,2011-10-13
110,2,2011-10-13
71,2,2011-10-13
84,2,2011-10-13
120,3,2011-10-13
118,6,2011-10-13
126,2,2011-10-13
103,2,2011-10-13
119,2,2011-10-13
11,2,2011-10-13
34,2,2011-10-13
128,2,2011-10-13
48,2,2011-10-13
124,2,2011-10-13
128,2,2011-10-13
119,2,2011-10-13
71,2,2011-10-13
40,2,2011-10-13
70,2,2011-10-13
55,2,2011-10-13
67,2,2011-10-13
130,3,2011-10-13
129,3,2011-10-13
118,3,2011-10-13
130,2,2011-10-13
118,10,2011-10-13
128,1,2011-10-13
27,2,2011-10-13
32,2,2011-10-13
63,2,2011-10-13
104,7,2011-10-13
97,2,2011-10-13
133,6,2011-10-13
134,6,2011-10-13
133,3,2011-10-13
134,3,2011-10-13
125,2,2011-10-13
126,2,2011-10-13
133,2,2011-10-13
38,16,2011-10-13
94,16,2011-10-13
101,16,2011-10-13
102,16,2011-10-13
105,16,2011-10-13
1,2,2011-10-13
1,5,2011-10-13
5,2,2011-10-13
2,2,2011-10-13
2,5,2011-10-13
135,2,2011-10-13
138,3,2011-10-13
135,5,2011-10-13
133,3,2011-10-13
136,6,2011-10-13
137,2,2011-10-13
136,3,2011-10-13
135,2,2011-10-13
138,2,2011-10-13
97,2,2011-10-13
124,2,2011-10-13
101,2,2011-10-13
128,2,2011-10-13
136,6,2011-10-13
126,2,2011-10-13
127,2,2011-10-13
133,6,2011-10-13
134,6,2011-10-13
136,2,2011-10-13
133,6,2011-10-13
134,3,2011-10-13
139,2,2011-10-13
136,6,2011-10-13
136,3,2011-10-13
137,2,2011-10-13
139,2,2011-10-13
139,2,2011-10-13
97,2,2011-10-13
94,2,2011-10-13
140,2,2011-10-13
140,2,2011-10-13
140,2,2011-10-13
139,2,2011-10-13
136,6,2011-10-13
141,2,2011-10-13
140,2,2011-10-13
135,2,2011-10-13
137,2,2011-10-13
139,2,2011-10-13
13,2,2011-10-13
88,2,2011-10-13
73,2,2011-10-13
141,2,2011-10-13
101,2,2011-10-13
137,2,2011-10-13
136,6,2011-10-13
27,2,2011-10-13
32,2,2011-10-13
55,2,2011-10-13
94,2,2011-10-13
102,2,2011-10-13
40,2,2011-10-13
66,2,2011-10-13
70,2,2011-10-13
50,2,2011-10-13
67,2,2011-10-13
140,2,2011-10-13
91,2,2011-10-13
14,2,2011-10-13
39,2,2011-10-13
77,2,2011-10-13
85,2,2011-10-13
68,2,2011-10-13
113,2,2011-10-13
140,2,2011-10-13
142,2,2011-10-13
143,2,2011-10-13
135,2,2011-10-13
143,2,2011-10-13
143,2,2011-10-13
137,2,2011-10-13
85,2,2011-10-13
13,3,2011-10-13
84,2,2011-10-13
14,3,2011-10-13
27,3,2011-10-13
50,3,2011-10-13
89,2,2011-10-13
141,2,2011-10-13
2,3,2011-10-13
126,2,2011-10-13
22,3,2011-10-13
142,2,2011-10-13
31,3,2011-10-13
104,3,2011-10-13
105,2,2011-10-13
74,3,2011-10-13
131,2,2011-10-13
47,15,2011-10-13
11,2,2011-10-13
129,3,2011-10-13
47,10,2011-10-13
65,2,2011-10-13
128,2,2011-10-13
110,2,2011-10-13
143,2,2011-10-13
139,2,2011-10-13
108,2,2011-10-13
41,10,2011-10-13
142,2,2011-10-13
18,2,2011-10-13
9,5,2011-10-13
9,2,2011-10-13
99,2,2011-10-13
99,5,2011-10-13
131,2,2011-10-13
131,2,2011-10-13
53,2,2011-10-13
12,5,2011-10-13
53,2,2011-10-13
35,2,2011-10-13
25,2,2011-10-13
146,2,2011-10-13
144,2,2011-10-13
90,1,2011-10-13
135,2,2011-10-13
140,5,2011-10-13
146,5,2011-10-13
71,2,2011-10-13
134,3,2011-10-13
121,5,2011-10-14
142,1,2011-10-14
145,2,2011-10-14
147,2,2011-10-14
148,2,2011-10-14
149,2,2011-10-14
100,2,2011-10-14
97,2,2011-10-14
134,2,2011-10-14
139,2,2011-10-14
119,2,2011-10-14
9,2,2011-10-14
134,2,2011-10-14
148,2,2011-10-14
149,2,2011-10-14
27,2,2011-10-14
146,2,2011-10-14
129,3,2011-10-14
152,2,2011-10-14
150,2,2011-10-14
150,5,2011-10-14
149,2,2011-10-14
148,2,2011-10-14
148,1,2011-10-14
125,2,2011-10-14
139,2,2011-10-14
136,7,2011-10-14
145,2,2011-10-14
150,2,2011-10-14
140,2,2011-10-14
153,2,2011-10-14
32,2,2011-10-14
154,2,2011-10-14
155,2,2011-10-14
149,2,2011-10-14
157,6,2011-10-14
153,2,2011-10-14
131,2,2011-10-14
150,2,2011-10-14
147,2,2011-10-14
15,2,2011-10-14
144,2,2011-10-14
9,2,2011-10-14
20,2,2011-10-14
29,2,2011-10-14
113,2,2011-10-14
134,2,2011-10-14
131,2,2011-10-14
147,2,2011-10-14
159,2,2011-10-14
137,2,2011-10-14
148,2,2011-10-14
160,2,2011-10-14
56,1,2011-10-14
64,5,2011-10-14
71,5,2011-10-14
146,5,2011-10-14
157,2,2011-10-14
158,2,2011-10-14
157,2,2011-10-14
143,5,2011-10-14
145,2,2011-10-14
102,1,2011-10-14
102,2,2011-10-14
149,2,2011-10-14
161,6,2011-10-14
161,3,2011-10-14
161,3,2011-10-14
121,3,2011-10-14
161,10,2011-10-14
36,2,2011-10-14
159,2,2011-10-14
153,2,2011-10-14
140,2,2011-10-14
145,2,2011-10-14
130,2,2011-10-14
162,6,2011-10-14
12,5,2011-10-14
162,6,2011-10-14
162,3,2011-10-14
162,10,2011-10-14
134,6,2011-10-14
134,3,2011-10-14
165,2,2011-10-14
156,3,2011-10-14
135,3,2011-10-14
163,2,2011-10-14
157,2,2011-10-14
134,2,2011-10-15
139,16,2011-10-15
157,16,2011-10-15
135,3,2011-10-15
136,3,2011-10-15
129,3,2011-10-15
139,2,2011-10-15
140,2,2011-10-15
140,5,2011-10-15
71,2,2011-10-15
137,2,2011-10-15
157,2,2011-10-15
159,2,2011-10-15
72,10,2011-10-15
167,2,2011-10-15
168,2,2011-10-15
112,2,2011-10-15
106,2,2011-10-15
125,2,2011-10-15
168,2,2011-10-15
166,2,2011-10-15
12,2,2011-10-15
171,2,2011-10-15
173,2,2011-10-15
140,2,2011-10-15
173,2,2011-10-15
94,5,2011-10-15
94,2,2011-10-15
140,2,2011-10-15
140,5,2011-10-15
180,2,2011-10-15
181,2,2011-10-15
179,2,2011-10-15
182,2,2011-10-15
178,2,2011-10-15
183,2,2011-10-15
179,5,2011-10-15
181,2,2011-10-15
183,2,2011-10-15
182,2,2011-10-15
6,2,2011-10-15
37,2,2011-10-15
182,2,2011-10-15
183,2,2011-10-15
185,2,2011-10-15
179,2,2011-10-15
179,2,2011-10-15
180,2,2011-10-15
164,2,2011-10-15
186,2,2011-10-15
21,2,2011-10-15
25,2,2011-10-15
53,2,2011-10-15
55,1,2011-10-15
23,2,2011-10-15
23,1,2011-10-15
63,2,2011-10-15
53,2,2011-10-15
179,2,2011-10-15
156,3,2011-10-15
190,2,2011-10-15
133,3,2011-10-15
104,3,2011-10-15
181,2,2011-10-15
154,2,2011-10-15
24,2,2011-10-15
189,2,2011-10-15
194,2,2011-10-15
188,2,2011-10-15
186,2,2011-10-15
172,2,2011-10-15
187,2,2011-10-15
186,2,2011-10-15
143,2,2011-10-15
126,2,2011-10-15
188,2,2011-10-15
196,2,2011-10-15
189,2,2011-10-15
73,3,2011-10-15
194,2,2011-10-15
172,2,2011-10-15
103,5,2011-10-15
103,2,2011-10-15
181,2,2011-10-15
192,6,2011-10-15
193,2,2011-10-15
197,2,2011-10-15
154,2,2011-10-15
154,5,2011-10-15
190,2,2011-10-15
125,2,2011-10-15
125,1,2011-10-15
197,2,2011-10-16
203,2,2011-10-16
179,5,2011-10-16
87,5,2011-10-16
188,2,2011-10-16
184,2,2011-10-16
98,5,2011-10-16
198,2,2011-10-16
167,16,2011-10-16
192,2,2011-10-16
202,2,2011-10-16
191,2,2011-10-16
190,2,2011-10-16
171,2,2011-10-16
179,2,2011-10-16
179,5,2011-10-16
202,2,2011-10-16
196,2,2011-10-16
204,2,2011-10-16
184,2,2011-10-16
188,2,2011-10-16
181,2,2011-10-16
89,2,2011-10-16
195,2,2011-10-16
158,1,2011-10-16
196,2,2011-10-16
204,2,2011-10-16
187,2,2011-10-16
168,2,2011-10-16
169,2,2011-10-16
179,2,2011-10-16
183,2,2011-10-16
193,2,2011-10-16
185,2,2011-10-16
182,2,2011-10-16
186,2,2011-10-16
95,2,2011-10-16
204,2,2011-10-16
180,2,2011-10-16
140,3,2011-10-16
173,1,2011-10-16
208,3,2011-10-16
208,3,2011-10-16
208,6,2011-10-16
208,3,2011-10-16
208,6,2011-10-16
206,2,2011-10-16
40,2,2011-10-16
40,5,2011-10-16
208,3,2011-10-16
208,6,2011-10-16
192,15,2011-10-16
164,16,2011-10-16
178,16,2011-10-16
188,16,2011-10-16
195,16,2011-10-16
196,16,2011-10-16
200,16,2011-10-16
209,16,2011-10-16
210,16,2011-10-16
211,16,2011-10-16
212,16,2011-10-16
136,10,2011-10-16
245,2,2011-10-16
167,2,2011-10-16
135,2,2011-10-16
179,2,2011-10-16
19,3,2011-10-16
202,2,2011-10-16
203,2,2011-10-16
246,2,2011-10-17
208,3,2011-10-17
49,5,2011-10-17
49,2,2011-10-17
203,3,2011-10-17
167,2,2011-10-17
187,2,2011-10-17
168,2,2011-10-17
245,2,2011-10-17
169,2,2011-10-17
207,2,2011-10-17
167,5,2011-10-17
179,2,2011-10-17
89,2,2011-10-17
179,16,2011-10-17
188,2,2011-10-17
181,2,2011-10-17
164,2,2011-10-17
150,2,2011-10-17
148,2,2011-10-17
139,2,2011-10-17
149,2,2011-10-17
126,2,2011-10-17
32,2,2011-10-17
186,2,2011-10-17
246,2,2011-10-17
180,2,2011-10-17
245,2,2011-10-17
245,1,2011-10-17
32,2,2011-10-17
32,1,2011-10-17
155,2,2011-10-17
248,10,2011-10-17
179,5,2011-10-17
187,3,2011-10-17
197,2,2011-10-17
250,2,2011-10-17
187,3,2011-10-17
166,2,2011-10-17
197,2,2011-10-17
250,2,2011-10-17
198,2,2011-10-17
250,2,2011-10-17
187,2,2011-10-17
245,2,2011-10-17
167,5,2011-10-17
138,3,2011-10-17
252,3,2011-10-17
251,2,2011-10-17
253,2,2011-10-17
245,2,2011-10-17
253,2,2011-10-17
252,2,2011-10-17
255,2,2011-10-17
187,2,2011-10-17
197,2,2011-10-17
213,16,2011-10-17
214,16,2011-10-17
215,16,2011-10-17
216,16,2011-10-17
217,16,2011-10-17
218,16,2011-10-17
219,16,2011-10-17
220,16,2011-10-17
221,16,2011-10-17
222,16,2011-10-17
223,16,2011-10-17
224,16,2011-10-17
225,16,2011-10-17
226,16,2011-10-17
227,16,2011-10-17
228,16,2011-10-17
229,16,2011-10-17
230,16,2011-10-17
231,16,2011-10-17
232,16,2011-10-17
233,16,2011-10-17
234,16,2011-10-17
235,16,2011-10-17
236,16,2011-10-17
237,16,2011-10-17
238,16,2011-10-17
239,16,2011-10-17
240,16,2011-10-17
241,16,2011-10-17
242,16,2011-10-17
252,3,2011-10-17
246,3,2011-10-17
246,16,2011-10-17
243,16,2011-10-17
244,16,2011-10-17
253,2,2011-10-17
142,2,2011-10-17
192,6,2011-10-17
245,2,2011-10-17
251,2,2011-10-17
252,3,2011-10-17
179,2,2011-10-17
179,5,2011-10-17
188,2,2011-10-17
181,2,2011-10-17
256,2,2011-10-17
256,1,2011-10-17
149,2,2011-10-17
139,2,2011-10-17
257,2,2011-10-17
246,2,2011-10-17
258,2,2011-10-17
259,2,2011-10-17
260,2,2011-10-17
260,2,2011-10-17
262,2,2011-10-17
260,2,2011-10-17
258,2,2011-10-17
260,2,2011-10-17
258,2,2011-10-17
261,10,2011-10-17
259,2,2011-10-17
246,2,2011-10-17
56,2,2011-10-17
89,2,2011-10-17
262,2,2011-10-17
259,2,2011-10-17
155,2,2011-10-17
263,2,2011-10-18
255,2,2011-10-18
1,15,2011-10-18
259,2,2011-10-18
259,2,2011-10-18
263,2,2011-10-18
255,2,2011-10-18
249,2,2011-10-18
265,2,2011-10-18
184,2,2011-10-18
259,2,2011-10-18
262,2,2011-10-18
183,2,2011-10-18
185,2,2011-10-18
193,2,2011-10-18
179,2,2011-10-18
186,2,2011-10-18
259,2,2011-10-18
268,2,2011-10-18
269,3,2011-10-18
270,2,2011-10-18
269,3,2011-10-18
259,5,2011-10-18
259,2,2011-10-18
268,3,2011-10-18
262,2,2011-10-18
179,2,2011-10-18
179,5,2011-10-18
270,2,2011-10-18
269,2,2011-10-18
13,2,2011-10-18
263,2,2011-10-18
262,2,2011-10-18
246,2,2011-10-18
269,3,2011-10-18
266,2,2011-10-18
266,2,2011-10-18
271,2,2011-10-18
259,2,2011-10-18
270,2,2011-10-18
272,2,2011-10-18
272,2,2011-10-18
259,2,2011-10-18
268,3,2011-10-18
178,2,2011-10-18
269,3,2011-10-18
270,2,2011-10-18
187,3,2011-10-18
129,3,2011-10-18
120,3,2011-10-18
74,3,2011-10-18
121,3,2011-10-18
264,2,2011-10-18
203,3,2011-10-18
180,2,2011-10-18
111,1,2011-10-18
138,3,2011-10-18
173,2,2011-10-18
134,3,2011-10-18
134,6,2011-10-18
156,3,2011-10-18
12,3,2011-10-18
180,1,2011-10-18
263,2,2011-10-18
259,2,2011-10-18
31,7,2011-10-18
70,2,2011-10-18
246,2,2011-10-18
272,2,2011-10-18
203,2,2011-10-18
12,2,2011-10-18
58,1,2011-10-18
250,2,2011-10-18
36,5,2011-10-18
156,3,2011-10-18
274,2,2011-10-18
15,2,2011-10-18
24,2,2011-10-18
269,16,2011-10-18
276,2,2011-10-18
198,2,2011-10-18
186,2,2011-10-18
129,2,2011-10-18
264,2,2011-10-18
264,1,2011-10-18
276,2,2011-10-18
277,2,2011-10-18
276,2,2011-10-18
258,2,2011-10-18
260,2,2011-10-18
278,2,2011-10-18
269,2,2011-10-18
245,2,2011-10-18
134,6,2011-10-18
140,2,2011-10-18
279,2,2011-10-18
280,2,2011-10-18
280,2,2011-10-18
270,3,2011-10-19
179,3,2011-10-19
154,2,2011-10-19
282,2,2011-10-19
269,2,2011-10-19
172,2,2011-10-19
282,2,2011-10-19
269,3,2011-10-19
283,2,2011-10-19
284,2,2011-10-19
58,2,2011-10-19
58,2,2011-10-19
283,2,2011-10-19
285,2,2011-10-19
257,2,2011-10-19
260,2,2011-10-19
258,2,2011-10-19
284,2,2011-10-19
142,2,2011-10-19
202,2,2011-10-19
283,3,2011-10-19
283,6,2011-10-19
283,3,2011-10-19
283,6,2011-10-19
283,3,2011-10-19
156,3,2011-10-19
283,6,2011-10-19
283,3,2011-10-19
283,6,2011-10-19
137,2,2011-10-19
37,2,2011-10-19
16,2,2011-10-19
29,2,2011-10-19
249,2,2011-10-19
283,6,2011-10-19
270,2,2011-10-19
24,2,2011-10-19
287,2,2011-10-19
281,2,2011-10-19
287,2,2011-10-19
57,2,2011-10-19
58,2,2011-10-19
269,3,2011-10-19
38,2,2011-10-19
142,2,2011-10-19
287,2,2011-10-19
202,2,2011-10-19
278,2,2011-10-20
287,2,2011-10-20
288,2,2011-10-20
58,2,2011-10-20
57,2,2011-10-20
208,10,2011-10-20
163,5,2011-10-20
288,2,2011-10-20
288,2,2011-10-20
275,2,2011-10-20
250,2,2011-10-20
250,1,2011-10-20
290,6,2011-10-20
290,2,2011-10-20
290,6,2011-10-20
289,2,2011-10-20
290,6,2011-10-20
290,3,2011-10-20
290,6,2011-10-20
40,2,2011-10-20
276,2,2011-10-20
290,6,2011-10-21
287,2,2011-10-21
289,2,2011-10-21
289,5,2011-10-21
290,3,2011-10-21
287,2,2011-10-21
87,2,2011-10-21
135,2,2011-10-21
292,3,2011-10-21
293,3,2011-10-21
294,2,2011-10-21
292,2,2011-10-21
140,2,2011-10-21
179,3,2011-10-21
292,2,2011-10-21
287,2,2011-10-21
288,2,2011-10-21
293,6,2011-10-21
292,2,2011-10-21
250,2,2011-10-21
187,2,2011-10-21
173,2,2011-10-21
138,3,2011-10-21
292,2,2011-10-21
300,6,2011-10-21
299,2,2011-10-21
192,15,2011-10-21
120,15,2011-10-21
38,3,2011-10-21
291,1,2011-10-21
300,6,2011-10-21
296,2,2011-10-21
299,2,2011-10-21
265,2,2011-10-21
266,2,2011-10-21
271,2,2011-10-21
27,2,2011-10-21
155,2,2011-10-21
187,2,2011-10-21
197,2,2011-10-21
198,2,2011-10-21
247,2,2011-10-21
267,2,2011-10-21
268,2,2011-10-21
140,2,2011-10-21
140,5,2011-10-21
301,2,2011-10-21
293,6,2011-10-21
289,15,2011-10-21
289,15,2011-10-21
289,16,2011-10-21
1,15,2011-10-21
293,6,2011-10-21
293,10,2011-10-21
257,2,2011-10-21
260,2,2011-10-21
38,2,2011-10-21
300,2,2011-10-21
300,6,2011-10-21
262,1,2011-10-22
48,1,2011-10-22
48,2,2011-10-22
15,1,2011-10-22
300,6,2011-10-22
262,2,2011-10-22
269,2,2011-10-22
179,2,2011-10-22
186,2,2011-10-22
289,2,2011-10-22
302,2,2011-10-22
95,2,2011-10-22
279,2,2011-10-22
279,1,2011-10-22
195,2,2011-10-22
85,2,2011-10-22
85,1,2011-10-22
302,2,2011-10-22
302,5,2011-10-22
289,2,2011-10-22
303,2,2011-10-22
57,2,2011-10-23
289,2,2011-10-23
299,2,2011-10-23
303,2,2011-10-23
304,2,2011-10-23
292,2,2011-10-23
107,1,2011-10-23
310,2,2011-10-24
309,2,2011-10-24
288,2,2011-10-24
296,2,2011-10-24
287,2,2011-10-24
295,2,2011-10-24
308,2,2011-10-24
123,2,2011-10-24
309,2,2011-10-24
310,2,2011-10-24
311,2,2011-10-24
307,2,2011-10-24
308,2,2011-10-24
312,2,2011-10-24
304,2,2011-10-24
302,2,2011-10-24
299,2,2011-10-24
303,2,2011-10-24
302,2,2011-10-24
309,6,2011-10-24
303,2,2011-10-24
98,2,2011-10-24
310,2,2011-10-24
312,2,2011-10-24
309,6,2011-10-24
309,6,2011-10-24
292,2,2011-10-24
310,2,2011-10-24
311,2,2011-10-24
312,2,2011-10-24
188,2,2011-10-25
188,1,2011-10-25
303,2,2011-10-25
299,5,2011-10-25
19,2,2011-10-25
48,2,2011-10-25
303,2,2011-10-25
315,2,2011-10-25
188,2,2011-10-25
317,2,2011-10-25
315,2,2011-10-25
316,2,2011-10-25
312,2,2011-10-25
316,2,2011-10-25
316,2,2011-10-25
316,1,2011-10-25
312,1,2011-10-25
11,1,2011-10-25
313,2,2011-10-25
181,5,2011-10-25
181,2,2011-10-25
178,2,2011-10-25
286,2,2011-10-25
44,2,2011-10-25
323,2,2011-10-25
62,3,2011-10-25
17,2,2011-10-25
24,2,2011-10-25
271,2,2011-10-25
318,2,2011-10-25
266,2,2011-10-25
271,2,2011-10-25
319,2,2011-10-25
284,1,2011-10-25
306,2,2011-10-25
306,5,2011-10-25
10,1,2011-10-25
306,2,2011-10-25
326,2,2011-10-25
318,2,2011-10-25
321,2,2011-10-25
306,5,2011-10-25
306,2,2011-10-25
327,2,2011-10-25
328,1,2011-10-25
321,2,2011-10-26
178,16,2011-10-26
239,16,2011-10-26
240,16,2011-10-26
246,16,2011-10-26
250,16,2011-10-26
318,16,2011-10-26
327,16,2011-10-26
322,2,2011-10-26
319,2,2011-10-26
90,2,2011-10-26
292,5,2011-10-26
328,2,2011-10-26
128,2,2011-10-26
328,2,2011-10-26
329,2,2011-10-26
328,2,2011-10-26
327,2,2011-10-26
316,2,2011-10-26
315,2,2011-10-26
319,2,2011-10-26
329,2,2011-10-26
329,2,2011-10-26
245,2,2011-10-26
146,2,2011-10-26
269,2,2011-10-26
282,2,2011-10-26
179,2,2011-10-26
179,5,2011-10-26
138,2,2011-10-26
329,2,2011-10-26
187,2,2011-10-26
250,2,2011-10-26
329,2,2011-10-26
315,2,2011-10-26
89,2,2011-10-26
328,2,2011-10-26
250,2,2011-10-26
332,2,2011-10-26
34,2,2011-10-26
333,2,2011-10-26
334,2,2011-10-26
335,3,2011-10-26
144,2,2011-10-26
296,1,2011-10-26
337,2,2011-10-26
143,2,2011-10-26
337,2,2011-10-27
295,2,2011-10-27
338,1,2011-10-27
340,2,2011-10-27
335,3,2011-10-27
338,2,2011-10-27
337,2,2011-10-27
95,3,2011-10-27
341,6,2011-10-27
341,3,2011-10-27
276,2,2011-10-27
341,3,2011-10-27
347,2,2011-10-27
320,10,2011-10-27
347,3,2011-10-27
341,3,2011-10-27
166,1,2011-10-27
350,2,2011-10-27
345,2,2011-10-27
349,2,2011-10-27
351,2,2011-10-27
351,1,2011-10-27
336,2,2011-10-27
269,2,2011-10-27
351,2,2011-10-27
346,2,2011-10-27
350,1,2011-10-27
353,2,2011-10-27
345,2,2011-10-27
341,6,2011-10-27
337,2,2011-10-28
338,2,2011-10-28
339,2,2011-10-28
351,2,2011-10-28
355,6,2011-10-28
355,3,2011-10-28
351,2,2011-10-28
355,6,2011-10-28
355,3,2011-10-28
355,2,2011-10-28
358,6,2011-10-28
358,3,2011-10-28
179,2,2011-10-28
179,5,2011-10-28
355,3,2011-10-28
358,3,2011-10-28
358,6,2011-10-28
358,3,2011-10-28
355,6,2011-10-28
358,3,2011-10-28
355,3,2011-10-28
355,3,2011-10-28
260,2,2011-10-28
298,2,2011-10-28
360,2,2011-10-28
326,2,2011-10-28
358,3,2011-10-28
341,10,2011-10-28
355,15,2011-10-28
51,1,2011-10-28
317,2,2011-10-28
358,6,2011-10-29
362,2,2011-10-29
355,10,2011-10-29
203,2,2011-10-29
164,2,2011-10-29
269,2,2011-10-29
164,2,2011-10-29
364,2,2011-10-29
366,2,2011-10-29
342,2,2011-10-29
361,2,2011-10-29
351,2,2011-10-29
366,2,2011-10-29
366,2,2011-10-29
365,2,2011-10-29
347,3,2011-10-29
366,2,2011-10-29
369,2,2011-10-29
368,3,2011-10-29
370,2,2011-10-29
364,2,2011-10-29
366,2,2011-10-29
370,2,2011-10-29
369,2,2011-10-29
364,3,2011-10-29
364,2,2011-10-29
366,2,2011-10-29
345,2,2011-10-29
339,2,2011-10-29
303,2,2011-10-29
266,2,2011-10-29
267,2,2011-10-29
17,2,2011-10-29
24,2,2011-10-29
284,2,2011-10-29
277,2,2011-10-29
276,2,2011-10-29
350,2,2011-10-29
366,16,2011-10-29
312,2,2011-10-29
308,2,2011-10-29
372,2,2011-10-29
187,2,2011-10-29
58,2,2011-10-29
372,2,2011-10-29
373,2,2011-10-29
364,2,2011-10-29
373,2,2011-10-29
363,2,2011-10-29
59,1,2011-10-29
171,1,2011-10-29
67,1,2011-10-29
366,2,2011-10-29
370,2,2011-10-29
364,2,2011-10-29
371,2,2011-10-29
375,2,2011-10-29
368,2,2011-10-29
367,2,2011-10-29
374,2,2011-10-29
368,2,2011-10-30
377,3,2011-10-30
368,2,2011-10-30
364,2,2011-10-30
366,2,2011-10-30
369,2,2011-10-30
375,2,2011-10-30
370,2,2011-10-30
366,2,2011-10-30
372,2,2011-10-30
365,2,2011-10-30
366,2,2011-10-30
377,3,2011-10-30
377,3,2011-10-30
44,2,2011-10-30
374,16,2011-10-30
374,2,2011-10-30
376,2,2011-10-30
374,2,2011-10-30
377,2,2011-10-30
358,16,2011-10-30
374,2,2011-10-30
101,2,2011-10-30
378,2,2011-10-30
373,2,2011-10-30
370,2,2011-10-30
379,2,2011-10-30
62,2,2011-10-30
371,3,2011-10-30
179,5,2011-10-30
381,2,2011-10-30
380,2,2011-10-30
326,1,2011-10-30
306,16,2011-10-30
366,1,2011-10-30
167,5,2011-10-31
168,2,2011-10-31
358,6,2011-10-31
339,16,2011-10-31
332,16,2011-10-31
332,15,2011-10-31
187,16,2011-10-31
275,16,2011-10-31
388,2,2011-10-31
383,16,2011-10-31
391,2,2011-10-31
389,2,2011-10-31
391,3,2011-10-31
393,3,2011-10-31
395,2,2011-10-31
389,2,2011-10-31
387,2,2011-10-31
345,2,2011-10-31
388,2,2011-10-31
377,2,2011-10-31
396,2,2011-10-31
392,2,2011-10-31
396,2,2011-10-31
396,1,2011-10-31
392,16,2011-10-31
392,2,2011-10-31
385,2,2011-10-31
388,2,2011-10-31
397,2,2011-10-31
392,2,2011-10-31
396,2,2011-10-31
342,2,2011-10-31
399,2,2011-10-31
84,2,2011-10-31
185,2,2011-10-31
186,2,2011-10-31
398,2,2011-10-31
399,1,2011-10-31
387,2,2011-10-31
387,1,2011-10-31
390,2,2011-10-31
383,2,2011-10-31
388,2,2011-10-31
346,2,2011-10-31
49,2,2011-10-31
56,2,2011-10-31
350,2,2011-10-31
363,2,2011-10-31
280,2,2011-10-31
391,2,2011-10-31
393,2,2011-10-31
389,2,2011-10-31
395,2,2011-10-31
394,2,2011-10-31
135,2,2011-10-31
137,2,2011-10-31
145,2,2011-10-31
245,2,2011-10-31
167,2,2011-10-31
169,2,2011-10-31
257,2,2011-10-31
260,2,2011-10-31
258,2,2011-10-31
336,2,2011-10-31
266,2,2011-10-31
267,2,2011-10-31
255,2,2011-10-31
400,2,2011-10-31
400,2,2011-10-31
402,2,2011-10-31
52,1,2011-10-31
379,1,2011-10-31
382,2,2011-10-31
373,1,2011-10-31
389,2,2011-11-01
170,2,2011-11-01
93,2,2011-11-01
256,2,2011-11-01
311,2,2011-11-01
387,2,2011-11-01
111,2,2011-11-01
351,2,2011-11-01
400,2,2011-11-01
386,2,2011-11-01
382,2,2011-11-01
362,2,2011-11-01
99,2,2011-11-01
402,2,2011-11-01
400,2,2011-11-01
393,2,2011-11-01
3,2,2011-11-01
62,2,2011-11-01
368,1,2011-11-01
405,2,2011-11-01
400,2,2011-11-01
404,2,2011-11-01
179,5,2011-11-01
339,5,2011-11-01
405,3,2011-11-01
401,3,2011-11-01
94,2,2011-11-02
84,5,2011-11-02
377,3,2011-11-02
381,2,2011-11-02
409,16,2011-11-02
401,16,2011-11-02
406,2,2011-11-02
408,2,2011-11-02
412,2,2011-11-02
402,2,2011-11-02
401,2,2011-11-02
381,2,2011-11-02
410,2,2011-11-02
411,6,2011-11-02
411,3,2011-11-02
405,3,2011-11-02
413,2,2011-11-02
412,1,2011-11-02
411,6,2011-11-02
414,2,2011-11-02
411,6,2011-11-02
411,3,2011-11-02
417,2,2011-11-02
411,6,2011-11-02
416,2,2011-11-02
417,2,2011-11-02
416,2,2011-11-02
417,2,2011-11-02
406,2,2011-11-02
416,2,2011-11-02
411,6,2011-11-02
139,2,2011-11-02
148,2,2011-11-02
411,3,2011-11-02
149,2,2011-11-02
331,2,2011-11-02
416,2,2011-11-02
417,2,2011-11-02
420,2,2011-11-02
382,3,2011-11-02
156,3,2011-11-02
187,2,2011-11-02
250,2,2011-11-02
327,16,2011-11-02
197,2,2011-11-02
84,16,2011-11-02
289,2,2011-11-02
170,2,2011-11-02
289,5,2011-11-02
348,2,2011-11-02
391,15,2011-11-02
384,3,2011-11-02
420,3,2011-11-02
380,2,2011-11-03
179,2,2011-11-03
179,5,2011-11-03
12,2,2011-11-03
53,2,2011-11-03
12,5,2011-11-03
35,2,2011-11-03
292,2,2011-11-03
344,16,2011-11-03
380,2,2011-11-03
381,2,2011-11-03
420,3,2011-11-03
421,2,2011-11-03
417,2,2011-11-03
418,2,2011-11-03
419,2,2011-11-03
99,2,2011-11-03
420,2,2011-11-03
416,3,2011-11-03
140,2,2011-11-03
22,2,2011-11-03
22,5,2011-11-03
26,2,2011-11-03
417,2,2011-11-03
420,2,2011-11-03
374,5,2011-11-03
374,2,2011-11-03
425,2,2011-11-03
428,2,2011-11-03
428,3,2011-11-03
428,3,2011-11-03
426,3,2011-11-03
428,15,2011-11-03
428,10,2011-11-03
422,2,2011-11-03
431,2,2011-11-04
416,15,2011-11-04
417,1,2011-11-04
433,2,2011-11-04
434,2,2011-11-04
433,2,2011-11-04
392,2,2011-11-04
432,2,2011-11-04
430,2,2011-11-04
111,2,2011-11-04
432,2,2011-11-04
432,2,2011-11-04
430,2,2011-11-04
430,1,2011-11-04
434,2,2011-11-04
437,2,2011-11-04
438,2,2011-11-04
439,2,2011-11-04
436,2,2011-11-04
435,2,2011-11-04
438,2,2011-11-04
440,2,2011-11-04
438,1,2011-11-04
140,2,2011-11-04
439,2,2011-11-04
298,2,2011-11-05
424,2,2011-11-05
437,2,2011-11-05
438,2,2011-11-05
440,2,2011-11-05
441,2,2011-11-05
437,2,2011-11-05
437,2,2011-11-05
438,2,2011-11-05
387,2,2011-11-05
441,2,2011-11-05
443,3,2011-11-05
438,2,2011-11-05
437,2,2011-11-05
443,2,2011-11-05
438,2,2011-11-05
440,2,2011-11-05
443,16,2011-11-05
443,2,2011-11-05
440,2,2011-11-05
443,2,2011-11-05
437,2,2011-11-05
437,5,2011-11-05
437,5,2011-11-05
438,2,2011-11-05
437,5,2011-11-05
257,5,2011-11-05
437,2,2011-11-05
15,2,2011-11-05
437,5,2011-11-05
423,5,2011-11-05
10,2,2011-11-05
437,2,2011-11-05
438,2,2011-11-05
392,2,2011-11-05
396,2,2011-11-05
448,2,2011-11-05
450,2,2011-11-05
450,2,2011-11-05
443,2,2011-11-05
448,2,2011-11-05
451,2,2011-11-05
449,2,2011-11-05
437,2,2011-11-05
443,3,2011-11-05
450,2,2011-11-05
442,2,2011-11-05
457,2,2011-11-05
452,2,2011-11-05
437,2,2011-11-05
456,2,2011-11-05
454,2,2011-11-05
457,3,2011-11-05
18,2,2011-11-05
437,2,2011-11-06
438,2,2011-11-06
448,2,2011-11-06
437,2,2011-11-06
457,2,2011-11-06
456,2,2011-11-06
438,2,2011-11-06
437,2,2011-11-06
473,3,2011-11-06
281,1,2011-11-06
281,2,2011-11-06
475,2,2011-11-06
456,2,2011-11-06
476,2,2011-11-06
452,2,2011-11-06
410,2,2011-11-06
74,2,2011-11-06
437,2,2011-11-06
479,2,2011-11-06
437,2,2011-11-06
444,2,2011-11-06
450,2,2011-11-06
19,2,2011-11-06
48,2,2011-11-06
437,2,2011-11-06
438,2,2011-11-06
485,2,2011-11-06
444,2,2011-11-06
87,2,2011-11-06
485,2,2011-11-06
17,2,2011-11-06
1,2,2011-11-06
396,2,2011-11-07
437,5,2011-11-07
444,2,2011-11-07
94,5,2011-11-07
452,2,2011-11-07
334,2,2011-11-07
128,2,2011-11-07
119,2,2011-11-07
486,2,2011-11-07
478,3,2011-11-07
450,2,2011-11-07
437,2,2011-11-07
437,5,2011-11-07
478,2,2011-11-07
481,2,2011-11-07
125,2,2011-11-07
114,3,2011-11-07
384,3,2011-11-07
487,2,2011-11-07
473,2,2011-11-07
427,2,2011-11-07
482,2,2011-11-07
485,2,2011-11-07
488,2,2011-11-07
487,2,2011-11-07
490,1,2011-11-07
417,2,2011-11-07
421,2,2011-11-07
420,2,2011-11-07
437,2,2011-11-07
365,2,2011-11-07
481,2,2011-11-07
3,2,2011-11-07
417,2,2011-11-07
438,2,2011-11-07
488,2,2011-11-07
486,2,2011-11-07
478,2,2011-11-07
452,2,2011-11-07
442,2,2011-11-07
451,2,2011-11-07
480,3,2011-11-07
450,2,2011-11-07
429,2,2011-11-07
490,2,2011-11-07
435,2,2011-11-07
437,2,2011-11-07
438,2,2011-11-07
489,2,2011-11-07
487,2,2011-11-07
484,3,2011-11-07
489,2,2011-11-07
481,2,2011-11-07
491,2,2011-11-07
424,2,2011-11-07
371,2,2011-11-07
63,2,2011-11-07
54,2,2011-11-07
30,2,2011-11-07
179,5,2011-11-07
452,1,2011-11-07
443,2,2011-11-08
494,3,2011-11-08
494,6,2011-11-08
493,2,2011-11-08
493,2,2011-11-08
493,5,2011-11-08
494,6,2011-11-08
493,2,2011-11-08
489,2,2011-11-08
495,2,2011-11-08
495,3,2011-11-08
438,16,2011-11-08
456,16,2011-11-08
485,16,2011-11-08
459,16,2011-11-08
467,16,2011-11-08
471,16,2011-11-08
469,16,2011-11-08
465,16,2011-11-08
461,16,2011-11-08
463,16,2011-11-08
2,5,2011-11-08
2,2,2011-11-08
1,2,2011-11-08
32,2,2011-11-08
496,3,2011-11-08
114,10,2011-11-08
478,2,2011-11-08
500,2,2011-11-08
437,2,2011-11-08
500,2,2011-11-08
500,1,2011-11-08
397,1,2011-11-08
501,2,2011-11-08
503,2,2011-11-09
498,2,2011-11-09
455,2,2011-11-09
437,2,2011-11-09
501,2,2011-11-09
473,3,2011-11-09
488,3,2011-11-09
499,2,2011-11-09
489,2,2011-11-09
485,2,2011-11-09
457,2,2011-11-09
456,2,2011-11-09
481,1,2011-11-09
501,2,2011-11-09
496,2,2011-11-09
485,2,2011-11-09
489,2,2011-11-09
473,3,2011-11-09
484,3,2011-11-09
480,3,2011-11-09
472,3,2011-11-09
485,2,2011-11-09
474,2,2011-11-09
423,2,2011-11-09
12,2,2011-11-09
327,2,2011-11-09
328,2,2011-11-09
496,16,2011-11-09
496,2,2011-11-09
456,2,2011-11-09
457,2,2011-11-09
509,2,2011-11-09
496,2,2011-11-09
508,2,2011-11-09
437,2,2011-11-09
438,2,2011-11-09
450,2,2011-11-09
508,2,2011-11-09
478,2,2011-11-09
444,2,2011-11-09
452,2,2011-11-09
485,2,2011-11-10
498,2,2011-11-10
430,2,2011-11-10
500,2,2011-11-10
493,2,2011-11-10
437,2,2011-11-10
438,2,2011-11-10
437,5,2011-11-10
510,2,2011-11-10
511,2,2011-11-10
512,6,2011-11-10
512,3,2011-11-10
502,3,2011-11-10
505,3,2011-11-10
501,2,2011-11-10
496,3,2011-11-10
496,5,2011-11-10
146,2,2011-11-10
7,2,2011-11-10
512,6,2011-11-10
512,3,2011-11-10
502,2,2011-11-10
513,2,2011-11-10
246,2,2011-11-10
427,2,2011-11-10
456,2,2011-11-10
438,2,2011-11-10
515,2,2011-11-10
97,2,2011-11-10
97,5,2011-11-10
515,2,2011-11-10
515,2,2011-11-10
516,2,2011-11-10
504,2,2011-11-10
516,2,2011-11-10
508,1,2011-11-10
512,10,2011-11-10
517,2,2011-11-10
518,2,2011-11-10
40,5,2011-11-10
99,5,2011-11-10
306,5,2011-11-10
508,2,2011-11-11
501,2,2011-11-11
506,2,2011-11-11
439,2,2011-11-11
517,2,2011-11-11
451,3,2011-11-11
505,2,2011-11-11
425,2,2011-11-11
427,2,2011-11-11
521,2,2011-11-12
520,3,2011-11-12
521,2,2011-11-12
521,2,2011-11-12
132,2,2011-11-12
522,2,2011-11-12
521,1,2011-11-12
485,2,2011-11-12
513,2,2011-11-12
514,2,2011-11-12
502,2,2011-11-12
502,5,2011-11-12
423,2,2011-11-12
482,2,2011-11-12
444,2,2011-11-12
87,2,2011-11-12
96,2,2011-11-12
526,2,2011-11-12
502,5,2011-11-13
495,2,2011-11-13
455,2,2011-11-13
533,6,2011-11-14
532,2,2011-11-14
533,6,2011-11-14
493,2,2011-11-14
534,6,2011-11-14
339,2,2011-11-14
339,5,2011-11-14
536,2,2011-11-14
339,2,2011-11-14
536,2,2011-11-14
530,2,2011-11-14
498,1,2011-11-14
450,2,2011-11-14
440,2,2011-11-14
443,2,2011-11-14
524,3,2011-11-14
272,2,2011-11-14
374,2,2011-11-14
533,16,2011-11-14
533,3,2011-11-14
537,2,2011-11-14
455,2,2011-11-15
539,2,2011-11-15
534,6,2011-11-15
85,2,2011-11-15
77,2,2011-11-15
537,2,2011-11-15
339,2,2011-11-15
532,3,2011-11-15
8,3,2011-11-15
532,2,2011-11-15
531,2,2011-11-15
540,2,2011-11-15
536,2,2011-11-15
540,1,2011-11-15
538,2,2011-11-15
538,1,2011-11-15
524,6,2011-11-15
532,2,2011-11-15
538,2,2011-11-15
488,2,2011-11-15
541,2,2011-11-15
545,16,2011-11-15
547,2,2011-11-15
547,2,2011-11-15
548,2,2011-11-15
543,2,2011-11-15
529,2,2011-11-15
511,2,2011-11-15
77,2,2011-11-15
202,2,2011-11-15
392,2,2011-11-15
396,2,2011-11-15
483,2,2011-11-15
544,1,2011-11-15
345,2,2011-11-15
339,2,2011-11-15
77,2,2011-11-15
85,2,2011-11-15
544,2,2011-11-15
547,2,2011-11-15
550,2,2011-11-15
551,6,2011-11-16
549,16,2011-11-16
530,1,2011-11-16
551,2,2011-11-16
339,2,2011-11-16
345,2,2011-11-16
542,2,2011-11-16
547,2,2011-11-16
546,2,2011-11-16
552,2,2011-11-16
549,2,2011-11-16
551,6,2011-11-16
551,3,2011-11-16
551,2,2011-11-16
533,3,2011-11-16
544,2,2011-11-16
539,2,2011-11-16
553,2,2011-11-16
388,1,2011-11-16
245,2,2011-11-16
533,6,2011-11-16
545,16,2011-11-16
533,6,2011-11-16
548,2,2011-11-16
456,2,2011-11-16
556,2,2011-11-16
190,2,2011-11-17
551,3,2011-11-17
550,2,2011-11-17
554,2,2011-11-17
533,6,2011-11-17
558,2,2011-11-17
561,2,2011-11-17
561,1,2011-11-17
562,2,2011-11-17
561,2,2011-11-17
317,2,2011-11-17
84,2,2011-11-17
562,2,2011-11-17
558,2,2011-11-17
558,1,2011-11-17
270,2,2011-11-17
282,2,2011-11-17
250,2,2011-11-17
198,2,2011-11-17
562,2,2011-11-17
46,2,2011-11-17
382,2,2011-11-17
95,2,2011-11-17
352,2,2011-11-17
89,2,2011-11-17
565,2,2011-11-17
566,2,2011-11-18
566,1,2011-11-18
561,2,2011-11-18
135,5,2011-11-18
560,2,2011-11-18
560,1,2011-11-18
568,2,2011-11-18
568,1,2011-11-18
569,2,2011-11-18
564,2,2011-11-18
575,2,2011-11-18
571,2,2011-11-18
569,2,2011-11-18
577,3,2011-11-18
575,2,2011-11-18
577,2,2011-11-18
580,2,2011-11-18
334,2,2011-11-18
572,2,2011-11-19
580,3,2011-11-19
571,2,2011-11-19
575,2,2011-11-19
549,2,2011-11-19
570,6,2011-11-19
572,5,2011-11-19
581,2,2011-11-19
572,2,2011-11-19
581,2,2011-11-19
578,2,2011-11-19
569,2,2011-11-19
575,2,2011-11-19
584,2,2011-11-19
339,2,2011-11-19
581,2,2011-11-19
529,2,2011-11-19
527,2,2011-11-19
582,5,2011-11-19
2,5,2011-11-19
1,5,2011-11-19
582,2,2011-11-19
583,2,2011-11-19
588,2,2011-11-19
583,2,2011-11-19
579,2,2011-11-19
582,2,2011-11-19
582,5,2011-11-19
179,5,2011-11-19
179,2,2011-11-19
186,2,2011-11-19
571,2,2011-11-19
571,2,2011-11-19
473,2,2011-11-19
588,2,2011-11-19
590,2,2011-11-19
590,2,2011-11-19
573,1,2011-11-19
593,2,2011-11-19
591,2,2011-11-19
591,2,2011-11-19
594,2,2011-11-20
493,2,2011-11-20
582,2,2011-11-20
583,2,2011-11-20
580,2,2011-11-20
577,2,2011-11-20
592,2,2011-11-20
582,5,2011-11-20
591,2,2011-11-20
591,1,2011-11-20
580,3,2011-11-20
545,2,2011-11-20
572,2,2011-11-20
581,2,2011-11-20
595,2,2011-11-20
591,2,2011-11-20
594,2,2011-11-20
591,2,2011-11-20
582,2,2011-11-20
595,2,2011-11-20
582,2,2011-11-20
596,2,2011-11-20
572,2,2011-11-21
592,2,2011-11-21
595,2,2011-11-21
596,2,2011-11-21
579,3,2011-11-21
582,5,2011-11-21
563,2,2011-11-21
578,2,2011-11-21
596,2,2011-11-21
594,2,2011-11-21
582,2,2011-11-21
575,2,2011-11-21
571,2,2011-11-21
404,2,2011-11-21
497,3,2011-11-21
571,2,2011-11-21
410,2,2011-11-21
597,2,2011-11-21
377,3,2011-11-21
601,2,2011-11-21
575,2,2011-11-21
569,2,2011-11-21
600,2,2011-11-21
539,2,2011-11-21
517,2,2011-11-21
583,1,2011-11-22
578,5,2011-11-22
603,3,2011-11-22
3,2,2011-11-22
55,2,2011-11-22
40,2,2011-11-22
101,2,2011-11-22
97,2,2011-11-22
139,2,2011-11-22
149,2,2011-11-22
267,2,2011-11-22
271,2,2011-11-22
604,2,2011-11-22
374,2,2011-11-22
456,2,2011-11-22
457,2,2011-11-22
585,2,2011-11-22
404,2,2011-11-22
607,2,2011-11-22
607,2,2011-11-22
607,1,2011-11-22
539,2,2011-11-22
602,2,2011-11-22
607,2,2011-11-22
608,2,2011-11-22
400,2,2011-11-23
598,2,2011-11-23
598,1,2011-11-23
609,2,2011-11-23
611,2,2011-11-23
611,1,2011-11-23
602,5,2011-11-23
610,2,2011-11-23
600,2,2011-11-23
609,2,2011-11-23
611,2,2011-11-23
585,2,2011-11-23
610,2,2011-11-23
613,2,2011-11-23
614,2,2011-11-23
612,2,2011-11-23
616,2,2011-11-23
617,3,2011-11-23
615,2,2011-11-23
617,2,2011-11-23
607,2,2011-11-23
604,2,2011-11-23
618,2,2011-11-23
437,5,2011-11-24
179,5,2011-11-24
608,2,2011-11-24
404,2,2011-11-24
608,1,2011-11-24
546,16,2011-11-24
545,16,2011-11-24
584,16,2011-11-24
520,16,2011-11-24
335,3,2011-11-24
167,2,2011-11-24
245,2,2011-11-24
168,2,2011-11-24
207,2,2011-11-24
335,2,2011-11-24
382,5,2011-11-24
503,2,2011-11-24
154,2,2011-11-24
154,5,2011-11-24
624,10,2011-11-25
623,2,2011-11-25
77,5,2011-11-25
85,2,2011-11-25
608,2,2011-11-25
625,2,2011-11-25
625,1,2011-11-25
308,2,2011-11-25
625,2,2011-11-25
473,3,2011-11-25
625,2,2011-11-25
43,2,2011-11-25
626,3,2011-11-25
541,2,2011-11-25
534,2,2011-11-25
534,5,2011-11-25
626,2,2011-11-25
607,2,2011-11-25
607,2,2011-11-25
607,2,2011-11-25
564,2,2011-11-25
585,2,2011-11-25
627,2,2011-11-25
85,16,2011-11-25
272,16,2011-11-25
623,16,2011-11-25
606,16,2011-11-25
272,2,2011-11-25
617,3,2011-11-25
596,2,2011-11-26
596,5,2011-11-26
628,3,2011-11-26
59,2,2011-11-26
559,2,2011-11-26
596,2,2011-11-27
596,5,2011-11-27
623,2,2011-11-27
630,2,2011-11-27
630,2,2011-11-27
629,2,2011-11-27
630,2,2011-11-27
629,2,2011-11-28
159,2,2011-11-28
632,2,2011-11-28
629,2,2011-11-28
630,2,2011-11-28
636,2,2011-11-28
507,15,2011-11-28
494,15,2011-11-28
507,10,2011-11-28
451,15,2011-11-28
593,16,2011-11-28
587,16,2011-11-28
620,16,2011-11-28
451,15,2011-11-28
627,3,2011-11-28
600,2,2011-11-28
494,15,2011-11-28
626,10,2011-11-28
451,10,2011-11-28
456,15,2011-11-28
456,15,2011-11-28
580,15,2011-11-28
391,15,2011-11-28
605,15,2011-11-28
635,2,2011-11-28
614,2,2011-11-28
630,2,2011-11-28
391,15,2011-11-28
621,2,2011-11-28
335,3,2011-11-28
64,2,2011-11-28
272,2,2011-11-29
638,2,2011-11-29
634,2,2011-11-29
640,2,2011-11-29
581,2,2011-11-29
294,1,2011-11-29
641,2,2011-11-29
597,2,2011-11-29
627,3,2011-11-29
644,2,2011-11-29
644,5,2011-11-29
641,3,2011-11-29
621,2,2011-11-29
641,15,2011-11-29
642,2,2011-11-29
641,2,2011-11-29
641,3,2011-11-29
642,2,2011-11-29
648,2,2011-11-30
494,6,2011-11-30
524,6,2011-11-30
5,2,2011-11-30
1,2,2011-11-30
2,2,2011-11-30
649,2,2011-11-30
366,2,2011-11-30
370,2,2011-11-30
649,2,2011-11-30
653,2,2011-11-30
495,2,2011-11-30
498,2,2011-11-30
655,2,2011-11-30
651,2,2011-11-30
649,2,2011-11-30
648,2,2011-11-30
652,16,2011-11-30
654,2,2011-11-30
655,3,2011-11-30
651,15,2011-11-30
654,2,2011-11-30
653,2,2011-11-30
648,2,2011-11-30
648,5,2011-11-30
657,2,2011-11-30
650,16,2011-11-30
631,15,2011-11-30
631,6,2011-11-30
660,2,2011-11-30
651,15,2011-11-30
643,6,2011-11-30
659,2,2011-11-30
622,2,2011-11-30
621,2,2011-11-30
602,2,2011-11-30
661,2,2011-11-30
654,2,2011-11-30
662,2,2011-12-01
661,3,2011-12-01
662,2,2011-12-01
456,2,2011-12-01
650,3,2011-12-01
657,2,2011-12-01
154,2,2011-12-01
660,2,2011-12-01
329,2,2011-12-01
546,2,2011-12-01
307,5,2011-12-01
307,2,2011-12-01
667,2,2011-12-01
670,3,2011-12-02
649,2,2011-12-02
649,1,2011-12-02
653,2,2011-12-02
654,2,2011-12-02
642,2,2011-12-02
646,2,2011-12-02
643,16,2011-12-02
307,16,2011-12-02
669,2,2011-12-02
667,2,2011-12-02
561,2,2011-12-02
663,2,2011-12-02
663,1,2011-12-02
666,2,2011-12-02
666,1,2011-12-02
654,2,2011-12-02
654,1,2011-12-02
670,2,2011-12-02
668,2,2011-12-02
667,2,2011-12-02
477,3,2011-12-02
643,3,2011-12-02
432,2,2011-12-02
670,6,2011-12-02
670,3,2011-12-02
3,2,2011-12-02
10,2,2011-12-02
62,2,2011-12-02
432,2,2011-12-02
650,2,2011-12-02
670,6,2011-12-02
657,2,2011-12-02
671,2,2011-12-02
672,2,2011-12-02
673,2,2011-12-02
8,2,2011-12-02
674,3,2011-12-02
432,2,2011-12-02
643,2,2011-12-03
649,2,2011-12-03
139,5,2011-12-03
111,2,2011-12-03
657,2,2011-12-03
659,2,2011-12-03
668,2,2011-12-03
658,2,2011-12-03
657,5,2011-12-03
674,6,2011-12-03
671,2,2011-12-03
675,1,2011-12-03
667,2,2011-12-03
676,2,2011-12-03
679,2,2011-12-03
679,2,2011-12-03
21,2,2011-12-03
680,2,2011-12-03
674,10,2011-12-03
643,6,2011-12-03
643,3,2011-12-03
673,2,2011-12-04
684,2,2011-12-04
684,3,2011-12-04
7,2,2011-12-04
21,2,2011-12-04
679,2,2011-12-04
652,2,2011-12-05
666,2,2011-12-05
59,2,2011-12-05
672,3,2011-12-05
628,2,2011-12-05
688,3,2011-12-05
688,3,2011-12-05
575,2,2011-12-05
569,2,2011-12-05
690,2,2011-12-05
571,2,2011-12-05
21,2,2011-12-05
692,2,2011-12-05
679,2,2011-12-05
679,1,2011-12-05
668,2,2011-12-05
692,2,2011-12-05
298,2,2011-12-05
688,2,2011-12-05
692,2,2011-12-05
687,6,2011-12-05
137,2,2011-12-05
687,3,2011-12-05
692,2,2011-12-05
692,2,2011-12-05
690,2,2011-12-05
691,2,2011-12-05
693,2,2011-12-05
7,2,2011-12-05
596,2,2011-12-05
693,1,2011-12-05
663,2,2011-12-06
660,2,2011-12-06
687,6,2011-12-06
680,2,2011-12-06
676,2,2011-12-06
653,2,2011-12-06
692,2,2011-12-06
692,1,2011-12-06
692,2,2011-12-06
630,1,2011-12-06
414,1,2011-12-06
690,2,2011-12-06
698,2,2011-12-06
695,2,2011-12-06
697,2,2011-12-06
690,1,2011-12-06
10,2,2011-12-06
59,2,2011-12-07
43,2,2011-12-07
43,5,2011-12-07
687,3,2011-12-07
408,2,2011-12-07
690,2,2011-12-07
679,3,2011-12-07
704,2,2011-12-07
692,2,2011-12-07
703,2,2011-12-07
695,2,2011-12-07
698,2,2011-12-07
650,3,2011-12-07
704,2,2011-12-07
146,2,2011-12-07
146,5,2011-12-07
269,2,2011-12-07
706,2,2011-12-07
418,2,2011-12-07
270,2,2011-12-07
699,2,2011-12-08
694,2,2011-12-08
678,2,2011-12-08
596,2,2011-12-08
681,2,2011-12-08
146,2,2011-12-08
706,2,2011-12-08
684,3,2011-12-08
269,2,2011-12-08
282,2,2011-12-08
705,15,2011-12-08
705,6,2011-12-08
633,2,2011-12-08
709,2,2011-12-08
701,2,2011-12-08
709,2,2011-12-08
701,2,2011-12-08
53,2,2011-12-08
708,2,2011-12-08
708,16,2011-12-08
710,2,2011-12-08
708,2,2011-12-08
712,3,2011-12-09
710,2,2011-12-09
712,3,2011-12-09
354,2,2011-12-09
356,2,2011-12-09
713,2,2011-12-09
714,2,2011-12-09
692,2,2011-12-09
713,1,2011-12-09
710,2,2011-12-09
714,2,2011-12-09
708,2,2011-12-09
714,3,2011-12-09
482,2,2011-12-09
444,2,2011-12-09
474,2,2011-12-09
708,2,2011-12-09
710,1,2011-12-09
692,2,2011-12-09
708,2,2011-12-10
453,3,2011-12-10
715,15,2011-12-10
681,2,2011-12-10
680,2,2011-12-10
715,15,2011-12-10
715,3,2011-12-10
715,3,2011-12-10
715,6,2011-12-10
703,2,2011-12-10
609,2,2011-12-10
553,2,2011-12-10
399,2,2011-12-10
711,2,2011-12-10
503,1,2011-12-10
715,3,2011-12-10
692,2,2011-12-10
681,1,2011-12-10
708,5,2011-12-10
700,5,2011-12-10
686,2,2011-12-10
712,2,2011-12-10
713,2,2011-12-11
712,2,2011-12-11
688,2,2011-12-11
686,2,2011-12-11
685,2,2011-12-11
146,2,2011-12-11
706,2,2011-12-11
709,2,2011-12-11
713,2,2011-12-11
716,2,2011-12-11
716,2,2011-12-11
716,2,2011-12-11
716,6,2011-12-12
701,2,2011-12-12
717,2,2011-12-12
711,2,2011-12-12
713,2,2011-12-12
716,2,2011-12-12
717,2,2011-12-12
668,2,2011-12-12
713,2,2011-12-12
712,2,2011-12-12
615,2,2011-12-12
614,2,2011-12-12
11,2,2011-12-12
333,2,2011-12-12
153,2,2011-12-12
644,2,2011-12-12
672,15,2011-12-12
718,2,2011-12-12
719,1,2011-12-12
721,2,2011-12-13
709,2,2011-12-13
720,3,2011-12-13
719,2,2011-12-13
722,2,2011-12-13
720,6,2011-12-13
718,3,2011-12-13
722,2,2011-12-13
721,5,2011-12-13
689,2,2011-12-13
720,15,2011-12-13
720,3,2011-12-13
715,3,2011-12-13
720,6,2011-12-13
722,2,2011-12-13
686,2,2011-12-13
165,2,2011-12-13
641,6,2011-12-13
724,2,2011-12-13
510,1,2011-12-13
704,1,2011-12-13
495,5,2011-12-13
564,2,2011-12-14
688,2,2011-12-14
708,2,2011-12-14
270,2,2011-12-14
269,2,2011-12-14
282,2,2011-12-14
596,2,2011-12-14
705,10,2011-12-14
726,2,2011-12-14
723,2,2011-12-14
723,2,2011-12-15
728,2,2011-12-15
692,2,2011-12-15
688,2,2011-12-15
605,2,2011-12-15
731,2,2011-12-15
567,5,2011-12-15
568,2,2011-12-15
567,2,2011-12-15
727,2,2011-12-15
732,2,2011-12-15
729,2,2011-12-15
725,2,2011-12-15
637,2,2011-12-15
596,2,2011-12-15
731,3,2011-12-15
733,2,2011-12-15
725,2,2011-12-15
733,2,2011-12-15
735,2,2011-12-15
734,2,2011-12-15
708,2,2011-12-15
725,2,2011-12-15
730,2,2011-12-15
733,2,2011-12-15
729,2,2011-12-15
738,2,2011-12-15
738,16,2011-12-15
692,2,2011-12-15
738,2,2011-12-15
729,2,2011-12-15
735,2,2011-12-15
739,2,2011-12-15
730,2,2011-12-15
733,2,2011-12-16
740,2,2011-12-16
728,2,2011-12-16
725,2,2011-12-16
737,2,2011-12-16
736,2,2011-12-16
737,1,2011-12-16
743,2,2011-12-16
741,2,2011-12-16
742,2,2011-12-16
743,2,2011-12-16
737,2,2011-12-16
745,2,2011-12-16
729,2,2011-12-16
738,2,2011-12-16
743,2,2011-12-16
744,2,2011-12-16
746,2,2011-12-16
744,2,2011-12-16
749,2,2011-12-16
743,16,2011-12-16
743,3,2011-12-16
750,2,2011-12-16
740,2,2011-12-16
741,2,2011-12-16
747,2,2011-12-16
154,5,2011-12-17
750,2,2011-12-17
749,2,2011-12-17
179,5,2011-12-17
722,1,2011-12-17
756,1,2011-12-17
754,3,2011-12-17
757,2,2011-12-17
756,2,2011-12-17
746,1,2011-12-17
755,2,2011-12-18
717,2,2011-12-18
745,2,2011-12-18
716,5,2011-12-18
731,2,2011-12-18
730,5,2011-12-18
744,2,2011-12-18
706,2,2011-12-18
146,5,2011-12-18
737,2,2011-12-18
753,2,2011-12-18
187,5,2011-12-18
198,2,2011-12-18
44,2,2011-12-18
684,3,2011-12-18
754,2,2011-12-18
260,1,2011-12-18
59,2,2011-12-18
43,2,2011-12-18
754,2,2011-12-18
759,2,2011-12-18
759,2,2011-12-18
760,2,2011-12-18
760,2,2011-12-18
760,2,2011-12-18
760,2,2011-12-18
760,2,2011-12-18
684,2,2011-12-19
759,3,2011-12-19
748,2,2011-12-19
744,1,2011-12-19
582,2,2011-12-19
591,2,2011-12-19
571,2,2011-12-19
198,2,2011-12-19
572,2,2011-12-19
581,2,2011-12-19
592,2,2011-12-19
13,2,2011-12-19
616,2,2011-12-19
299,2,2011-12-19
303,2,2011-12-19
391,2,2011-12-19
40,2,2011-12-19
55,2,2011-12-19
70,2,2011-12-19
7,2,2011-12-19
679,2,2011-12-19
21,2,2011-12-19
378,2,2011-12-19
595,2,2011-12-19
598,2,2011-12-19
85,2,2011-12-19
77,2,2011-12-19
19,2,2011-12-19
48,2,2011-12-19
24,2,2011-12-19
337,2,2011-12-19
543,2,2011-12-19
544,2,2011-12-19
37,2,2011-12-19
16,2,2011-12-19
270,2,2011-12-19
756,2,2011-12-19
759,2,2011-12-19
761,2,2011-12-19
357,2,2011-12-19
742,2,2011-12-19
146,2,2011-12-19
762,2,2011-12-19
761,2,2011-12-19
761,1,2011-12-19
731,2,2011-12-19
437,2,2011-12-19
438,2,2011-12-19
759,2,2011-12-19
744,2,2011-12-19
742,2,2011-12-20
744,2,2011-12-20
411,5,2011-12-20
414,2,2011-12-20
763,5,2011-12-20
763,2,2011-12-20
572,2,2011-12-20
582,2,2011-12-20
763,2,2011-12-20
754,2,2011-12-20
757,2,2011-12-20
671,2,2011-12-20
629,2,2011-12-20
724,2,2011-12-20
698,2,2011-12-20
764,3,2011-12-20
764,3,2011-12-20
764,2,2011-12-20
753,2,2011-12-20
763,2,2011-12-21
755,2,2011-12-21
764,3,2011-12-21
5,2,2011-12-21
764,3,2011-12-21
767,3,2011-12-21
767,10,2011-12-21
765,2,2011-12-21
765,1,2011-12-21
654,2,2011-12-21
523,2,2011-12-21
651,3,2011-12-21
485,5,2011-12-21
742,2,2011-12-22
764,3,2011-12-22
760,1,2011-12-22
760,2,2011-12-22
765,3,2011-12-22
288,2,2011-12-22
759,5,2011-12-22
768,2,2011-12-22
654,2,2011-12-22
591,2,2011-12-22
748,2,2011-12-22
582,2,2011-12-22
765,3,2011-12-23
765,3,2011-12-23
546,2,2011-12-23
771,2,2011-12-23
770,2,2011-12-23
552,2,2011-12-23
546,2,2011-12-23
769,2,2011-12-23
773,3,2011-12-24
675,2,2011-12-24
776,2,2011-12-24
768,2,2011-12-24
564,1,2011-12-24
780,2,2011-12-24
778,2,2011-12-24
781,6,2011-12-25
782,6,2011-12-25
269,5,2011-12-26
784,2,2011-12-27
780,3,2011-12-27
787,2,2011-12-27
771,2,2011-12-27
418,2,2011-12-28
789,2,2011-12-28
772,2,2011-12-28
612,2,2011-12-30
269,2,2011-12-30
379,2,2011-12-31
365,2,2011-12-31
8,10,2011-12-31
362,2,2011-12-31
339,5,2011-12-31
577,5,2011-12-31
795,2,2011-12-31
790,1,2012-01-01
797,3,2012-01-01
179,5,2012-01-01
798,6,2012-01-01
793,2,2012-01-02
797,3,2012-01-02
799,6,2012-01-02
799,10,2012-01-02
794,2,2012-01-02
793,2,2012-01-02
798,3,2012-01-02
798,3,2012-01-02
802,6,2012-01-02
772,2,2012-01-02
771,2,2012-01-03
771,5,2012-01-03
787,2,2012-01-03
763,3,2012-01-03
754,3,2012-01-03
797,3,2012-01-03
802,3,2012-01-03
792,2,2012-01-03
795,2,2012-01-03
800,2,2012-01-03
798,3,2012-01-03
772,2,2012-01-03
725,2,2012-01-03
778,2,2012-01-03
771,2,2012-01-03
720,3,2012-01-03
757,2,2012-01-03
807,1,2012-01-03
807,2,2012-01-03
794,2,2012-01-03
808,2,2012-01-04
802,6,2012-01-04
756,2,2012-01-04
805,2,2012-01-04
362,2,2012-01-04
810,2,2012-01-04
737,2,2012-01-04
790,2,2012-01-05
809,2,2012-01-05
797,2,2012-01-05
771,2,2012-01-05
792,8,2012-01-06
812,2,2012-01-06
684,3,2012-01-06
809,5,2012-01-07
809,2,2012-01-07
139,2,2012-01-07
278,2,2012-01-07
426,2,2012-01-07
733,2,2012-01-07
731,2,2012-01-07
819,2,2012-01-08
801,2,2012-01-09
718,2,2012-01-09
719,2,2012-01-09
302,2,2012-01-09
817,2,2012-01-09
819,2,2012-01-09
393,2,2012-01-09
823,2,2012-01-09
820,2,2012-01-09
819,2,2012-01-09
703,2,2012-01-09
823,2,2012-01-09
823,2,2012-01-10
825,3,2012-01-10
818,2,2012-01-10
299,2,2012-01-10
179,2,2012-01-10
179,5,2012-01-10
364,5,2012-01-10
369,2,2012-01-10
827,2,2012-01-10
800,2,2012-01-10
808,2,2012-01-10
810,2,2012-01-10
795,2,2012-01-10
792,2,2012-01-10
815,2,2012-01-10
826,2,2012-01-10
827,2,2012-01-10
829,2,2012-01-10
763,2,2012-01-10
791,2,2012-01-10
821,2,2012-01-10
824,2,2012-01-10
822,2,2012-01-10
823,2,2012-01-10
813,2,2012-01-10
616,2,2012-01-10
820,2,2012-01-10
818,2,2012-01-10
819,2,2012-01-10
816,2,2012-01-10
817,2,2012-01-10
302,2,2012-01-10
272,2,2012-01-10
761,2,2012-01-10
77,2,2012-01-10
775,2,2012-01-10
85,2,2012-01-10
774,2,2012-01-10
542,2,2012-01-10
345,2,2012-01-10
339,2,2012-01-10
546,2,2012-01-10
552,2,2012-01-10
770,2,2012-01-10
769,2,2012-01-10
759,2,2012-01-10
760,2,2012-01-10
768,2,2012-01-10
577,2,2012-01-10
427,2,2012-01-10
427,1,2012-01-10
823,2,2012-01-11
826,2,2012-01-11
824,3,2012-01-11
832,2,2012-01-11
824,2,2012-01-11
831,2,2012-01-11
836,2,2012-01-12
832,3,2012-01-12
431,2,2012-01-12
800,2,2012-01-12
810,1,2012-01-12
810,9,2012-01-12
824,2,2012-01-12
837,2,2012-01-12
829,2,2012-01-13
827,2,2012-01-13
827,1,2012-01-13
835,2,2012-01-13
838,2,2012-01-13
838,3,2012-01-13
833,2,2012-01-13
838,2,2012-01-14
36,2,2012-01-16
7,2,2012-01-16
679,2,2012-01-16
780,3,2012-01-16
850,2,2012-01-16
582,5,2012-01-16
772,5,2012-01-16
437,5,2012-01-16
840,2,2012-01-16
848,2,2012-01-16
31,2,2012-01-17
851,16,2012-01-17
337,16,2012-01-17
849,2,2012-01-17
849,1,2012-01-17
841,2,2012-01-17
657,5,2012-01-18
657,2,2012-01-18
856,2,2012-01-18
856,2,2012-01-18
858,10,2012-01-18
857,2,2012-01-18
841,2,2012-01-18
860,2,2012-01-18
861,2,2012-01-18
110,2,2012-01-18
859,3,2012-01-18
848,2,2012-01-18
488,2,2012-01-18
618,2,2012-01-19
860,2,2012-01-19
862,3,2012-01-19
860,1,2012-01-19
864,2,2012-01-19
862,2,2012-01-19
865,2,2012-01-19
450,2,2012-01-19
437,2,2012-01-19
438,2,2012-01-19
864,2,2012-01-19
865,2,2012-01-19
866,6,2012-01-19
863,2,2012-01-19
866,6,2012-01-19
865,1,2012-01-19
866,2,2012-01-19
866,15,2012-01-19
158,2,2012-01-20
865,2,2012-01-20
866,2,2012-01-20
110,2,2012-01-20
833,2,2012-01-20
839,2,2012-01-20
833,1,2012-01-20
868,16,2012-01-20
869,16,2012-01-20
871,2,2012-01-20
870,3,2012-01-20
866,3,2012-01-20
856,2,2012-01-20
855,2,2012-01-20
871,2,2012-01-20
835,2,2012-01-20
870,10,2012-01-20
866,6,2012-01-20
874,2,2012-01-20
138,2,2012-01-20
873,2,2012-01-20
873,1,2012-01-20
841,2,2012-01-21
823,1,2012-01-21
862,2,2012-01-21
840,2,2012-01-21
855,2,2012-01-22
874,2,2012-01-22
872,3,2012-01-22
874,2,2012-01-22
862,2,2012-01-22
872,2,2012-01-22
875,2,2012-01-23
856,2,2012-01-23
874,2,2012-01-23
856,2,2012-01-23
26,2,2012-01-23
384,2,2012-01-23
878,5,2012-01-23
880,2,2012-01-24
856,2,2012-01-24
880,1,2012-01-24
798,2,2012-01-24
802,2,2012-01-24
754,2,2012-01-24
803,2,2012-01-24
793,2,2012-01-24
797,2,2012-01-24
772,2,2012-01-24
806,2,2012-01-24
811,2,2012-01-24
859,2,2012-01-24
780,2,2012-01-24
879,2,2012-01-24
864,2,2012-01-24
851,3,2012-01-24
758,2,2012-01-24
768,2,2012-01-24
825,2,2012-01-24
764,2,2012-01-24
765,2,2012-01-24
785,2,2012-01-24
718,2,2012-01-24
721,2,2012-01-24
727,2,2012-01-24
728,2,2012-01-24
650,2,2012-01-24
613,2,2012-01-24
792,2,2012-01-24
273,2,2012-01-24
192,2,2012-01-24
300,2,2012-01-24
830,2,2012-01-24
831,2,2012-01-24
863,2,2012-01-24
781,2,2012-01-24
426,2,2012-01-24
741,2,2012-01-24
526,2,2012-01-24
729,2,2012-01-24
595,2,2012-01-24
734,2,2012-01-24
589,2,2012-01-25
867,2,2012-01-26
863,2,2012-01-26
883,2,2012-01-27
884,2,2012-01-27
883,2,2012-01-27
884,2,2012-01-27
883,2,2012-01-27
884,2,2012-01-27
884,2,2012-01-27
884,1,2012-01-27
884,2,2012-01-27
874,2,2012-01-28
885,6,2012-01-28
885,3,2012-01-28
851,16,2012-01-29
888,2,2012-01-29
850,16,2012-01-29
835,16,2012-01-30
893,2,2012-01-30
890,3,2012-01-30
889,2,2012-01-30
616,2,2012-01-30
838,2,2012-01-30
884,2,2012-01-30
874,2,2012-01-30
800,2,2012-01-30
886,2,2012-01-30
885,2,2012-01-30
577,2,2012-01-30
894,2,2012-01-30
894,2,2012-01-31
894,2,2012-01-31
895,2,2012-01-31
897,2,2012-01-31
900,2,2012-01-31
898,2,2012-01-31
901,2,2012-01-31
887,2,2012-01-31
893,2,2012-01-31
835,2,2012-01-31
108,8,2012-01-31
886,16,2012-01-31
844,2,2012-01-31
902,2,2012-01-31
898,3,2012-02-01
903,2,2012-02-01
904,10,2012-02-01
908,2,2012-02-01
896,2,2012-02-02
909,6,2012-02-02
903,3,2012-02-02
110,2,2012-02-03
591,2,2012-02-03
896,3,2012-02-03
910,2,2012-02-03
641,6,2012-02-03
885,2,2012-02-03
883,2,2012-02-03
884,2,2012-02-03
886,2,2012-02-03
897,2,2012-02-03
899,2,2012-02-03
108,5,2012-02-03
885,16,2012-02-03
909,3,2012-02-03
909,6,2012-02-03
914,2,2012-02-03
915,2,2012-02-03
915,2,2012-02-03
894,5,2012-02-03
899,2,2012-02-03
900,2,2012-02-03
900,1,2012-02-03
894,2,2012-02-03
268,2,2012-02-04
457,2,2012-02-04
818,2,2012-02-04
918,1,2012-02-04
902,1,2012-02-05
921,6,2012-02-05
902,9,2012-02-05
909,3,2012-02-05
920,2,2012-02-05
921,3,2012-02-05
921,3,2012-02-05
128,2,2012-02-05
119,2,2012-02-05
922,16,2012-02-05
922,3,2012-02-05
923,6,2012-02-05
923,15,2012-02-05
917,2,2012-02-05
912,2,2012-02-05
912,5,2012-02-05
923,3,2012-02-06
922,3,2012-02-06
923,3,2012-02-06
851,2,2012-02-06
924,2,2012-02-06
921,3,2012-02-06
923,2,2012-02-06
909,2,2012-02-06
897,2,2012-02-06
898,2,2012-02-06
922,15,2012-02-07
922,15,2012-02-07
923,3,2012-02-07
894,2,2012-02-07
930,2,2012-02-07
919,2,2012-02-08
919,1,2012-02-08
885,2,2012-02-08
933,2,2012-02-08
933,5,2012-02-08
933,2,2012-02-08
934,2,2012-02-08
934,2,2012-02-08
933,2,2012-02-08
933,5,2012-02-08
932,2,2012-02-08
933,2,2012-02-08
936,2,2012-02-08
915,3,2012-02-08
914,3,2012-02-08
1,5,2012-02-09
938,2,2012-02-09
933,2,2012-02-09
923,10,2012-02-09
936,2,2012-02-09
936,1,2012-02-09
903,5,2012-02-09
937,2,2012-02-09
941,3,2012-02-09
934,2,2012-02-09
933,5,2012-02-09
941,2,2012-02-09
922,2,2012-02-09
941,2,2012-02-09
942,2,2012-02-09
942,1,2012-02-09
942,2,2012-02-09
922,3,2012-02-09
915,5,2012-02-09
823,2,2012-02-09
939,2,2012-02-09
929,2,2012-02-10
894,2,2012-02-10
946,2,2012-02-10
345,2,2012-02-10
928,3,2012-02-10
667,2,2012-02-10
667,2,2012-02-10
928,2,2012-02-10
942,2,2012-02-10
934,2,2012-02-11
940,2,2012-02-11
935,2,2012-02-11
450,2,2012-02-11
447,2,2012-02-11
484,2,2012-02-11
928,2,2012-02-11
894,5,2012-02-11
882,10,2012-02-11
933,2,2012-02-11
933,5,2012-02-11
934,2,2012-02-11
950,2,2012-02-11
874,2,2012-02-12
929,2,2012-02-12
949,2,2012-02-12
950,2,2012-02-12
926,1,2012-02-12
952,15,2012-02-12
952,10,2012-02-12
957,3,2012-02-13
954,2,2012-02-13
957,2,2012-02-13
339,2,2012-02-13
339,5,2012-02-13
898,2,2012-02-13
926,2,2012-02-13
898,2,2012-02-13
957,16,2012-02-13
962,1,2012-02-14
964,6,2012-02-14
965,6,2012-02-14
965,3,2012-02-14
956,2,2012-02-14
941,3,2012-02-14
962,2,2012-02-14
289,2,2012-02-14
933,2,2012-02-14
894,2,2012-02-14
929,2,2012-02-14
894,5,2012-02-14
964,3,2012-02-14
452,2,2012-02-14
973,2,2012-02-14
971,15,2012-02-14
964,3,2012-02-14
800,2,2012-02-14
489,2,2012-02-14
90,2,2012-02-14
973,2,2012-02-14
654,2,2012-02-14
547,2,2012-02-14
552,2,2012-02-14
918,2,2012-02-14
970,2,2012-02-15
191,2,2012-02-15
957,2,2012-02-15
128,2,2012-02-15
119,2,2012-02-15
957,2,2012-02-15
596,2,2012-02-15
699,2,2012-02-15
947,2,2012-02-15
928,2,2012-02-15
976,3,2012-02-16
973,16,2012-02-16
894,2,2012-02-16
929,2,2012-02-16
979,2,2012-02-16
979,5,2012-02-16
57,5,2012-02-16
982,3,2012-02-16
493,2,2012-02-16
976,2,2012-02-16
981,2,2012-02-16
500,2,2012-02-16
493,5,2012-02-16
982,15,2012-02-16
982,10,2012-02-16
983,2,2012-02-16
974,8,2012-02-16
979,2,2012-02-17
980,2,2012-02-17
929,2,2012-02-17
983,2,2012-02-17
979,2,2012-02-17
983,2,2012-02-17
922,10,2012-02-17
591,2,2012-02-18
975,2,2012-02-18
985,16,2012-02-18
976,2,2012-02-19
981,3,2012-02-19
965,3,2012-02-19
964,3,2012-02-19
885,3,2012-02-19
842,3,2012-02-19
983,3,2012-02-19
965,3,2012-02-19
965,15,2012-02-20
965,3,2012-02-20
981,15,2012-02-20
981,15,2012-02-20
964,15,2012-02-20
989,16,2012-02-20
851,16,2012-02-20
965,15,2012-02-20
988,3,2012-02-20
71,8,2012-02-20
934,2,2012-02-21
978,1,2012-02-21
988,3,2012-02-21
940,3,2012-02-21
935,3,2012-02-21
933,16,2012-02-21
992,3,2012-02-21
992,6,2012-02-21
992,10,2012-02-21
87,5,2012-02-21
946,1,2012-02-21
990,1,2012-02-21
990,2,2012-02-21
877,2,2012-02-22
872,2,2012-02-22
949,2,2012-02-22
987,2,2012-02-22
963,2,2012-02-22
989,2,2012-02-22
986,3,2012-02-22
995,3,2012-02-22
997,2,2012-02-22
986,2,2012-02-22
995,2,2012-02-22
997,1,2012-02-22
997,2,2012-02-23
1003,2,2012-02-24
790,2,2012-02-24
500,16,2012-02-24
1003,2,2012-02-24
1004,2,2012-02-24
1001,2,2012-02-24
1004,2,2012-02-24
1003,2,2012-02-24
1006,2,2012-02-24
1005,6,2012-02-24
1005,3,2012-02-24
1005,3,2012-02-24
1005,2,2012-02-24
493,2,2012-02-24
1004,2,2012-02-24
851,2,2012-02-24
179,5,2012-02-24
179,2,2012-02-24
1004,1,2012-02-24
980,2,2012-02-24
380,2,2012-02-24
1005,2,2012-02-24
974,9,2012-02-25
371,2,2012-02-25
372,2,2012-02-25
482,2,2012-02-25
71,5,2012-02-25
1008,3,2012-02-25
1011,2,2012-02-25
1012,2,2012-02-25
1012,3,2012-02-25
1008,15,2012-02-26
1002,1,2012-02-26
1008,6,2012-02-26
1013,2,2012-02-26
1013,3,2012-02-26
1008,6,2012-02-26
1016,2,2012-02-26
998,8,2012-02-27
777,2,2012-02-27
202,3,2012-02-27
423,2,2012-02-27
1013,16,2012-02-27
1014,2,2012-02-27
1017,2,2012-02-27
1012,2,2012-02-27
1017,2,2012-02-27
1014,3,2012-02-27
1017,2,2012-02-27
1024,2,2012-02-27
1024,1,2012-02-27
1017,2,2012-02-28
1013,2,2012-02-28
1022,2,2012-02-28
1023,2,2012-02-28
1026,15,2012-02-28
1026,3,2012-02-28
1026,15,2012-02-28
1026,10,2012-02-28
1026,3,2012-02-28
1006,1,2012-02-28
71,9,2012-02-28
997,2,2012-02-28
1014,2,2012-02-28
1013,2,2012-02-28
1028,2,2012-02-28
1022,5,2012-02-28
1022,2,2012-02-28
1023,2,2012-02-28
92,2,2012-02-28
983,2,2012-02-28
983,5,2012-02-28
955,2,2012-02-29
914,2,2012-02-29
414,2,2012-02-29
1028,3,2012-02-29
1029,3,2012-02-29
1028,6,2012-02-29
1022,2,2012-02-29
1027,2,2012-02-29
1023,2,2012-02-29
1022,2,2012-02-29
1031,2,2012-02-29
1027,2,2012-02-29
1028,6,2012-02-29
1034,10,2012-02-29
1030,2,2012-02-29
1030,2,2012-02-29
1029,3,2012-02-29
1032,2,2012-02-29
1031,2,2012-02-29
1022,5,2012-02-29
1037,10,2012-03-01
1036,2,2012-03-01
1014,2,2012-03-01
1017,2,2012-03-01
1021,2,2012-03-01
1013,2,2012-03-01
1030,2,2012-03-01
963,5,2012-03-01
963,2,2012-03-01
1000,2,2012-03-01
1018,2,2012-03-01
1028,15,2012-03-01
1028,6,2012-03-01
572,2,2012-03-01
1044,3,2012-03-02
1041,2,2012-03-02
1018,9,2012-03-02
1018,1,2012-03-02
907,2,2012-03-02
1041,2,2012-03-02
1044,16,2012-03-02
1041,1,2012-03-03
1039,1,2012-03-03
1040,2,2012-03-03
1048,2,2012-03-03
867,1,2012-03-03
1050,2,2012-03-04
1047,15,2012-03-04
894,5,2012-03-04
894,2,2012-03-04
993,2,2012-03-05
940,2,2012-03-05
894,5,2012-03-05
946,2,2012-03-05
1023,2,2012-03-05
1031,2,2012-03-05
1027,2,2012-03-05
1031,1,2012-03-05
933,2,2012-03-05
940,2,2012-03-05
138,2,2012-03-05
819,2,2012-03-05
894,2,2012-03-05
657,2,2012-03-05
657,5,2012-03-05
278,1,2012-03-05
1042,2,2012-03-05
1047,15,2012-03-06
1052,6,2012-03-06
1052,3,2012-03-06
987,2,2012-03-06
1053,2,2012-03-06
1044,6,2012-03-06
1053,2,2012-03-06
1036,2,2012-03-06
1054,2,2012-03-06
1036,5,2012-03-06
1053,2,2012-03-06
1048,2,2012-03-06
1050,2,2012-03-06
1051,3,2012-03-07
131,2,2012-03-07
1053,2,2012-03-07
1058,3,2012-03-07
1058,6,2012-03-07
1053,2,2012-03-07
1052,2,2012-03-07
1058,10,2012-03-07
1051,3,2012-03-07
1060,3,2012-03-07
916,3,2012-03-07
906,3,2012-03-07
1053,1,2012-03-07
1059,1,2012-03-08
1062,3,2012-03-08
437,5,2012-03-08
1051,3,2012-03-08
1055,15,2012-03-08
1055,15,2012-03-08
1040,2,2012-03-08
1041,2,2012-03-08
1061,2,2012-03-08
1061,2,2012-03-08
1013,2,2012-03-08
1055,3,2012-03-08
688,2,2012-03-09
1064,2,2012-03-09
1062,2,2012-03-09
1051,2,2012-03-09
1060,3,2012-03-09
1013,2,2012-03-09
1059,2,2012-03-09
1017,2,2012-03-09
1071,2,2012-03-09
1066,2,2012-03-09
1067,3,2012-03-09
1070,2,2012-03-09
1073,3,2012-03-09
1067,3,2012-03-09
1064,2,2012-03-09
1078,2,2012-03-09
1076,3,2012-03-09
1071,2,2012-03-09
1021,2,2012-03-09
1067,3,2012-03-09
1073,3,2012-03-09
1076,3,2012-03-09
1067,2,2012-03-09
1081,3,2012-03-09
1067,3,2012-03-09
1081,2,2012-03-09
1078,2,2012-03-09
1069,2,2012-03-09
1064,2,2012-03-10
611,2,2012-03-10
1089,2,2012-03-10
1090,3,2012-03-10
1076,3,2012-03-10
179,5,2012-03-10
1081,1,2012-03-10
1077,5,2012-03-10
1052,2,2012-03-10
1066,2,2012-03-10
1087,2,2012-03-10
1078,2,2012-03-10
1089,2,2012-03-11
1095,3,2012-03-11
1089,2,2012-03-11
957,2,2012-03-11
957,5,2012-03-11
976,2,2012-03-11
1006,2,2012-03-11
1081,2,2012-03-11
1097,6,2012-03-11
1090,2,2012-03-11
36,2,2012-03-11
36,5,2012-03-11
1097,10,2012-03-11
52,3,2012-03-11
895,2,2012-03-11
1096,2,2012-03-12
1075,2,2012-03-12
1091,2,2012-03-12
1069,2,2012-03-12
1061,2,2012-03-12
1091,2,2012-03-12
1091,1,2012-03-12
1090,8,2012-03-12
1090,5,2012-03-12
1100,5,2012-03-12
1024,2,2012-03-12
1075,2,2012-03-12
1084,2,2012-03-12
1055,10,2012-03-12
1098,2,2012-03-12
1090,3,2012-03-12
1067,2,2012-03-12
1081,2,2012-03-12
1079,2,2012-03-12
1080,2,2012-03-12
1075,2,2012-03-12
1091,2,2012-03-12
1090,3,2012-03-12
1099,2,2012-03-12
1096,2,2012-03-12
1102,5,2012-03-13
179,5,2012-03-13
894,5,2012-03-13
1104,5,2012-03-13
1090,15,2012-03-13
1108,2,2012-03-13
1032,2,2012-03-13
1105,2,2012-03-13
1107,2,2012-03-13
1105,1,2012-03-13
1032,2,2012-03-13
1101,3,2012-03-13
1108,2,2012-03-13
955,2,2012-03-14
985,2,2012-03-14
1076,6,2012-03-14
955,2,2012-03-14
1102,6,2012-03-14
1102,2,2012-03-14
1072,2,2012-03-15
1073,6,2012-03-15
418,2,2012-03-15
815,2,2012-03-15
914,2,2012-03-15
1115,5,2012-03-15
245,2,2012-03-15
965,6,2012-03-15
964,6,2012-03-15
1076,6,2012-03-15
1076,15,2012-03-15
1102,10,2012-03-15
1116,2,2012-03-15
1119,10,2012-03-15
154,2,2012-03-15
154,5,2012-03-15
1121,2,2012-03-16
1073,6,2012-03-16
1118,3,2012-03-16
1120,3,2012-03-16
1128,2,2012-03-17
1127,2,2012-03-17
1126,2,2012-03-17
731,2,2012-03-17
1092,9,2012-03-18
1092,1,2012-03-18
1092,2,2012-03-18
1131,3,2012-03-19
1131,3,2012-03-19
1129,15,2012-03-19
1090,2,2012-03-19
1126,2,2012-03-19
1125,2,2012-03-19
1120,2,2012-03-19
1090,15,2012-03-19
1111,2,2012-03-19
1061,2,2012-03-19
1131,16,2012-03-19
1131,7,2012-03-19
1131,10,2012-03-19
1127,1,2012-03-19
894,2,2012-03-20
894,5,2012-03-20
946,2,2012-03-20
35,2,2012-03-20
733,1,2012-03-20
1132,2,2012-03-20
1116,2,2012-03-20
1013,2,2012-03-20
1013,2,2012-03-21
1115,2,2012-03-21
1066,2,2012-03-21
1136,2,2012-03-21
1134,1,2012-03-21
1109,5,2012-03-21
1064,5,2012-03-21
179,5,2012-03-21
1135,2,2012-03-21
1120,5,2012-03-21
1138,5,2012-03-21
1137,2,2012-03-21
1135,2,2012-03-22
1111,2,2012-03-22
1138,2,2012-03-22
1130,2,2012-03-22
1140,2,2012-03-22
1140,1,2012-03-22
1,2,2012-03-22
179,5,2012-03-22
101,2,2012-03-22
3,2,2012-03-22
1072,2,2012-03-22
1074,2,2012-03-22
1111,2,2012-03-22
1140,2,2012-03-23
1075,5,2012-03-23
1141,6,2012-03-26
1115,2,2012-03-26
1115,5,2012-03-26
1141,2,2012-03-26
1108,2,2012-03-26
1141,2,2012-03-26
1141,6,2012-03-26
1142,6,2012-03-27
1142,3,2012-03-27
1051,15,2012-03-27
1051,3,2012-03-27
1142,3,2012-03-27
1146,2,2012-03-27
1143,2,2012-03-27
1148,2,2012-03-27
1142,3,2012-03-27
1146,1,2012-03-27
1148,2,2012-03-27
1150,1,2012-03-27
1150,2,2012-03-27
1150,2,2012-03-28
1135,2,2012-03-28
1111,2,2012-03-28
1121,2,2012-03-28
1141,2,2012-03-28
1141,5,2012-03-28
1146,2,2012-03-29
1111,2,2012-03-29
1135,2,2012-03-29
1152,2,2012-03-29
1157,2,2012-03-29
345,2,2012-03-29
339,2,2012-03-29
339,5,2012-03-29
1158,2,2012-03-29
1155,2,2012-03-29
1159,3,2012-03-29
1159,10,2012-03-29
1160,2,2012-03-30
1160,1,2012-03-30
782,2,2012-03-30
1142,3,2012-03-30
125,2,2012-03-30
784,1,2012-03-30
1157,2,2012-03-30
1162,3,2012-03-30
1162,6,2012-03-30
1123,2,2012-03-30
1162,3,2012-03-30
1160,15,2012-03-30
1160,10,2012-03-30
1142,15,2012-03-30
1142,6,2012-03-30
1163,10,2012-03-30
1155,2,2012-03-30
888,2,2012-03-30
59,2,2012-03-30
1145,2,2012-03-30
1162,3,2012-03-30
1164,2,2012-03-30
269,2,2012-03-31
201,2,2012-03-31
1165,2,2012-03-31
1165,3,2012-03-31
1167,2,2012-03-31
179,5,2012-03-31
1169,2,2012-03-31
1167,2,2012-03-31
1170,2,2012-03-31
1171,2,2012-03-31
1127,2,2012-03-31
1098,2,2012-03-31
929,2,2012-03-31
1122,2,2012-03-31
1149,2,2012-03-31
1103,2,2012-03-31
1062,2,2012-03-31
1170,2,2012-03-31
197,2,2012-03-31
1031,2,2012-03-31
448,3,2012-03-31
985,2,2012-03-31
845,2,2012-03-31
836,3,2012-03-31
479,3,2012-03-31
447,2,2012-03-31
453,3,2012-03-31
309,2,2012-03-31
50,2,2012-03-31
534,2,2012-03-31
65,2,2012-03-31
157,2,2012-03-31
782,3,2012-03-31
903,3,2012-03-31
340,2,2012-03-31
912,2,2012-03-31
788,2,2012-03-31
938,2,2012-03-31
853,2,2012-03-31
1166,2,2012-03-31
1166,1,2012-03-31
1155,2,2012-03-31
1153,2,2012-03-31
1144,2,2012-03-31
1145,2,2012-03-31
1152,2,2012-03-31
1088,2,2012-03-31
1125,2,2012-03-31
1109,2,2012-03-31
1157,2,2012-03-31
684,15,2012-04-01
684,10,2012-04-01
1141,2,2012-04-01
1172,2,2012-04-01
1168,1,2012-04-01
1157,1,2012-04-01
1174,3,2012-04-02
1174,3,2012-04-02
417,2,2012-04-02
421,2,2012-04-02
1175,3,2012-04-02
1113,3,2012-04-02
1042,2,2012-04-02
1091,2,2012-04-02
1174,3,2012-04-02
1175,3,2012-04-02
1165,3,2012-04-02
1045,2,2012-04-02
1019,2,2012-04-02
1175,3,2012-04-02
956,2,2012-04-02
908,2,2012-04-02
1019,2,2012-04-03
1177,2,2012-04-03
898,2,2012-04-03
1177,2,2012-04-03
1178,2,2012-04-03
1075,5,2012-04-03
1075,2,2012-04-03
1091,2,2012-04-03
1177,2,2012-04-03
1179,2,2012-04-03
1179,2,2012-04-03
1180,2,2012-04-03
1176,5,2012-04-03
1177,5,2012-04-03
1149,2,2012-04-03
1151,2,2012-04-03
1150,2,2012-04-03
1176,2,2012-04-04
1162,3,2012-04-04
1175,3,2012-04-04
101,5,2012-04-04
517,5,2012-04-04
1182,1,2012-04-04
417,2,2012-04-04
1180,1,2012-04-05
1135,1,2012-04-05
1180,2,2012-04-06
1179,2,2012-04-06
1031,2,2012-04-06
1022,2,2012-04-06
1022,5,2012-04-06
1042,5,2012-04-07
1186,3,2012-04-07
1323,2,2011-11-30
1323,2,2011-11-30
1323,2,2011-11-30
1324,2,2011-11-30
1324,2,2011-11-30
1324,2,2011-11-30
1324,2,2011-12-02
1324,1,2011-12-02
1324,2,2011-12-03
1325,2,2011-11-30
1325,2,2011-11-30
1325,2,2011-12-02
1325,2,2011-12-06
