@UserId,@UserName,Age,Location,UserCreationDate,Reputation,Views,UpVotes,DownVotes,LastAccess
-1,Community,0,on the server farm,2011-10-11 18:17:46.170,1,0,20,3,2011-10-11T18:17:46.170
1,Aarthi,22,"New York, United States",2011-10-11 19:11:08.463,457,0,13,0,2012-04-27T20:23:33.440
2,Geoff Dalgas,34,"Corvallis, OR",2011-10-11 19:14:29.067,101,0,0,0,2012-05-04T19:31:13.793
3,Nick Craver,26,"Winston-Salem, NC",2011-10-11 19:18:57.427,101,0,0,0,2012-03-24T05:16:41.593
4,Emmett,26,"New York, NY",2011-10-11 19:21:46.140,101,0,0,0,2012-05-04T19:32:03.123
5,Bo Tian,,"Cambridge, UK",2011-10-11 19:26:36.423,254,0,3,0,2012-02-13T12:51:17.473
6,Rebecca Chernoff,27,"St Louis, MO",2011-10-11 19:26:43.263,101,0,0,0,2012-05-04T19:27:29.330
7,Kyle Cronin,,Maine,2011-10-11 19:26:48.920,101,0,0,0,2012-03-18T18:03:21.573
8,David Perry,29,"Las Vegas, NV",2011-10-11 19:26:55.463,375,0,22,1,2012-01-31T23:21:37.127
9,Joshua Ulrich,31,"St Louis, MO",2011-10-11 19:26:59.093,128,0,22,3,2012-04-28T21:18:48.957
10,mehaase,29,"Washington, DC",2011-10-11 19:27:15.563,337,0,13,4,2012-03-22T03:43:58.423
11,Dimitris,,,2011-10-11 19:27:42.157,384,0,5,6,2012-04-28T21:23:51.960
12,Bobby Ketchum,31,Texas,2011-10-11 19:28:26.373,101,0,0,0,2011-12-06T15:22:00.933
13,simchona,,United States,2011-10-11 19:28:31.727,101,0,0,0,2011-10-12T05:15:00.153
14,Patience,,21st century,2011-10-11 19:29:24.143,179,0,2,0,2012-04-26T19:29:28.300
15,Vivek Viswanathan,28,"San Antonio, TX",2011-10-11 19:29:31.757,150,0,13,0,2012-04-24T01:16:57.730
16,Shog9,32,Colorado,2011-10-11 19:29:43.330,101,0,0,0,2012-05-04T19:30:40.933
17,John Kane,31,probably at my laptop,2011-10-11 19:30:10.927,101,0,0,0,2011-10-25T19:36:21.120
18,DuckMaestro,28,United States,2011-10-11 19:31:38.303,101,0,17,0,2012-01-03T03:24:03.863
19,Grace Note,,6,2011-10-11 19:31:56.300,101,0,1,0,2012-02-28T21:52:56.920
20,Matthew Read,25,"Ontario, Canada",2011-10-11 19:32:40.340,177,0,36,15,2012-05-03T16:52:07.270
21,gsk3,,,2011-10-11 19:32:43.640,281,0,45,4,2012-05-04T11:28:54.077
22,D.H.,,Sweden,2011-10-11 19:32:46.913,121,0,4,0,2012-01-06T22:14:18.507
23,Vivi,30,Australia,2011-10-11 19:32:54.667,186,0,9,0,2011-10-22T02:43:32.590
24,Bob,,United States,2011-10-11 19:33:17.913,101,0,0,0,2012-03-07T20:09:43.123
25,Jeremy Heiler,24,"Rochester, NY",2011-10-11 19:33:46.937,101,0,1,0,2011-10-25T19:36:02.773
26,Jason B,,,2011-10-11 19:34:49.753,922,0,120,61,2012-05-04T19:11:50.367
27,dark_charlie,24,Czech Republic,2011-10-11 19:35:41.163,101,0,13,0,2012-01-31T20:49:46.940
28,richardh,,,2011-10-11 19:35:45.460,133,0,3,0,2012-04-15T20:44:26.830
29,Mike Polen,45,"Richmond, VA",2011-10-11 19:35:58.333,101,0,0,0,2012-01-13T16:21:42.437
30,Ganesh Sittampalam,,,2011-10-11 19:36:18.303,216,0,131,0,2012-05-04T05:29:39.220
31,Mike Scott,48,"London, United Kingdom",2011-10-11 19:36:31.927,429,0,3,2,2012-04-22T07:50:18.540
32,bcmcfc,,"Manchester, United Kingdom",2011-10-11 19:37:37.667,105,0,0,0,2011-10-17T09:42:29.607
33,Robert Cartaino,,"Palm Bay, FL",2011-10-11 19:37:57.067,101,0,0,6,2012-05-04T00:57:01.483
34,vonjd,42,Germany,2011-10-11 19:38:25.407,101,0,0,0,2011-10-18T18:52:22.277
35,Christopher Armstrong,24,"Pittsburgh, PA",2011-10-11 19:38:57.523,101,0,0,0,2011-10-25T19:54:07.253
36,Noah,27,"Boston, MA",2011-10-11 19:43:11.073,101,0,0,0,2011-10-12T14:11:38.483
37,Chris,,"Santa Clara, CA",2011-10-11 19:46:42.897,1,0,0,0,2011-10-11T19:46:42.897
38,Ophir Yoktan,35,Israel,2011-10-11 19:47:19.060,101,0,0,0,2012-02-01T10:04:41.157
39,acslater00,27,"New York, NY",2011-10-11 19:50:24.030,1,0,0,0,2011-10-11T19:50:24.030
40,Michael McGowan,28,"Newark, DE",2011-10-11 19:52:40.063,149,0,20,1,2012-04-25T18:30:42.320
41,Ryan,,,2011-10-11 19:53:11.453,310,0,6,1,2011-12-01T23:02:12.540
42,Flake,,,2011-10-11 19:54:46.413,101,0,7,0,2011-12-06T19:34:51.073
43,ghshtalt,,,2011-10-11 19:55:03.730,139,0,20,0,2012-03-23T14:41:02.020
44,Patrick Beardmore,19,"Oxford, United Kingdom",2011-10-11 19:56:29.840,438,0,20,2,2012-04-27T23:34:33.567
45,MikeRand,34,Connecticut,2011-10-11 19:57:19.293,273,0,3,0,2012-03-30T18:28:31.293
46,user46,,,2011-10-11 19:58:43.303,1,0,0,0,2011-10-11T19:58:43.303
47,Demento,31,,2011-10-11 19:59:34.287,277,0,14,1,2012-04-29T09:54:21.223
48,Turukawa,38,"Oxford, United Kingdom",2011-10-11 20:01:13.847,909,0,49,2,2012-05-04T11:57:37.947
49,Drew Christianson,20,"Wheaton College, MA",2011-10-11 20:06:26.373,101,0,0,0,2012-01-04T07:36:56.523
50,CarrKnight,25,,2011-10-11 20:09:03.507,647,0,78,1,2012-04-25T21:41:00.677
51,zubinmehta,,,2011-10-11 20:13:06.243,101,0,0,0,2012-01-06T09:04:36.217
52,magnifico,33,United States,2011-10-11 20:20:39.550,101,0,6,0,2011-11-02T20:00:58.987
53,JJ O,,,2011-10-11 20:26:53.987,1,0,1,0,2011-11-21T17:57:34.760
54,Jeremy,,,2011-10-11 20:28:51.783,101,0,1,0,2011-10-25T20:56:24.043
55,BlackJack,19,"Miami, FL",2011-10-11 20:32:57.877,200,0,7,0,2012-04-26T16:17:04.367
56,De3pTh0ught,20,United States,2011-10-11 20:34:45.067,101,0,2,0,2011-10-25T20:01:55.837
57,MarkHu,,"Los Angeles, CA",2011-10-11 20:42:32.430,41,0,0,1,2012-04-27T22:16:15.497
58,Nick Hodges,49,"Gilbertsville, PA",2011-10-11 20:43:08.667,101,0,7,0,2011-11-09T22:53:45.353
59,EhevuTov,31,"Chicago, IL",2011-10-11 20:45:25.953,101,0,0,0,2012-02-23T00:45:04.893
60,Sid,,,2011-10-11 20:45:42.110,133,0,21,0,2012-05-04T05:09:34.620
61,Dori,50,"Healdsburg, CA",2011-10-11 20:46:13.783,101,0,1,5,2011-11-21T21:32:24.423
62,Har,,,2011-10-11 20:52:51.980,135,0,9,1,2012-02-21T09:35:59.423
63,Evik James,44,"Minneapolis, MN",2011-10-11 20:52:55.990,101,0,0,0,2011-10-11T20:52:55.990
64,Marijn,32,Netherlands,2011-10-11 21:01:20.490,101,0,6,0,2011-11-09T14:54:07.273
65,Hauser,,,2011-10-11 21:13:08.343,236,0,24,9,2012-05-02T21:39:10.533
66,glifchits,19,Canada,2011-10-11 21:18:44.933,1,0,2,0,2011-12-19T01:08:04.487
67,Gil Kalai,,"Jerusalem, Israel",2011-10-11 21:29:54.093,101,0,1,0,2012-01-10T16:51:04.617
68,Zermelo,25,"Boston, MA",2011-10-11 21:31:39.950,929,0,65,22,2011-12-30T15:35:51.663
69,GUI Junkie,,,2011-10-11 21:35:29.553,101,0,1,0,2012-05-04T07:42:08.907
70,beb0s,30,"Melbourne, Australia",2011-10-11 21:36:58.420,101,0,10,0,2011-12-15T04:31:47.637
71,user8077,,,2011-10-11 21:41:09.470,199,0,11,0,2012-04-21T20:43:21.350
72,p5ycho_p3nguin,23,"Wooster, OH",2011-10-11 21:48:36.380,133,0,3,0,2012-03-30T09:33:41.897
73,Rasmus,,,2011-10-11 21:52:11.490,101,0,4,0,2012-01-19T13:06:42.230
74,theonlylos,,,2011-10-11 22:02:01.150,101,0,0,0,2011-10-11T22:02:01.150
75,jkohlhepp,,Connecticut,2011-10-11 22:06:08.540,101,0,2,0,2012-04-23T16:05:22.863
76,Eric Brotto,34,"London, United Kingdom",2011-10-11 22:18:02.667,101,0,0,0,2012-03-26T16:01:53.467
77,daniel.sedlacek,,"London, United Kingdom",2011-10-11 22:19:37.900,134,0,18,2,2012-05-04T08:42:02.123
78,becko,,,2011-10-11 22:25:57.097,101,0,0,0,2011-11-19T04:33:34.953
79,suriv,23,"Lisbon, Portugal",2011-10-11 22:33:23.437,3,0,24,9,2012-04-07T19:09:12.493
80,user80,,,2011-10-11 22:40:29.310,1,0,0,0,2011-10-11T22:40:29.310
81,Owe Jessen,37,"Kiel, Germany",2011-10-11 22:42:28.813,290,0,28,1,2012-05-04T10:22:18.237
82,Sylvain Peyronnet,,,2011-10-11 22:50:46.973,186,0,42,0,2012-04-13T19:18:10.283
83,Karol Piczak,25,"Warsaw, Poland",2011-10-11 22:55:03.177,101,0,3,0,2012-04-29T19:18:20.453
84,user496220,,,2011-10-11 23:19:37.753,1,0,0,1,2011-10-20T04:18:29.000
85,squidy,,,2011-10-11 23:26:37.547,1,0,0,0,2011-10-11T23:26:37.547
86,Joel Spolsky,,"New York, NY",2011-10-11 23:47:34.280,101,0,1,1,2012-04-05T20:16:46.550
87,user87,,,2011-10-11 23:48:33.437,1,0,0,0,2011-10-12T00:15:32.157
88,Brian,31,"Philadelphia, PA",2011-10-12 00:06:01.427,101,0,0,0,2011-10-25T19:43:23.713
89,Tal Fishman,30,New York,2011-10-12 00:42:43.667,422,0,88,20,2012-04-27T20:45:38.377
90,Kevin Montrose,,"New York City, New York",2011-10-12 00:52:32.967,101,0,1,0,2012-02-15T21:14:24.277
91,Jyotirmoy Bhattacharya,,"Delhi, India",2011-10-12 01:42:51.100,101,0,1,0,2011-10-30T16:24:03.737
92,Hartley Brody,22,USA,2011-10-12 01:45:09.333,101,0,0,0,2011-10-12T03:03:55.790
93,Borror0,,"Quebec City, Canada",2011-10-12 02:08:44.990,111,0,3,1,2012-03-28T05:51:58.787
94,Charles,,,2011-10-12 02:35:44.590,101,0,0,0,2011-10-23T01:00:35.327
95,mpiktas,31,"Vilnius, Lithuania",2011-10-12 02:54:51.560,108,0,85,1,2012-05-04T06:13:42.557
96,Kieran Andrews,25,Australia,2011-10-12 03:17:58.407,101,0,0,0,2011-10-12T03:17:58.407
97,apoorv020,22,India,2011-10-12 03:41:58.553,138,0,24,0,2012-02-22T03:57:01.223
98,QH7,18,"Un, India",2011-10-12 05:34:23.140,1,0,0,0,2011-10-12T06:27:15.207
99,viaclectic,,,2011-10-12 05:47:30.093,101,0,3,0,2011-11-28T20:03:55.927
100,Dheer,39,"Pune, India",2011-10-12 05:51:24.857,146,0,31,0,2011-12-13T10:56:15.050
101,gunbuster363,,,2011-10-12 06:23:15.870,149,0,0,0,2012-03-21T08:20:11.173
102,Jura25,,,2011-10-12 06:53:07.670,1,0,1,0,2012-04-07T04:32:43.527
103,ThePiachu,24,Internet Cloud,2011-10-12 07:00:12.270,337,0,23,0,2012-05-04T10:02:24.447
104,EnergyNumbers,44,"London, Europe",2011-10-12 07:20:17.697,2122,0,234,133,2012-05-04T18:20:28.883
106,poolie,36,"Sydney, Australia",2011-10-12 07:49:58.790,101,0,0,0,2011-10-12T09:52:32.567
107,ksoderstrom,,,2011-10-12 07:56:51.770,101,0,0,0,2011-10-26T16:48:00.887
108,Zarbouzou,,Paris,2011-10-12 08:53:10.270,101,0,14,0,2012-05-01T20:57:43.453
109,Hidalgos,22,Russia,2011-10-12 09:05:56.153,1,0,0,0,2012-02-14T19:05:04.687
110,Kevin Monk,32,"London, UK",2011-10-12 09:19:11.280,13,0,2,0,2011-10-20T20:59:43.750
111,catbert,23,Ukraine,2011-10-12 11:16:43.597,126,0,4,1,2011-11-18T11:52:19.827
112,miracle2k,,Germany,2011-10-12 11:17:09.040,101,0,0,0,2011-10-12T11:48:43.417
113,fenrier,,,2011-10-12 11:17:55.653,1,0,1,0,2011-10-26T04:27:35.663
114,David,,,2011-10-12 11:44:52.770,377,0,110,1,2012-05-04T09:25:48.673
115,check123,,,2011-10-12 12:00:41.153,152,0,6,3,2012-04-24T12:55:19.483
116,Chang,,,2011-10-12 12:17:42.620,111,0,2,0,2012-02-28T15:43:59.687
118,Alec,,,2011-10-12 14:26:19.937,101,0,4,0,2012-04-11T04:16:27.767
119,Nate,,,2011-10-12 15:21:52.680,365,0,39,1,2012-03-12T06:42:35.570
120,jgre,,,2011-10-12 15:51:26.573,101,0,0,0,2011-10-13T16:40:34.420
121,Sinan Ünür,42,"Ithaca, NY",2011-10-12 17:40:56.747,195,0,13,2,2011-11-02T17:05:47.303
122,user122,,,2011-10-12 18:41:32.380,101,0,0,0,2012-03-24T02:05:58.200
123,dkritz,,,2011-10-12 20:41:04.193,1,0,0,0,2011-10-14T14:44:45.143
124,Ryan,,,2011-10-13 01:30:27.427,78,0,37,15,2011-10-27T01:16:23.247
125,Shane Wealti,34,"Columbus, OH",2011-10-13 02:05:13.293,116,0,5,0,2012-04-20T20:58:08.840
126,KMC,,"Champaign, IL",2011-10-13 03:57:42.007,98,0,6,0,2012-03-06T14:08:59.937
127,jkj,27,Finland,2011-10-13 10:47:11.617,101,0,11,0,2012-01-24T18:12:25.433
128,balpha,31,"Berlin, Germany",2011-10-13 12:59:29.300,101,0,0,0,2011-11-28T13:31:07.570
129,Dynamo,28,,2011-10-13 15:15:16.457,1,0,0,0,2011-11-03T13:18:42.563
130,Feral Oink,,Arizona,2011-10-13 15:55:20.857,158,0,58,2,2012-05-04T18:05:38.897
131,Lev,,,2011-10-13 22:32:36.643,121,0,1,0,2011-10-21T05:53:34.750
132,David Kethel,,,2011-10-14 07:36:47.537,28,0,0,0,2011-12-14T02:05:04.820
133,Chad,,"Peoria, IL",2011-10-14 18:23:53.380,452,0,77,25,2012-04-27T19:28:20.450
134,Lawrence Leung,29,"Hong Kong, Hong Kong",2011-10-14 18:26:17.027,1,0,0,0,2011-10-14T18:26:17.027
135,Yves Junqueira,,,2011-10-14 20:07:44.350,101,0,0,0,2011-10-15T21:58:27.710
136,user136,,,2011-10-14 20:08:04.257,1,0,0,0,2011-10-14T20:08:04.257
137,Aaron,,,2011-10-15 03:01:27.620,101,0,2,0,2011-12-08T14:13:15.493
138,figuringout,,,2011-10-15 03:49:31.473,1,0,0,0,2011-10-15T03:49:31.473
139,Jon Page,30,"Honolulu, Hawaii, USA",2011-10-15 03:51:12.767,1,0,0,0,2011-10-15T03:51:12.767
140,zachary,,"Melbourne, Australia",2011-10-15 05:54:07.973,101,0,0,0,2011-10-15T05:54:07.973
141,LoganFrederick,,"Hilliard, OH",2011-10-15 06:04:37.337,1,0,0,0,2011-10-17T02:48:39.857
142,yutakashino,,"Tokyo, Japan",2011-10-15 06:31:55.913,1,0,1,0,2011-11-02T02:03:40.220
143,Faust,41,Germany,2011-10-15 07:19:34.637,101,0,0,0,2012-02-26T23:23:46.867
144,Fountain,,,2011-10-15 07:41:35.557,101,0,0,0,2012-01-23T20:02:42.043
145,Alexey Kalmykov,,,2011-10-15 08:34:06.107,101,0,0,0,2012-03-10T13:30:10.337
146,Roel Veldhuizen,26,"Utrecht, Netherlands",2011-10-15 10:38:26.543,101,0,0,0,2011-10-15T10:38:26.543
147,Duopixel,32,"Cancun, Mexico",2011-10-15 12:38:39.103,101,0,0,0,2011-10-15T12:38:39.103
148,Lyuben,33,Bulgaria,2011-10-15 16:12:09.003,101,0,2,0,2011-10-15T17:07:54.217
149,dchandler,,"Cambridge, MA",2011-10-15 18:42:56.867,338,0,35,10,2012-04-26T15:44:32.013
150,Reed,,,2011-10-15 19:19:27.820,1,0,4,0,2011-12-10T23:56:30.710
151,John Horton,,,2011-10-15 19:46:30.420,101,0,2,0,2011-10-15T20:19:55.463
152,Paul Dexter,,,2011-10-15 21:15:30.660,136,0,24,0,2012-02-23T23:08:23.763
153,Waleed Al-Balooshi,30,Michigan,2011-10-16 02:39:55.280,101,0,2,0,2011-10-27T21:04:26.427
154,Sriram,35,"Chennai, India",2011-10-16 05:34:34.963,101,0,0,0,2011-10-16T05:34:34.963
155,user709947,,,2011-10-16 20:08:50.887,1,0,0,0,2011-10-26T04:19:56.747
156,snth,,,2011-10-17 07:25:13.400,101,0,0,0,2011-10-17T07:57:22.660
157,HedgeMage,,"Indianapolis, IN",2011-10-17 18:16:14.547,101,0,0,0,2011-10-24T19:00:52.443
159,James,31,"Atlanta, GA",2011-10-18 12:18:18.447,1,0,0,0,2011-10-18T12:18:18.447
160,Chris W. Rea,37,"Toronto, Canada",2011-10-18 17:45:21.653,121,0,10,1,2012-05-02T13:53:30.637
161,1ArmedEconomist,,,2011-10-19 00:52:10.973,1,0,1,0,2011-10-19T01:07:12.860
162,Vadym,,,2011-10-19 08:16:15.037,1,0,0,0,2011-10-19T09:58:53.323
163,user163,,,2011-10-19 15:46:38.810,41,0,1,0,2012-04-16T10:07:12.317
164,David Wiczer,27,,2011-10-21 01:35:58.070,1,0,0,0,2011-10-21T01:35:58.070
165,Muro,39,United States,2011-10-21 02:08:52.747,410,0,24,0,2012-05-04T16:15:46.723
166,Nicholas Smith,,,2011-10-21 04:49:59.933,1,0,0,0,2011-11-21T05:29:29.337
167,M.K.,,,2011-10-21 18:04:22.430,101,0,10,0,2012-03-24T09:13:34.673
168,Tudders,,,2011-10-22 09:43:35.510,1,0,0,0,2011-11-20T01:01:42.520
169,Bitsy,,,2011-10-24 02:09:11.583,11,0,0,0,2011-11-14T22:11:10.590
170,user170,,,2011-10-24 14:31:58.517,1,0,0,0,2011-10-24T14:31:58.517
171,InterestedGuest,,,2011-10-25 04:27:49.740,190,0,5,1,2012-04-29T05:20:26.147
172,Lance Roberts,46,"Fairbanks, AK",2011-10-25 19:35:41.850,101,0,0,0,2011-11-03T10:33:23.420
173,Kai Chan,,,2011-10-25 19:37:21.863,101,0,1,0,2011-10-25T23:30:45.730
174,Jeremy Banks ʬʬʬ,22,"Toronto, Ontario, Canada",2011-10-25 19:38:23.800,103,0,1,0,2012-04-27T17:15:26.010
175,Dr G,,,2011-10-25 19:39:10.757,101,0,1,0,2011-10-25T19:39:10.757
176,Pedro d'Aquino,,,2011-10-25 19:42:31.360,101,0,0,0,2011-10-25T20:13:26.500
177,Leigh Caldwell,36,"London, United Kingdom",2011-10-25 19:45:22.767,101,0,0,0,2011-12-30T14:17:14.717
178,Tom Au,,"New York, New York",2011-10-25 19:49:26.690,688,0,17,0,2012-05-04T18:15:47.510
179,Jason Rowe,33,"St Paul, AR",2011-10-25 20:19:31.737,101,0,0,0,2011-10-25T20:19:31.737
180,Diego,30,Brazil,2011-10-25 20:23:19.810,1,0,0,0,2011-10-25T20:23:19.810
181,MathMathCookie,,,2011-10-25 20:24:23.193,135,0,0,0,2011-12-13T23:34:39.510
182,Dimitry L,24,"New Orleans, LA",2011-10-25 20:26:43.970,1,0,0,0,2011-10-25T20:26:43.970
183,Andrew MacFie,,,2011-10-25 21:05:07.847,113,0,2,0,2012-03-24T17:47:53.660
184,jpwatts,31,"Houston, TX",2011-10-25 21:12:10.433,101,0,9,0,2012-05-04T19:51:38.663
185,SRKX,26,"Geneva, Switzerland",2011-10-25 22:31:51.217,101,0,6,0,2012-04-28T18:35:42.203
186,roseck,,"London, UK",2011-10-25 22:36:29.997,101,0,5,0,2012-01-28T16:39:34.723
187,Jason Waldrop,,,2011-10-25 22:58:28.970,113,0,0,0,2012-05-03T01:33:44.133
188,Endy Tjahjono,37,"Jakarta, Indonesia",2011-10-25 23:15:35.487,101,0,1,0,2011-11-08T06:50:51.800
189,George Lowther,39,"London, United Kingdom",2011-10-26 00:07:15.703,103,0,0,0,2012-04-10T20:27:25.800
190,Derek Ploor,,,2011-10-26 00:16:59.100,101,0,1,0,2012-04-28T06:12:50.287
191,Shane,33,"New York, NY",2011-10-26 01:02:00.087,101,0,0,0,2011-10-27T00:38:30.180
192,canadiancreed,36,"Toronto, Canada",2011-10-26 02:20:04.763,101,0,0,0,2012-04-22T19:28:49.477
193,Newtopian,39,"Shenzhen, China",2011-10-26 02:54:47.317,101,0,0,0,2011-10-26T02:54:47.317
194,Adam,,Thailand,2011-10-26 03:18:54.223,101,0,0,0,2011-10-26T03:18:54.223
195,yibe,,,2011-10-26 03:24:56.210,101,0,0,0,2012-05-01T13:12:36.383
196,dvide,25,United Kingdom,2011-10-26 04:42:57.597,101,0,0,0,2011-10-26T04:42:57.597
197,phaedrus,,,2011-10-26 07:18:12.567,129,0,39,0,2012-04-07T06:25:05.540
198,Ronaldo Carpio,,,2011-10-26 09:11:45.347,26,0,0,0,2012-05-04T02:18:34.120
199,McGin,,,2011-10-26 12:08:06.923,1,0,0,0,2011-10-26T12:08:06.923
200,Lohoris,31,"Genova, Italy",2011-10-26 12:26:30.680,103,0,10,0,2012-02-03T14:14:36.290
201,Sami,38,"New York, NY",2011-10-26 14:06:15.360,101,0,0,0,2012-02-07T22:12:19.547
202,derobert,29,Virginia,2011-10-26 16:51:13.407,101,0,1,0,2011-10-26T17:08:20.127
203,Tiago Cardoso,28,Brazil,2011-10-26 17:01:50.133,101,0,0,0,2011-10-26T17:01:50.133
204,Tim,,,2011-10-26 20:04:32.620,148,0,5,0,2012-04-28T12:15:44.507
205,uosɐſ,,,2011-10-26 20:51:47.813,101,0,0,0,2011-10-26T21:08:12.603
206,microquestion,,,2011-10-26 23:27:33.277,28,0,0,0,2011-10-27T04:12:09.567
207,nethy,,,2011-10-27 01:07:45.993,56,0,0,0,2011-10-27T01:07:45.993
208,AndrewFerrara,,,2011-10-27 01:12:23.787,101,0,0,0,2011-12-13T19:41:43.917
209,raducek,,,2011-10-27 04:30:51.510,13,0,0,0,2011-10-27T20:26:41.153
210,nabeelmukhtar,,,2011-10-27 05:44:22.573,101,0,0,0,2011-11-17T07:44:53.417
211,Steven Chen,,,2011-10-27 05:58:01.377,1,0,0,0,2011-10-31T05:24:17.010
212,methusaleh,,,2011-10-27 16:25:15.230,106,0,0,0,2012-03-04T01:00:49.360
213,Dunk,47,North Carolina,2011-10-27 21:00:07.960,101,0,0,0,2011-10-27T21:00:07.960
214,Jeromy Anglim,,"Melbourne, Australia",2011-10-28 00:01:18.310,101,0,0,0,2012-05-02T10:37:35.653
215,Nick Toller,,,2011-10-28 04:49:48.547,16,0,0,0,2011-11-28T16:44:22.913
217,Bilal Barakat,,,2011-10-28 13:03:25.603,101,0,0,0,2011-11-20T00:07:44.533
218,NCJ,34,"York, PA",2011-10-28 13:09:08.093,1,0,0,0,2012-03-27T13:15:27.913
219,mzuba,27,"Vienna, Austria",2011-10-28 13:13:10.617,215,0,9,1,2012-05-03T11:31:25.643
220,JFW,,"On my , or probably skiing.",2011-10-29 15:04:17.290,101,0,0,0,2011-10-29T15:04:17.290
221,Keith,26,,2011-10-29 18:10:53.497,31,0,5,0,2012-02-13T19:21:44.403
222,Yi Jiang,18,"Singapore, Singapore",2011-10-29 18:11:12.923,101,0,18,0,2011-12-13T12:59:32.147
223,runnerup,,,2011-10-29 18:25:34.087,1,0,0,0,2011-10-29T18:25:34.087
224,StasM,37,"San Jose, CA",2011-10-29 18:46:48.240,148,0,4,0,2011-11-21T21:37:40.637
225,mootinator,31,"Saskatoon, Canada",2011-10-29 20:30:25.300,101,0,0,0,2011-10-29T20:53:08.207
226,Vitaly,,,2011-10-29 22:51:28.840,101,0,0,0,2011-10-29T22:51:28.840
227,Adrian Petrescu,24,"Waterloo, Canada",2011-10-29 23:27:04.147,101,0,1,0,2012-02-20T17:32:32.247
228,dmckee,41,Duchy of Grand Fenwick,2011-10-30 01:12:13.343,101,0,4,0,2011-11-01T02:07:34.553
229,dgw,21,"Waltham, MA",2011-10-30 08:21:22.663,101,0,0,0,2012-02-21T01:45:24.333
230,Quandary,29,Switzerland,2011-10-30 12:38:35.423,101,0,2,0,2011-10-31T22:49:33.910
231,Steve French,39,"Atlanta, GA",2011-10-30 19:59:04.233,101,0,0,0,2011-10-30T19:59:04.233
232,Navi,,,2011-10-30 20:32:08.637,101,0,0,0,2011-10-30T20:32:08.637
233,telefunkenvf14,32,Nebraska,2011-10-31 02:51:53.710,101,0,0,0,2011-10-31T02:51:53.710
234,e2ma99iah,,"Aurora, CO",2011-10-31 04:55:27.467,1,0,0,0,2011-10-31T04:55:27.467
235,Rolands Bondars,25,"Riga, Republic of Latvia",2011-10-31 14:50:15.567,1,0,0,0,2011-10-31T14:50:15.567
236,adsisco,,,2011-10-31 14:54:36.793,1,0,0,0,2011-12-19T11:36:11.837
237,devnul3,28,"Washington, United States",2011-10-31 17:24:08.090,101,0,0,0,2011-10-31T17:24:08.090
238,lurscher,,,2011-10-31 20:14:28.380,104,0,0,0,2011-11-01T22:05:02.053
239,Werner Schmitt,,,2011-10-31 20:29:40.807,101,0,26,0,2011-11-02T03:35:11.347
240,mjcopple,24,Texas,2011-11-01 01:21:44.097,101,0,0,0,2012-05-02T16:15:33.417
241,miernik,,,2011-11-01 08:56:14.913,101,0,0,0,2011-11-05T15:32:48.937
242,CQM,,,2011-11-01 09:37:57.457,140,0,1,0,2012-05-01T17:09:47.070
243,Matthew Rankin,37,"Independence, MO",2011-11-01 13:00:47.223,101,0,0,0,2011-11-01T13:00:47.223
244,wormintrude,28,"Buenos Aires, Argentina",2011-11-01 14:54:48.987,101,0,0,0,2011-11-01T14:54:48.987
245,MatthewMartin,38,United States,2011-11-01 17:14:55.543,101,0,3,0,2012-03-13T14:52:20.153
246,Cplayer,,,2011-11-02 07:05:31.487,101,0,1,0,2011-11-02T20:49:43.890
247,Mongus Pong,38,"Devon, PA",2011-11-02 16:04:24.510,136,0,11,0,2012-01-05T09:47:02.150
248,Gilles,32,"Paris, France",2011-11-02 20:18:50.620,101,0,2,0,2012-05-01T18:20:10.020
249,jrhorn424,26,Virginia,2011-11-02 21:15:22.663,138,0,41,0,2011-12-07T01:04:44.263
250,Lucent,29,"Knoxville, TN",2011-11-02 22:30:27.910,1,0,0,0,2011-11-02T22:30:27.910
251,JohnFx,41,United States,2011-11-03 00:35:04.583,101,0,3,0,2011-12-27T00:20:25.640
252,Blake Johnson,,,2011-11-03 04:43:04.480,1,0,0,0,2011-11-16T19:26:58.343
253,ripper234,30,Israel,2011-11-03 13:54:57.333,101,0,8,0,2012-03-11T11:08:30.813
254,psusi,33,,2011-11-03 17:57:37.890,111,0,2,0,2011-12-06T19:31:16.697
255,riotburn,,,2011-11-03 19:06:35.337,11,0,0,0,2011-11-18T19:40:59.080
256,David Nehme,45,"Austin, TX",2011-11-04 04:57:26.600,101,0,0,0,2012-02-29T04:26:13.237
257,RobertDavidGraham,,,2011-11-04 05:28:02.147,226,0,3,1,2011-11-12T16:43:31.653
258,Hamidam,,,2011-11-04 11:45:05.623,123,0,1,0,2012-03-15T09:10:47.680
259,ZAxisMapping,,,2011-11-04 12:49:30.987,101,0,0,0,2011-12-08T21:13:58.237
261,authentictech,,"London, United Kingdom",2011-11-04 14:29:18.850,1,0,0,0,2011-11-04T14:29:18.850
262,rutherford,,"Belfast, United Kingdom",2011-11-04 15:05:01.153,121,0,0,0,2011-12-21T03:08:00.980
263,Galdor,,,2011-11-04 21:12:58.413,1,0,0,0,2011-11-04T21:12:58.413
264,Jeff Atwood,41,"El Cerrito, CA",2011-11-05 01:41:36.063,101,0,4,0,2012-01-22T09:09:30.033
265,James McLachlan,,"Toronto, Canada",2011-11-05 02:13:32.383,101,0,3,0,2011-11-05T02:13:32.383
266,coneslayer,35,Pennsylvania,2011-11-05 02:15:51.123,101,0,1,0,2011-11-05T02:15:51.123
267,iamgopal,28,"Ahmadabad, India",2011-11-05 02:17:45.427,101,0,0,0,2011-11-05T02:17:45.427
268,Charles Miller,36,"Sydney, Australia",2011-11-05 02:40:08.027,101,0,0,0,2011-11-05T02:59:14.417
269,konrad,34,"Stockholm, Sweden",2011-11-05 02:47:56.810,101,0,0,0,2011-11-09T23:06:50.983
270,Richard Tallent,,,2011-11-05 02:52:29.657,1,0,0,0,2011-11-05T15:52:02.173
271,neontapir,40,Colorado,2011-11-05 03:37:54.103,101,0,1,0,2011-11-05T20:50:34.480
272,kolrie,33,"Campinas, Brazil",2011-11-05 03:47:23.950,101,0,0,0,2011-11-05T03:47:23.950
273,tfitzgerald,,,2011-11-05 04:23:52.430,1,0,0,0,2011-11-05T04:23:52.430
274,Deepak Singh Rawat,28,"Bangalore, India",2011-11-05 04:25:04.693,101,0,0,0,2011-11-05T04:25:04.693
275,Nejchy,,,2011-11-05 04:30:35.037,1,0,0,0,2012-03-15T18:08:10.943
276,Hisoka,,"New York, NY",2011-11-05 04:34:20.373,101,0,0,0,2012-02-11T05:10:14.807
277,yurymik,,,2011-11-05 04:43:10.130,101,0,1,0,2011-11-05T04:43:10.130
278,X-Rusky,,,2011-11-05 04:50:41.057,1,0,0,0,2011-11-05T04:50:41.057
279,JGarrido,,"Miami, FL",2011-11-05 05:00:39.670,1,0,0,0,2011-11-05T05:00:39.670
280,praxeologist,,,2011-11-05 05:23:57.857,1,0,0,0,2011-11-05T05:43:40.153
281,vodkhang,22,Vietnam,2011-11-05 05:38:45.370,101,0,1,0,2011-11-07T04:06:49.663
282,Rena,,,2011-11-05 05:54:50.790,1,0,0,0,2011-11-05T05:54:50.790
283,Kelley,,,2011-11-05 06:07:59.883,1,0,0,0,2011-11-05T06:07:59.883
284,Russell Davis,,"Sunnyvale, CA",2011-11-05 06:25:05.250,101,0,1,0,2011-11-05T06:25:05.250
285,TallGuy,,"Wellington, New Zealand",2011-11-05 06:29:14.420,101,0,0,0,2011-11-05T06:29:14.420
286,sharth,,,2011-11-05 06:30:01.063,101,0,0,0,2011-11-05T06:30:01.063
287,adamrights,,,2011-11-05 06:31:28.973,1,0,0,0,2012-02-09T08:02:26.293
289,michaelc,27,Utah,2011-11-05 07:06:39.007,101,0,0,0,2011-11-05T07:06:39.007
290,Craig Walker,35,"Calgary, Canada",2011-11-05 07:23:35.570,101,0,0,0,2011-11-05T07:23:35.570
291,happyfeet,31,"Chennai, India",2011-11-05 07:31:22.017,1,0,0,0,2011-11-05T07:31:22.017
292,Metwara Narksook,,,2011-11-05 07:38:43.093,1,0,0,0,2011-11-05T07:57:07.343
293,Kevin Riggle,,,2011-11-05 07:51:19.980,1,0,0,0,2011-11-05T07:51:19.980
294,user294,,,2011-11-05 08:39:03.540,1,0,0,0,2011-11-05T08:39:03.540
295,Stiivi,,"Bratislava, Slovakia",2011-11-05 08:39:45.240,101,0,0,0,2011-11-07T11:38:23.463
296,partoa,,,2011-11-05 08:52:53.273,101,0,0,0,2011-11-05T08:52:53.273
297,ernh13,20,,2011-11-05 09:35:37.730,1,0,0,0,2012-04-23T19:47:23.227
298,Theodore Nordsieck,,,2011-11-05 09:36:34.607,1,0,0,0,2011-11-05T09:36:34.607
299,peter,,,2011-11-05 09:53:29.587,101,0,0,0,2011-11-05T09:53:29.587
300,yossale,29,Israel,2011-11-05 10:12:39.837,101,0,1,0,2011-11-05T10:12:39.837
301,xiaji,,"Xiamen, China",2011-11-05 10:15:41.797,1,0,0,0,2011-11-05T10:15:41.797
302,Anton Strogonoff,22,,2011-11-05 10:17:50.483,101,0,0,0,2011-11-05T10:17:50.483
303,xamde,,"Karlsruhe, Germany",2011-11-05 10:19:33.087,1,0,0,0,2011-11-05T10:19:33.087
304,mikera,33,United Kingdom,2011-11-05 10:37:38.517,101,0,2,0,2011-11-05T10:37:38.517
305,mika,33,"Helsinki, Finland",2011-11-05 11:13:21.577,101,0,0,0,2011-11-06T21:20:17.860
306,Simon Brown,,United Kingdom,2011-11-05 11:13:37.370,101,0,0,0,2012-04-22T23:03:33.590
307,damageboy,34,"Tel Aviv, Israel",2011-11-05 11:28:43.930,101,0,0,0,2011-11-05T11:28:43.930
308,t3rse,36,United States,2011-11-05 11:30:32.780,101,0,1,0,2012-02-22T16:05:09.163
309,Kennethologist,26,The Bahamas,2011-11-05 11:58:10.750,1,0,0,0,2011-11-07T18:46:21.660
310,Teemu Kurppa,,"Helsinki, Finland",2011-11-05 12:12:01.777,101,0,0,0,2011-11-05T12:12:01.777
311,davewasthere,39,United Kingdom,2011-11-05 12:18:05.887,101,0,1,0,2011-11-05T12:18:05.887
312,Patrick McElhaney,34,"Charlotte, NC",2011-11-05 13:03:02.503,101,0,4,0,2011-11-06T20:23:51.427
313,shazmoh,,New Jersey,2011-11-05 13:03:04.920,101,0,0,0,2011-11-05T13:03:04.920
314,Jay,63,"Minneapolis, MN",2011-11-05 13:08:10.427,101,0,1,0,2012-04-28T22:13:28.623
315,Tony Biondo,,,2011-11-05 13:25:42.387,1,0,0,0,2011-11-05T13:25:42.387
316,K.O,,,2011-11-05 14:44:26.440,1,0,0,0,2011-11-05T14:44:26.440
317,EricLaw -MSFT-,32,"Redmond, WA",2011-11-05 15:06:26.037,101,0,2,0,2011-11-05T15:06:26.037
318,iterationx,33,"Minneapolis, MN",2011-11-05 15:10:58.933,101,0,0,0,2011-11-05T15:10:58.933
319,yahelc,25,"Brooklyn, NY",2011-11-05 15:59:27.370,103,0,0,0,2011-11-05T15:59:27.370
320,user460331,,,2011-11-05 16:00:38.740,1,0,0,0,2011-11-05T16:00:38.740
321,Alec Perkins,,"Troy, NY",2011-11-05 16:08:17.233,1,0,0,0,2011-11-05T16:36:38.057
322,Johannes Degn,,,2011-11-05 16:27:17.810,11,0,0,0,2011-12-13T12:57:01.333
323,greyfade,30,"Bellingham, WA",2011-11-05 16:51:38.527,101,0,5,0,2011-11-05T16:51:38.527
324,tim peterson,,,2011-11-05 17:16:37.870,101,0,0,0,2011-11-05T17:16:37.870
325,Vinny Carpenter,,"Brookfield, WI",2011-11-05 18:22:10.990,1,0,0,0,2011-11-05T18:22:10.990
326,sestocker,28,United States,2011-11-05 19:22:35.633,101,0,1,0,2012-02-07T20:51:52.737
327,Zach,27,"Seattle, WA",2011-11-05 19:35:40.460,101,0,0,0,2011-11-05T19:35:40.460
328,Cahit,,,2011-11-05 20:02:13.930,101,0,0,0,2011-11-05T20:02:13.930
329,bonifaz,,,2011-11-05 23:08:06.670,120,0,9,0,2012-01-13T10:08:18.207
330,Arjun Bajaj,,India,2011-11-05 23:39:37.597,101,0,0,0,2011-11-06T14:57:51.110
331,cgt,,,2011-11-06 00:12:26.433,1,0,0,0,2011-11-06T00:12:26.433
332,Nubok,26,"Magdeburg, Germany",2011-11-06 00:22:13.993,101,0,3,0,2011-11-06T00:22:13.993
333,Fg Nu,,,2011-11-06 01:38:06.450,1,0,0,0,2012-04-24T22:59:42.730
334,viraj,,,2011-11-06 04:05:40.703,103,0,1,0,2011-12-28T16:31:42.203
335,Dan Aloni,29,,2011-11-06 07:40:15.727,111,0,1,0,2011-11-11T08:29:33.680
336,Bill,,"Los Angeles, CA",2011-11-06 08:18:02.277,101,0,1,0,2011-11-06T08:18:02.277
337,IAdapter,,"Warsaw, Poland",2011-11-06 11:46:57.057,101,0,0,0,2011-11-06T11:46:57.057
338,evilhomer,31,Ireland,2011-11-06 12:01:36.930,101,0,0,0,2011-11-06T12:01:36.930
339,Sankhadeb Bhattacharya,,,2011-11-06 12:20:05.690,1,0,0,0,2011-11-06T12:52:24.790
340,pigouina,,,2011-11-06 15:11:26.333,1,0,0,0,2011-11-06T15:11:26.333
341,Dave,,,2011-11-06 16:11:49.387,1,0,0,0,2011-11-06T16:11:49.387
342,bizso09,,,2011-11-06 16:34:23.033,123,0,3,0,2012-03-30T06:43:12.540
343,Joe,,,2011-11-06 17:59:53.473,1,0,0,0,2011-11-06T17:59:53.473
344,rem,,,2011-11-06 18:55:45.260,101,0,1,0,2011-12-18T11:02:32.763
345,Craig N.,,,2011-11-06 19:34:31.050,1,0,0,0,2011-12-17T02:56:51.420
346,Highly Irregular,35,"Napier, New Zealand",2011-11-06 21:15:10.827,103,0,10,0,2012-05-03T21:56:30.493
347,Xodarap,,,2011-11-06 22:05:49.863,101,0,2,0,2011-11-06T22:05:49.863
348,L. De Leo,,,2011-11-06 22:13:07.453,101,0,0,0,2011-11-06T22:13:07.453
349,Andrew,,,2011-11-06 23:59:49.660,1,0,0,0,2011-11-06T23:59:49.660
350,Mike Dunlavey,67,United States,2011-11-07 00:35:09.350,101,0,0,0,2011-11-13T14:12:29.020
351,SFun28,,,2011-11-07 00:46:22.000,101,0,11,0,2011-12-12T19:51:43.550
352,Seun Osewa,,Africa,2011-11-07 03:54:26.837,101,0,15,0,2012-03-12T21:35:58.710
353,Kit,25,Philippines,2011-11-07 04:45:12.080,101,0,1,0,2011-11-07T04:45:12.080
354,Martin,,Austria,2011-11-07 15:48:26.083,112,0,9,0,2011-11-11T08:30:31.773
355,Dan Fabulich,32,,2011-11-07 16:59:34.457,101,0,0,0,2011-12-03T04:53:46.993
356,user356,,,2011-11-07 19:06:59.493,1,0,0,0,2011-11-07T19:22:47.197
358,NickC,29,United States,2011-11-08 00:35:14.967,101,0,1,0,2011-11-08T00:35:14.967
359,1.01pm,92,"Atlantis, FL",2011-11-08 08:09:33.560,101,0,0,0,2011-11-08T08:09:33.560
360,Maxim Ananyev,26,"Novosibirsk, Russia",2011-11-08 08:19:36.670,101,0,0,0,2011-11-08T09:55:45.927
361,unbeli,31,Switzerland,2011-11-08 13:40:27.363,101,0,0,0,2011-11-08T13:40:27.363
362,f13o,30,"Belgrade, Serbia",2011-11-08 14:50:18.553,1,0,0,0,2012-03-01T11:48:21.007
363,Seth Rogers,,"New York, United States",2011-11-08 15:05:15.343,101,0,3,0,2012-04-13T18:30:03.387
364,Brian Carlton,43,California,2011-11-08 19:09:09.813,101,0,1,0,2011-11-08T19:09:09.813
365,Mark O'Grady,,"Suffolk, VA",2011-11-08 22:54:48.877,113,0,0,0,2011-12-19T16:27:15.190
366,JoeTaxpayer,49,"Sudbury, MA",2011-11-08 23:34:49.243,101,0,0,0,2011-12-12T02:11:17.430
367,Thomas Havlik,,,2011-11-09 03:14:04.290,111,0,1,0,2011-11-11T22:12:13.637
368,daitangio,38,"Milan, Italy",2011-11-09 08:59:09.520,101,0,0,0,2011-11-09T08:59:09.520
369,nicerobot,,United States,2011-11-09 13:22:34.477,101,0,0,0,2011-12-19T20:31:14.573
370,shadyabhi,22,India,2011-11-09 13:27:56.523,101,0,0,0,2011-11-09T13:27:56.523
371,llll,,,2011-11-09 17:59:36.210,1,0,0,0,2011-11-09T17:59:36.210
372,DVK,43,"New York, NY",2011-11-09 19:38:58.353,101,0,0,0,2011-11-09T19:38:58.353
373,msanford,,,2011-11-09 22:36:32.863,101,0,3,0,2011-11-09T22:54:21.657
374,JS.,,,2011-11-10 03:42:11.480,1,0,0,0,2011-11-10T16:22:07.077
375,Zac Gochenour,,,2011-11-10 04:48:09.767,1,0,0,0,2011-11-10T04:48:09.767
376,MinimeDJ,,Next to you,2011-11-10 21:04:15.230,101,0,1,0,2012-01-05T20:48:10.913
377,Ning,,,2011-11-10 21:25:08.163,57,0,1,0,2012-03-18T22:02:27.210
378,meklarian,34,"Boston, MA",2011-11-10 23:11:11.940,101,0,0,0,2011-11-10T23:11:11.940
379,Bill the Lizard,37,"Charlotte, NC",2011-11-11 16:02:03.827,101,0,0,0,2011-11-29T18:47:17.723
380,hroptatyr,32,,2011-11-11 17:14:43.027,101,0,0,0,2011-11-11T17:14:43.027
381,Sergey,,,2011-11-11 17:39:04.837,101,0,1,0,2011-11-12T15:58:50.090
382,hoymkot,,,2011-11-12 02:07:27.083,1,0,0,0,2011-11-13T07:04:48.400
383,chriscoder,34,"Sacramento, CA",2011-11-12 08:51:17.077,1,0,0,0,2011-11-12T08:51:17.077
384,kiamlaluno,42,"Brescia, Italy",2011-11-12 09:23:47.237,101,0,0,0,2011-11-12T09:23:47.237
385,Faisal Abid,22,"Toronto, Canada",2011-11-12 22:01:40.253,101,0,0,0,2011-11-12T22:01:40.253
386,Speldosa,27,"Oslo, Norway",2011-11-13 01:34:35.867,101,0,0,0,2011-11-13T01:34:35.867
387,gprasant,22,"Chennai, India",2011-11-13 11:53:26.430,101,0,0,0,2012-05-01T05:47:34.783
388,Paul D. Waite,31,United Kingdom,2011-11-13 13:35:46.227,101,0,0,0,2011-11-13T13:35:46.227
389,Kangarooo,,"Riga, Republic of Latvia",2011-11-14 01:05:22.833,101,0,0,0,2011-11-14T19:27:51.217
390,Dmitry Kruglov,,,2011-11-14 11:55:36.117,1,0,0,0,2011-11-14T11:55:36.117
391,Andy Wiesendanger,,New Jersey,2011-11-15 20:06:00.627,101,0,1,0,2011-12-01T20:24:40.740
392,MaxMackie,20,"Ottawa, Canada",2011-11-16 02:03:59.617,101,0,0,0,2012-02-12T23:16:06.557
393,Regent,26,"London, United Kingdom",2011-11-16 08:44:56.997,101,0,0,0,2011-11-16T08:44:56.997
394,wok,25,France,2011-11-16 14:53:57.993,101,0,0,0,2011-11-16T14:53:57.993
395,ricky197311,,,2011-11-16 18:55:39.093,1,0,0,0,2011-11-16T18:55:39.093
396,Alex,25,,2011-11-16 22:23:24.710,101,0,0,0,2012-02-20T04:37:56.707
397,Michael Greinecker,,,2011-11-17 14:00:35.343,269,0,16,5,2012-05-01T09:24:55.640
398,Graham,28,"Cape Town, South Africa",2011-11-17 18:08:45.077,1,0,0,0,2011-11-18T06:31:59.130
399,Will Townes,,"Washington, DC",2011-11-17 21:00:37.967,1,0,0,0,2012-03-02T15:07:16.657
400,Manoochehr,25,,2011-11-17 23:19:43.223,218,0,49,2,2012-05-02T04:39:49.947
401,joonho,,,2011-11-18 00:48:29.997,1,0,0,0,2011-11-18T00:48:29.997
402,konr,25,Brazil,2011-11-18 07:54:57.627,101,0,1,0,2011-12-03T19:06:24.573
403,pencilCake,,,2011-11-18 08:41:15.467,125,0,2,0,2012-02-21T13:42:36.247
404,Thomas Clayson,21,"Cambridgeshire, United Kingdom",2011-11-18 13:37:55.933,131,0,1,0,2011-11-19T01:43:41.843
405,Pablitorun,,,2011-11-18 16:25:28.207,184,0,12,3,2012-03-13T22:12:13.410
406,Dark Templar,,,2011-10-28 07:57:09.177,113,0,5,0,2011-11-22T17:01:58.810
407,Dimitriy V. Masterov,,"Ann Arbor, MI",2011-11-18 19:52:54.120,259,0,8,2,2012-05-04T16:11:31.003
408,user408,,,2011-11-19 06:39:42.740,1,0,0,0,2011-11-19T06:39:42.740
409,Snailplant,,,2011-11-19 08:21:59.353,1,0,0,0,2011-11-19T08:21:59.353
410,Karajaru,,"Paris, France",2011-11-19 10:18:17.870,56,0,5,0,2012-04-09T09:10:26.063
411,hippietrail,,,2011-11-19 10:50:07.800,103,0,4,0,2011-11-19T11:35:43.097
412,Manizha Akimbekova,,,2011-11-19 15:22:56.670,11,0,0,0,2011-12-25T21:41:48.573
413,PhilipK,24,"Guelph, Canada",2011-11-19 16:03:52.277,101,0,0,0,2011-11-19T20:38:18.643
414,Luigi,28,"Naples, Italy",2011-11-19 18:20:10.347,33,0,2,0,2012-03-18T19:02:28.303
415,Guy Sergi,,,2011-11-20 00:15:07.217,1,0,0,0,2011-11-20T03:02:42.330
416,Andrew Cone,28,"Chicago, IL",2011-11-20 04:26:02.053,128,0,1,0,2011-11-23T15:22:35.657
417,Clinton Freeman,22,"Boone, NC",2011-11-21 03:21:56.120,101,0,4,0,2012-02-22T21:58:02.700
418,rds,32,France,2011-11-22 11:06:44.213,101,0,9,0,2011-11-22T13:05:06.557
419,knorv,,,2011-11-22 13:34:48.717,101,0,0,0,2011-11-22T13:34:48.717
420,phwd,24,"Montreal, Canada",2011-11-22 17:07:27.337,101,0,0,0,2011-12-06T23:00:23.587
421,pepijn,,,2011-11-23 11:50:05.143,118,0,2,0,2011-12-04T06:34:44.780
422,N. Jones,,,2011-11-23 14:56:04.000,13,0,0,0,2011-12-07T15:26:40.597
423,bonds - james bonds,,,2011-11-23 15:38:11.663,11,0,0,0,2011-11-23T15:38:11.663
424,Jeff Meatball Yang,29,"Brooklyn, NY",2011-11-23 16:26:22.763,101,0,0,0,2011-11-23T16:26:22.763
425,buruzaemon,45,Japan,2011-11-24 03:25:35.327,108,0,1,0,2011-12-17T06:31:41.600
426,lecter,25,"Sakhalinskaya Oblast, Russia",2011-11-24 03:34:03.553,1,0,0,0,2011-11-24T03:34:03.553
427,Gordon,29,"Dublin, Ireland",2011-11-24 13:23:07.170,101,0,0,0,2011-11-24T13:23:07.170
428,Neves,46,"Coimbra, Portugal",2011-11-24 15:17:03.750,101,0,0,0,2011-11-24T15:17:03.750
429,RYogi,,,2011-11-24 21:12:02.333,101,0,1,0,2011-11-24T21:12:02.333
430,Olhovsky,,"Toronto, Canada",2011-11-24 22:26:03.313,101,0,0,0,2011-11-25T00:06:44.933
431,Ari,,"New York, NY",2011-11-25 03:39:13.120,101,0,0,0,2011-11-25T03:39:13.120
432,Jim Thio,,,2011-11-25 11:35:41.970,123,0,19,0,2012-04-10T09:42:40.947
433,luispedro,31,"Pittsburgh, PA",2011-11-25 12:22:15.673,101,0,0,0,2011-12-24T17:41:22.387
434,Faraz,28,"Karachi, Pakistan",2011-11-25 13:35:55.067,1,0,0,0,2011-11-25T13:35:55.067
435,quant_dev,32,,2011-11-25 15:05:35.080,101,0,6,0,2011-12-22T13:17:51.853
436,Terry LiYifeng,24,"Ottawa, Canada",2011-11-26 01:37:04.900,101,0,0,0,2011-11-26T01:37:04.900
437,bretddog,,Norway,2011-11-26 03:00:08.590,101,0,0,0,2011-11-26T03:00:08.590
438,Eden Crow,,"Cambridge, United Kingdom",2011-11-26 13:37:09.280,1,0,0,0,2011-11-26T13:37:09.280
439,Jeff Burdges,36,http://www.maths.manchester.ac.uk/~burdges/,2011-11-27 00:02:44.493,101,0,1,0,2011-12-20T20:32:04.573
440,vainolo,,,2011-11-27 16:38:48.043,101,0,0,0,2011-11-27T16:38:48.043
441,James,,"Blackpool, United Kingdom",2011-11-27 17:09:27.120,23,0,2,0,2011-12-10T12:38:59.760
442,I_like_traffic_lights,,,2011-11-27 22:21:12.830,1,0,0,0,2011-12-06T11:31:03.847
443,Susann,,,2011-11-28 12:22:24.223,1,0,0,0,2011-11-28T12:22:24.223
444,CIRK,,,2011-11-29 04:23:37.633,107,0,0,0,2011-12-05T09:45:08.643
445,chedi,29,"Tunis, Tunisia",2011-11-29 13:07:37.127,1,0,0,0,2011-11-29T13:07:37.127
446,Suminda Sirinath Salpitikorala,,,2011-11-29 13:08:14.863,103,0,4,0,2012-03-02T06:50:29.490
447,AdamRedwine,29,"Augusta, GA",2011-11-29 14:39:14.940,111,0,0,0,2011-12-12T16:25:57.763
448,Kyle Grieb,,,2011-11-29 22:17:22.720,1,0,0,0,2011-11-29T22:17:22.720
449,Jim G.,,,2011-11-30 15:07:03.043,70,0,10,0,2012-03-29T02:42:01.960
450,gargantaun,32,United Kingdom,2011-11-30 16:18:13.940,101,0,0,0,2011-11-30T16:18:13.940
451,Bob,,,2011-12-01 01:16:50.120,95,0,0,0,2012-02-14T01:55:34.583
452,Stanley Lin,,,2011-12-01 14:52:16.927,1,0,0,0,2011-12-03T00:04:33.833
453,Count Zero,31,"Nowhere, OK",2011-12-01 21:35:04.383,101,0,0,0,2012-01-27T15:36:46.733
454,iKs,,,2011-12-02 02:25:12.713,1,0,0,0,2012-03-02T23:22:41.153
455,Peter John Acklam,42,Asker,2011-12-02 07:29:14.467,1,0,0,0,2011-12-02T07:29:14.467
456,Martin Liversage,46,"Copenhagen, Denmark",2011-12-02 12:33:41.673,101,0,13,0,2012-01-23T17:16:34.023
457,vbw,,,2011-12-02 18:10:39.180,4,0,0,0,2011-12-03T19:08:05.937
458,Uwe Keim,39,"Göppingen, Germany",2011-12-03 19:49:26.853,101,0,0,0,2011-12-03T19:49:26.853
459,Omar Abid,21,"Safaqis, Tunisia",2011-12-03 21:05:45.877,101,0,0,0,2012-03-29T18:49:29.493
460,Billare,,"Boston, MA",2011-12-05 03:57:04.897,101,0,3,0,2011-12-11T21:38:40.663
461,ulvund,,,2011-12-05 19:15:49.283,101,0,0,0,2011-12-05T19:15:49.283
462,Aaron McDaid,32,"Dublin, Ireland",2011-12-05 22:53:14.203,126,0,4,0,2012-04-27T08:11:30.813
463,vibhav,25,"Stanford, CA",2011-12-06 03:45:28.157,1,0,0,0,2011-12-06T03:45:28.157
464,Person,,,2011-12-06 07:43:20.673,11,0,0,0,2011-12-06T07:43:20.673
465,Mark Rogers,32,"Austin, TX",2011-12-06 19:34:47.937,125,0,15,0,2012-03-26T21:26:03.527
466,Fabian,,,2011-12-06 21:44:15.213,101,0,0,0,2012-03-24T18:18:09.303
467,Salman,27,Bangladesh,2011-12-07 08:54:39.470,101,0,0,0,2011-12-19T10:30:34.563
468,enkrates,33,"Austin, TX",2011-12-07 15:00:19.313,1,0,0,0,2012-03-31T19:11:35.027
469,Jon Schoning,30,"Chicago, IL",2011-12-07 21:34:24.260,101,0,0,0,2011-12-07T21:34:24.260
470,Bryan Anderson,27,Minnesota,2011-12-08 19:07:19.313,143,0,2,0,2012-04-12T18:51:36.633
471,Yishai,,"Brooklyn, NY",2011-12-08 19:42:54.343,101,0,0,0,2011-12-09T01:06:30.490
472,Nomics,,,2011-12-09 00:25:56.500,101,0,2,0,2011-12-31T00:11:50.300
473,psatek,,,2011-12-09 14:24:44.880,69,0,5,0,2012-05-01T09:52:02.830
474,Cody,24,"Yellowknife, Canada",2011-12-09 20:57:20.857,101,0,0,0,2011-12-09T20:57:20.857
475,Nick T,26,Michigan,2011-12-10 00:59:40.757,128,0,1,0,2011-12-15T16:11:18.633
476,user476,,,2011-12-10 10:29:44.210,1,0,0,0,2011-12-10T10:29:44.210
477,Minty,,,2011-12-10 16:48:43.297,101,0,0,0,2011-12-23T12:34:33.010
478,Andrew Birkett,,,2011-12-11 15:50:29.437,1,0,0,0,2011-12-11T15:50:29.437
479,bonyfus,,,2011-12-11 17:50:52.077,21,0,0,0,2011-12-11T17:50:52.077
480,grautur,,,2011-12-12 07:43:23.717,101,0,0,0,2012-01-22T06:43:53.070
481,StoneFX,,,2011-12-12 07:45:35.677,1,0,0,0,2011-12-12T07:45:35.677
482,AnandMohanAwasthi,26,"Mumbai, India",2011-12-12 12:13:37.357,101,0,0,0,2011-12-12T12:13:37.357
483,user816109,,,2011-12-12 14:22:28.670,1,0,0,0,2012-02-11T13:43:35.613
484,Incognito,27,India,2011-12-12 16:24:30.630,101,0,0,0,2012-04-28T18:52:08.423
485,chizwiz,,,2011-12-12 22:20:42.153,51,0,0,0,2011-12-18T21:13:24.163
486,Peteris,,"Cambridge, UK",2011-12-13 22:51:16.417,101,0,3,0,2012-03-29T16:28:43.420
487,user487,,,2011-12-14 00:00:30.100,1,0,0,0,2011-12-14T00:00:30.100
488,Joe,,,2011-12-14 20:04:26.340,128,0,0,0,2011-12-17T19:57:02.123
489,taw,28,"London, United Kingdom",2011-12-14 23:42:07.427,249,0,2,0,2012-01-23T19:09:07.637
490,Sparanoid,,,2011-12-15 14:57:40.843,1,0,0,0,2011-12-15T14:57:40.843
491,Affable Geek,40,"Middleburg, VA",2011-12-15 20:07:37.293,71,0,3,0,2012-03-04T23:49:43.530
492,RHPT,35,"Nashville, TN",2011-12-16 04:10:30.050,123,0,3,0,2012-05-02T23:35:42.487
493,Gabriel Fair,22,"Clemson, SC",2011-12-16 05:38:31.447,101,0,40,0,2012-01-10T14:46:14.900
494,Cor_Blimey,,,2011-12-16 12:25:30.787,141,0,0,1,2012-01-06T22:09:38.920
495,Todd,,,2011-12-16 15:10:17.460,1,0,0,0,2011-12-16T15:10:17.460
496,Dussel,25,PT,2011-12-17 05:16:47.627,1,0,0,0,2011-12-17T05:16:47.627
497,user497,,,2011-12-18 04:43:37.243,1,0,0,0,2011-12-18T04:43:37.243
498,enedene,29,Croatia,2011-12-18 21:34:14.380,126,0,3,0,2012-03-05T14:50:28.657
499,user499,,,2011-12-19 06:23:38.257,1,0,0,0,2011-12-19T07:16:39.300
500,craniumonempty,34,Brazil,2011-12-19 18:43:06.903,101,0,0,0,2011-12-19T18:43:06.903
501,Quant Guy,32,New York,2011-12-19 18:47:30.510,609,0,68,12,2012-05-02T17:53:24.290
502,Pete,23,"Boston, MA",2011-12-19 20:37:13.787,1,0,0,0,2011-12-19T20:37:13.787
503,Jubbles,,,2011-12-19 20:58:34.940,101,0,1,0,2011-12-20T00:41:04.523
504,Autopulated,23,,2011-12-19 22:50:23.827,171,0,9,0,2012-04-17T10:50:56.910
505,Seb,,"Frankfurt, Germany",2011-12-20 07:31:53.523,111,0,5,0,2012-02-17T08:45:06.670
506,dbjohn,,,2011-12-20 11:39:55.373,119,0,4,0,2012-04-30T17:58:14.143
507,Marcos,,stackoverflow.com@askmarcos.com,2011-12-20 13:41:21.857,101,0,4,0,2012-04-24T19:30:16.700
508,ghostJago,,Europe,2011-12-20 14:36:07.117,101,0,0,0,2011-12-20T14:36:07.117
509,DataGirl,44,Wisconsin,2011-12-20 18:10:47.860,1,0,0,0,2011-12-20T18:10:47.860
510,Markus Lang,,,2011-12-20 20:03:30.000,1,0,0,0,2011-12-20T20:03:30.000
511,Tim Milling Nimmer Nielsen,,,2011-12-20 21:10:31.763,1,0,0,0,2012-01-07T20:35:03.197
512,Karolinger,,,2011-12-21 04:35:35.230,1,0,0,0,2011-12-21T04:35:35.230
513,S_H,,,2011-12-21 04:52:09.753,101,0,1,0,2011-12-22T20:23:20.643
514,dsteele,65,"Half Moon Bay, Canada",2011-12-21 18:57:10.370,101,0,0,0,2011-12-21T18:57:10.370
515,sandover,35,"Los Angeles, CA",2011-12-21 23:35:49.983,1,0,0,0,2011-12-21T23:35:49.983
516,Tao Hacker,25,"Chengdu, Sichuan, China",2011-12-22 04:06:54.643,1,0,0,0,2011-12-22T04:06:54.643
517,thetitan,31,"Palos Park, IL",2011-12-22 06:01:18.040,1,0,0,0,2011-12-22T06:01:18.040
518,Jean-Philippe Briend,32,"Paris, France",2011-12-22 13:11:00.333,101,0,0,0,2011-12-22T13:11:00.333
519,Daniel Kutik,25,"Karlsruhe, Germany",2011-12-22 13:41:32.183,101,0,0,0,2011-12-22T13:41:32.183
520,Ed Pichler,27,"Blumenau, Brazil",2011-12-22 17:18:17.873,101,0,0,0,2011-12-22T17:18:17.873
521,Draco,,"Chicago, IL",2011-12-22 21:43:16.670,1,0,0,0,2011-12-22T21:43:16.670
522,DBS,,,2011-12-23 18:48:32.353,21,0,0,0,2012-01-03T12:39:20.247
523,Carnotaurus,39,"England, United Kingdom",2011-12-25 09:27:32.503,101,0,0,0,2011-12-25T10:02:32.587
524,ben,,,2011-12-25 16:09:58.940,25,0,0,0,2012-04-01T18:58:06.467
525,Scott McIntyre,,,2011-12-25 17:30:30.870,101,0,0,0,2011-12-25T17:30:30.870
526,TetonSig,37,"Atlanta, GA",2011-12-26 09:57:40.090,101,0,0,0,2012-01-08T20:42:54.007
527,Anton Babenko,27,"Oslo, Norway",2011-12-26 13:18:36.867,101,0,0,0,2011-12-26T13:18:36.867
528,Physics Envy,26,"Dhaka, Bangladesh",2011-12-26 17:36:28.447,1,0,0,0,2011-12-27T11:45:49.360
529,JDrama,,,2011-12-26 23:37:04.040,31,0,1,0,2012-01-08T16:49:29.677
530,Fatima Ali Shah,,,2011-12-27 17:15:42.403,6,0,0,0,2011-12-28T19:21:07.817
531,joe,,,2011-12-28 01:40:29.680,1,0,0,0,2011-12-28T22:06:37.193
532,MisterH,29,,2011-12-29 14:24:54.947,1,0,0,0,2011-12-29T14:24:54.947
533,karry,27,"Dallas, TX",2011-12-29 15:40:32.067,1,0,0,0,2011-12-29T15:40:32.067
534,TryTryAgain,29,"San Francisco, CA",2011-12-30 03:41:06.280,101,0,0,0,2011-12-30T03:41:06.280
535,kizzx2,,,2011-12-30 12:40:50.387,101,0,1,0,2011-12-30T12:59:42.383
536,coqer,,,2011-12-30 15:05:05.733,101,0,0,0,2012-01-17T08:52:53.350
538,Diogo,,,2011-12-30 22:45:00.730,16,0,0,0,2012-01-16T19:34:44.683
539,Wei Chen,,,2011-12-30 23:43:27.303,1,0,0,0,2011-12-31T00:36:11.107
540,Ademos,,,2011-12-31 05:27:43.613,1,0,0,0,2011-12-31T05:27:43.613
541,phantom.omaga,17,"Karachi, Pakistan",2011-12-31 19:58:51.970,101,0,0,0,2011-12-31T19:58:51.970
542,Hacham Gabriel,,,2012-01-01 01:45:41.270,115,0,0,0,2012-01-09T20:19:51.970
543,Zak Kidd,,,2012-01-01 03:13:49.543,1,0,0,0,2012-01-01T03:13:49.543
544,T. Webster,,"Silver Spring, MD",2012-01-01 06:31:37.007,101,0,0,0,2012-01-01T06:31:37.007
545,Ondrej,,,2012-01-01 09:56:49.217,1,0,0,0,2012-01-08T20:12:14.553
546,hdavis84,28,"Fort Walton Beach, FL",2012-01-01 19:26:11.377,1,0,0,0,2012-01-04T00:25:01.523
547,user547,,,2012-01-02 03:50:16.580,1,0,0,0,2012-03-14T13:09:34.660
548,Vass,29,United Kingdom,2012-01-02 17:21:00.323,104,0,2,0,2012-01-04T20:41:49.890
549,Jesse Kellum,,,2012-01-02 20:40:35.213,1,0,0,0,2012-01-02T20:40:35.213
550,Arvid,27,"Uppsala, Sweden",2012-01-02 23:18:01.463,1,0,0,0,2012-01-03T17:38:48.963
551,Steven Muhr,25,Paris,2012-01-03 12:03:30.523,101,0,0,0,2012-01-03T12:03:30.523
552,gofry,,,2012-01-03 14:53:27.953,11,0,0,0,2012-01-03T14:53:27.953
553,Marcus Barnes,,Solar System,2012-01-03 18:57:20.787,1,0,0,0,2012-01-03T18:57:20.787
554,Thomas,,,2012-01-03 21:14:11.203,1,0,0,0,2012-01-03T21:14:11.203
555,Frankel,,"Shanghai, China",2012-01-04 01:02:13.623,1,0,0,0,2012-01-04T01:02:13.623
556,rsk82,,European Union,2012-01-04 12:47:24.527,101,0,0,0,2012-01-04T15:08:55.140
557,Chethan Ravindranath,,,2012-01-04 13:48:39.907,119,0,3,0,2012-03-21T15:18:38.220
558,Homunculus Reticulli,,,2012-01-04 17:36:42.597,101,0,0,0,2012-01-04T17:36:42.597
559,R.K.,26,"Manila, Philippines",2012-01-05 02:26:34.943,101,0,0,0,2012-01-05T02:26:34.943
560,ashams,23,Egypt,2012-01-05 05:04:00.703,1,0,0,0,2012-01-05T05:04:00.703
561,random_user,,,2012-01-05 20:45:00.580,1,0,0,0,2012-03-16T20:30:19.883
562,Ryan,,,2012-01-06 17:19:33.807,6,0,0,0,2012-01-18T19:34:45.127
563,Rachel,22,California,2012-01-06 19:23:28.763,101,0,0,0,2012-01-06T19:23:28.763
564,AI_Econ,,"Detroit, MI",2012-01-07 01:55:35.320,36,0,0,0,2012-05-04T00:44:54.807
565,Balázs Dávid,,,2012-01-07 10:49:39.000,1,0,0,0,2012-02-03T06:13:28.173
566,Jenea,25,"Chisinau, Moldova",2012-01-07 17:57:33.007,116,0,7,0,2012-05-04T12:25:00.723
567,davidt,,,2012-01-07 21:17:06.043,86,0,6,0,2012-02-07T09:38:49.050
568,Wadih M.,,,2012-01-08 00:05:17.503,101,0,0,0,2012-01-08T00:05:17.503
569,Dan Brumleve,33,"Champaign, IL",2012-01-09 08:17:42.773,118,0,3,0,2012-02-08T00:21:40.480
570,Victor,,"Sydney, Australia",2012-01-10 04:32:56.877,109,0,0,0,2012-01-22T05:35:10.460
571,Claudio,,,2012-01-10 04:52:21.313,11,0,0,0,2012-01-10T04:52:21.313
572,m0rt1m3r,,,2012-01-10 23:08:43.823,1,0,0,0,2012-01-10T23:08:43.823
573,Lars Andren,30,"Gothenburg, Sweden",2012-01-11 10:17:42.623,113,0,3,0,2012-01-20T06:45:44.373
574,chance,,,2012-01-11 18:38:27.033,1,0,0,0,2012-01-11T19:22:45.730
575,609south,,"Washington, DC",2012-01-12 00:13:28.860,1,0,0,0,2012-01-23T21:11:23.180
576,richfort,,"Wellington, New Zealand",2012-01-12 03:13:27.310,1,0,0,0,2012-01-12T03:13:27.310
577,delete,,,2012-01-12 03:33:18.207,6,0,0,0,2012-04-12T10:41:27.017
578,J. Maes,,,2012-01-12 12:44:41.073,106,0,0,0,2012-05-03T06:28:50.500
579,Michael Maltese,,"Claremont, CA",2012-01-13 04:41:03.503,1,0,0,0,2012-01-13T04:41:03.503
580,Andre,30,,2012-01-13 08:57:29.507,1,0,0,0,2012-01-13T08:57:29.507
581,tolos,,,2012-01-13 15:58:40.863,1,0,0,0,2012-01-13T15:58:40.863
582,Brian Slesinsky,,,2012-01-14 17:18:57.223,101,0,1,0,2012-01-31T16:51:37.373
583,Michael S.,29,"New York, NY",2012-01-15 18:48:39.207,11,0,0,0,2012-03-14T14:44:36.250
584,Ming-Chih Kao,35,"Palo Alto, CA",2012-01-15 23:44:13.337,101,0,0,0,2012-01-15T23:44:13.337
585,Edward Betts,31,"San Francisco, CA",2012-01-16 05:36:17.147,1,0,0,0,2012-01-16T05:36:17.147
587,iceman,,,2012-01-16 10:09:25.413,101,0,0,0,2012-01-16T12:32:51.997
588,Joshua Banks,,,2012-01-16 10:39:27.393,13,0,0,0,2012-03-07T10:29:30.560
589,Ryan,,Virginia,2012-01-16 14:38:14.973,101,0,0,0,2012-01-16T14:38:14.973
590,user804903,,,2012-01-16 19:06:50.133,6,0,0,0,2012-01-17T14:50:03.877
591,ntsyukalo,19,Washington,2012-01-17 01:55:51.863,1,0,0,0,2012-04-04T19:23:48.367
592,RoboAlex,22,,2012-01-17 16:07:21.847,1,0,0,0,2012-01-17T16:07:21.847
593,mrajeshc,33,"San Jose, CA",2012-01-17 19:28:23.940,1,0,0,0,2012-01-17T19:48:18.003
594,Hoemr,,,2012-01-17 23:14:31.783,1,0,0,0,2012-01-24T01:04:38.397
595,Anna Lear,28,"Waterloo, Canada",2012-01-18 00:52:12.377,101,0,0,0,2012-02-17T05:10:06.627
596,Daniel Daranas,39,"Barcelona, Spain",2012-01-18 11:06:22.250,101,0,1,0,2012-02-01T14:57:25.047
597,justin cress,,,2012-01-18 13:43:31.827,101,0,0,0,2012-02-03T14:38:29.367
598,Timothy Klim,,Moscow,2012-01-18 20:38:30.713,1,0,0,0,2012-01-18T20:38:30.713
599,Marco,,,2012-01-18 21:31:30.787,36,0,4,0,2012-05-03T18:11:36.857
600,Investeem,,,2012-01-19 00:15:05.963,1,0,0,0,2012-01-19T00:15:05.963
601,BenjaminHarris,,United States,2012-01-19 20:08:25.953,101,0,0,0,2012-01-19T20:08:25.953
602,Daveo,,"Wollongong, Australia",2012-01-20 04:04:24.027,101,0,3,0,2012-01-21T12:54:31.517
603,InquilineKea,92,"Seattle, WA",2012-01-20 04:58:12.087,124,0,1,0,2012-05-02T16:28:02.127
604,user604,,,2012-01-20 10:06:56.993,1,0,0,0,2012-01-20T10:06:56.993
605,flueedo,,,2012-01-20 13:24:05.307,1,0,0,0,2012-01-20T13:24:05.307
606,Suraj,,"Silver Spring, MD",2012-01-20 19:01:32.920,1,0,0,0,2012-04-18T23:45:47.417
607,Rafael Cordones Marcos,,"Vienna, Austria",2012-01-20 19:09:46.013,101,0,0,0,2012-04-24T06:47:29.007
608,Oleksandr Bondarenko,28,"Zaporizhzhya, Ukraine",2012-01-21 10:27:25.843,101,0,0,0,2012-01-21T10:27:25.843
609,Meho R.,,,2012-01-21 11:31:11.777,101,0,0,0,2012-01-21T11:31:11.777
610,justathought,,,2012-01-21 12:42:07.403,1,0,0,0,2012-01-21T12:42:07.403
611,bakul,,,2012-01-21 19:34:21.213,1,0,0,0,2012-03-22T18:27:09.340
612,bill_080,,,2012-01-22 18:25:09.597,144,0,4,0,2012-05-04T19:12:09.623
613,santu,22,"New Delhi, India",2012-01-22 18:35:46.160,1,0,0,0,2012-01-22T18:35:46.160
614,Cristian,,,2012-01-22 23:55:12.950,1,0,0,0,2012-04-23T17:57:05.037
615,pjc50,,,2012-01-23 17:24:36.773,101,0,1,0,2012-01-23T17:24:36.773
616,alan2here,,,2012-01-23 21:40:35.440,101,0,2,0,2012-01-30T01:18:57.277
617,Jarrod Dixon,33,"New York, NY",2012-01-23 23:37:07.790,101,0,0,0,2012-01-23T23:37:07.790
618,Andrey Adamovich,31,"Riga, Republic of Latvia",2012-01-24 00:50:17.430,108,0,1,0,2012-03-08T11:55:18.017
619,Magwich,38,Arkansas,2012-01-24 03:56:57.337,1,0,0,0,2012-01-24T03:56:57.337
620,Gregory Bell,,,2012-01-24 03:58:07.363,1,0,0,0,2012-01-24T04:31:26.687
621,Poldie,,"London, United Kingdom",2012-01-24 22:29:04.067,101,0,0,0,2012-01-30T22:43:15.860
622,Slothsberry,23,"Boston, MA",2012-01-25 19:15:26.980,101,0,0,0,2012-01-25T19:15:26.980
623,abki,27,France,2012-01-25 20:36:43.143,101,0,0,0,2012-01-25T20:36:43.143
624,11D Reality Hacker,,,2012-01-26 17:13:30.897,1,0,0,0,2012-01-26T17:13:30.897
625,Shams Shafiq,25,"Toronto, Canada",2012-01-26 22:53:18.970,101,0,0,0,2012-01-26T22:53:18.970
626,Scrooge McDuck,,,2012-01-27 03:07:26.133,23,0,1,0,2012-01-27T18:48:27.273
627,Matt,,,2012-01-27 03:47:04.747,101,0,0,0,2012-05-02T05:59:20.833
628,Oli,,"Geneva, Switzerland",2012-01-27 10:08:37.297,101,0,2,0,2012-01-27T10:30:54.407
629,Philip,,,2012-01-27 17:25:58.673,101,0,0,0,2012-03-02T17:35:03.110
630,gerard,,,2012-01-28 14:16:15.730,27,0,1,0,2012-04-09T20:21:23.373
631,Vishal Belsare,,,2012-01-28 22:39:28.510,101,0,0,0,2012-02-04T14:45:45.960
632,PGR,,,2012-01-29 00:00:06.017,364,0,11,11,2012-03-23T23:24:14.383
633,Filipe Grilo,,"Porto, Portugal",2012-01-29 14:29:36.343,11,0,0,0,2012-02-04T18:46:46.767
634,user634,,,2012-01-29 15:46:42.797,1,0,0,0,2012-01-29T15:46:42.797
635,Dan Atkinson,29,United Kingdom,2012-01-29 15:55:55.787,101,0,0,0,2012-01-29T15:55:55.787
636,user552,,,2012-01-29 19:52:45.767,1,0,0,0,2012-01-29T19:52:45.767
637,MathAttack,,,2012-01-29 22:19:41.183,101,0,0,0,2012-02-03T03:42:24.663
638,Irfan_A,,Indonesia,2012-01-30 13:54:58.667,1,0,0,0,2012-01-30T13:54:58.667
639,kekekela,,,2012-01-30 17:23:45.370,101,0,0,0,2012-02-23T15:21:47.647
640,William Morris,,,2012-01-31 02:42:14.243,139,0,0,0,2012-04-07T14:23:15.927
641,MonsterMMORPG,24,Turkey,2012-01-31 04:10:22.253,101,0,0,0,2012-01-31T04:10:22.253
642,6ahodir,,,2012-01-31 05:28:58.727,31,0,0,0,2012-03-07T03:14:11.993
643,jonathan,,,2012-01-31 22:49:57.533,2,0,0,0,2012-02-01T00:03:04.827
644,stephen cao,,,2012-02-01 01:46:07.670,86,0,11,0,2012-04-28T21:31:14.323
645,mmdemirbas,24,"Ankara, Turkey",2012-02-01 07:53:29.070,101,0,0,0,2012-03-16T12:25:43.430
646,Giovanni Aiello,,,2012-02-01 13:52:42.237,1,0,0,0,2012-04-29T23:50:40.903
647,Mariana Abrantes de Sousa,,Portugal,2012-02-02 00:34:02.967,1,0,0,0,2012-02-02T00:34:02.967
648,Kerim Atasoy,,,2012-02-02 02:00:45.953,113,0,5,0,2012-04-30T21:49:26.090
649,StefG,,,2012-02-02 18:21:26.370,1,0,0,0,2012-02-24T12:43:18.103
650,Marco,,,2012-02-03 13:52:23.323,13,0,0,0,2012-02-06T10:33:42.690
651,adir1,,"Atlanta, GA",2012-02-04 07:38:32.807,1,0,0,0,2012-02-04T07:38:32.807
653,Loan Sydney,,"Sydney, Australia",2012-02-04 08:51:56.337,1,0,0,0,2012-02-04T08:51:56.337
654,tentra,,,2012-02-04 20:12:44.487,1,0,0,0,2012-02-04T20:12:44.487
655,Henry B.,,,2012-02-05 05:18:00.073,101,0,0,0,2012-02-06T03:59:20.263
656,fabianhjr,17,"Mexico City, Mexico",2012-02-05 05:44:47.307,101,0,0,0,2012-02-05T05:44:47.307
657,user12775,32,"Ahmedabad, India",2012-02-05 06:42:45.880,1,0,0,0,2012-02-05T06:42:45.880
658,Alxander,,,2012-02-05 17:08:08.820,1,0,0,0,2012-03-13T00:26:20.197
659,Frank,27,,2012-02-06 02:30:12.780,31,0,5,0,2012-04-26T07:38:17.037
660,Leandro,,,2012-02-06 15:38:24.947,101,0,0,0,2012-02-06T15:53:27.300
661,nvdkgm,,,2012-02-06 22:35:43.277,1,0,0,0,2012-02-06T22:35:43.277
662,user12851,,,2012-02-07 06:38:15.467,1,0,0,0,2012-02-07T07:02:26.203
663,DJ DROBRO420,,,2012-02-07 08:04:38.430,1,0,0,0,2012-02-07T08:04:38.430
664,Curdeius,25,"Compiègne, France",2012-02-07 18:00:40.930,101,0,0,0,2012-02-07T18:00:40.930
665,Qbik,,,2012-02-08 00:19:46.177,1,0,0,0,2012-02-08T00:19:46.177
666,Tyler Rinker,,"Buffalo, NY",2012-02-08 04:02:41.903,108,0,1,0,2012-03-09T00:29:51.963
667,Andrew J. Brehm,34,"Zurich, Switzerland",2012-02-08 08:25:42.077,143,0,1,0,2012-04-13T12:03:23.283
668,Roman Kagan,42,Michigan,2012-02-08 19:29:41.413,101,0,0,0,2012-02-08T19:29:41.413
669,prototoast,,,2012-02-08 23:44:45.297,215,0,23,17,2012-05-03T07:03:16.523
670,yuji,28,"London, United Kingdom",2012-02-08 23:48:39.477,101,0,1,0,2012-02-12T23:44:27.713
671,mantrid,,,2012-02-08 23:59:39.847,1,0,0,0,2012-02-09T10:12:04.223
672,Jake,,"Singapore, Singapore",2012-02-09 03:03:24.420,106,0,0,0,2012-02-15T05:14:45.140
673,Shane Finneran,34,"San Diego, CA",2012-02-09 05:53:18.550,101,0,0,0,2012-02-13T05:21:21.103
674,Peutch,,,2012-02-10 10:26:24.120,11,0,0,0,2012-02-14T10:39:40.730
675,Pascal Qyy,,"Grenoble, France",2012-02-10 14:56:41.820,101,0,1,0,2012-02-24T13:36:12.847
676,vidyadhar,,India,2012-02-10 15:33:01.487,1,0,0,0,2012-02-10T15:33:01.487
677,user677,,,2012-02-10 16:36:07.030,101,0,0,0,2012-03-19T10:56:43.633
678,Tomas,,,2012-02-11 15:54:42.420,101,0,3,0,2012-03-26T12:29:20.690
679,user12463,,,2012-02-11 21:08:21.033,1,0,0,0,2012-02-11T21:08:21.033
680,Sami Lehtinen,,"Helsinki, Finland",2012-02-12 08:41:55.303,1,0,0,0,2012-03-20T17:41:59.033
681,Mike Pennington,43,"Austin, TX",2012-02-12 12:49:36.697,101,0,0,0,2012-02-12T12:49:36.697
682,Mountain,,"Shanghai, China",2012-02-12 15:33:51.250,1,0,0,0,2012-02-12T15:33:51.250
683,Jusfeel,32,"Beijing, China",2012-02-13 04:21:47.293,23,0,0,0,2012-02-14T04:32:47.720
684,seb,,,2012-02-13 13:57:58.850,11,0,0,0,2012-02-14T15:52:09.987
685,NeoNmaN,26,Denmark,2012-02-13 16:16:22.193,101,0,0,0,2012-02-13T16:16:22.193
686,SviFi,,Atlantis,2012-02-13 18:43:16.660,1,0,0,0,2012-05-03T11:47:52.920
687,user1030414,,,2012-02-14 05:31:04.260,1,0,0,0,2012-02-24T22:36:21.297
688,Matthew Dally,33,"Perth, Australia",2012-02-14 08:45:43.600,101,0,0,0,2012-03-31T12:09:09.093
689,The Golden Star...,,India,2012-02-14 11:39:47.447,1,0,0,0,2012-02-14T12:05:10.923
690,Marc Shivers,,,2012-02-14 14:30:32.317,1,0,0,0,2012-02-14T14:30:32.317
691,Seamus,,"London, United Kingdom",2012-02-14 14:47:21.053,101,0,15,0,2012-04-30T10:32:12.457
692,Julian Bilcke,26,"Paris, France",2012-02-14 15:14:02.527,1,0,0,0,2012-02-22T16:44:21.207
693,o.k.,,,2012-02-14 15:36:54.620,11,0,0,0,2012-02-23T12:25:26.787
694,Stimy,39,"Washington, DC",2012-02-14 22:00:40.210,51,0,0,0,2012-03-14T15:12:55.613
695,Dilyus Khaliullin,,,2012-02-15 12:34:53.177,1,0,0,0,2012-02-15T12:34:53.177
696,alFReD NSH,,,2012-02-15 15:52:58.793,101,0,1,0,2012-02-15T15:52:58.793
697,Eoin,,,2012-02-15 17:06:16.463,1,0,0,0,2012-02-15T17:06:16.463
698,Alain Pannetier,50,"Paris, France",2012-02-15 21:31:35.827,111,0,12,0,2012-03-01T04:13:46.447
699,kotekzot,23,"Moscow, Russia",2012-02-15 22:58:24.997,101,0,0,0,2012-02-15T22:58:24.997
700,Uwat,,,2012-02-16 03:34:05.030,16,0,0,0,2012-03-02T21:40:06.157
701,Rimbaud,,,2012-02-16 17:54:07.900,16,0,0,0,2012-02-22T10:05:05.713
702,claudine,,,2012-02-16 20:52:25.280,1,0,0,0,2012-02-21T12:00:42.273
703,Alexander Sokolov,,,2012-02-17 00:34:14.287,1,0,0,0,2012-02-17T00:34:14.287
704,user704,,,2012-02-17 09:34:00.117,21,0,0,0,2012-02-17T13:41:33.947
705,lcgong,,,2012-02-17 14:16:42.690,1,0,0,0,2012-02-17T14:16:42.690
706,Dima Chornyi,26,"Munich, Germany",2012-02-17 16:50:10.853,1,0,0,0,2012-02-19T22:08:00.583
707,Hitesh Patel,24,"Ahmadabad, India",2012-02-18 04:41:41.863,101,0,0,0,2012-02-18T04:41:41.863
708,moldovean,28,"Chisinau, Moldova",2012-02-18 11:41:25.980,96,0,13,0,2012-05-03T11:32:31.987
709,zhiqiang,27,China,2012-02-19 03:08:00.617,1,0,0,0,2012-02-19T03:08:00.617
710,petres,,,2012-02-20 17:25:51.707,1,0,0,0,2012-02-20T17:25:51.707
711,NightWolf,,,2012-02-20 20:20:14.210,1,0,0,0,2012-02-20T20:20:14.210
712,Adam Bruss,30,Wisconsin,2012-02-20 21:56:17.973,101,0,0,0,2012-02-22T21:05:33.920
713,ipavlic,25,,2012-02-21 12:54:27.650,101,0,0,0,2012-02-21T14:42:12.087
714,sbc111,,"Hartford, CT",2012-02-21 15:21:49.407,101,0,0,0,2012-02-21T15:21:49.407
715,Hersheezy,26,"Pittsburgh, PA",2012-02-21 23:05:21.450,101,0,0,0,2012-02-26T14:52:41.080
716,Sergey Gerbek,,,2012-02-22 08:21:15.390,1,0,0,0,2012-02-22T08:21:15.390
717,UncleZeiv,31,Italy,2012-02-22 16:20:50.453,101,0,0,0,2012-02-22T16:20:50.453
718,Sorin-Mihai Oprea,25,Bucharest,2012-02-23 09:01:54.777,1,0,0,0,2012-02-23T09:01:54.777
719,Adam Bailey,59,"London, United Kingdom",2012-02-23 13:01:02.860,96,0,8,0,2012-04-23T12:34:44.970
720,Juicy,,,2012-02-23 16:47:41.780,6,0,0,0,2012-02-23T19:35:57.160
721,Kitsune Cavalry,17,"Chicago, IL",2012-02-23 21:06:21.417,87,0,5,0,2012-04-15T17:10:34.687
722,baha-kev,,"Bozeman, MT",2012-02-24 01:00:21.187,176,0,3,1,2012-03-12T00:20:59.520
723,user1736,,,2012-02-24 07:10:35.737,101,0,0,0,2012-02-24T07:10:35.737
724,Marc-François,20,"Châteauguay, Canada",2012-02-24 09:44:54.737,114,0,2,0,2012-05-02T19:24:18.370
725,limist,,,2012-02-24 15:45:13.713,103,0,9,0,2012-04-19T23:06:59.063
726,Chris,,,2012-02-24 21:06:58.647,101,0,0,0,2012-02-25T10:25:28.087
727,chessmath,23,Brasil,2012-02-25 13:33:06.767,101,0,0,0,2012-02-25T14:00:42.803
728,Arjang,,,2012-02-26 04:09:08.233,101,0,0,0,2012-02-28T10:40:53.200
729,Fitri,,,2012-02-26 15:49:55.507,149,0,0,0,2012-04-01T16:25:45.457
730,Marie. P.,,,2012-02-26 21:46:01.093,105,0,6,0,2012-04-15T14:43:13.343
731,Steven Noble,33,"Ottawa, Ontario",2012-02-27 04:46:52.963,101,0,0,0,2012-02-27T04:46:52.963
732,Erel Segal Halevi,,Israel,2012-02-27 18:53:54.170,150,0,8,0,2012-05-02T10:10:34.843
733,Weijie,,,2012-02-28 19:53:50.287,1,0,0,0,2012-03-30T18:33:15.040
734,Evan Carroll,26,"Houston, TX",2012-02-28 20:49:18.077,100,0,3,0,2012-03-04T00:38:06.570
735,Bryan,42,"Lancaster, United Kingdom",2012-02-28 21:41:48.483,101,0,0,0,2012-02-29T12:23:58.773
736,Zoredache,35,"Anacortes, WA",2012-02-28 21:43:40.120,101,0,0,0,2012-02-28T21:43:40.120
737,MikeyB,32,"Waterloo, Canada",2012-02-28 22:30:18.333,101,0,0,0,2012-02-28T22:30:18.333
738,ChrisF,50,United Kingdom,2012-02-29 13:05:59.787,101,0,0,0,2012-04-23T18:39:50.150
739,stoil,,,2012-02-29 14:22:04.853,1,0,0,0,2012-03-03T05:58:06.057
740,ErikA,,"Minneapolis, MN",2012-02-29 17:14:41.233,101,0,0,0,2012-03-01T14:38:38.137
741,Juicy,,,2012-02-29 23:33:12.860,3,0,0,0,2012-03-03T19:11:46.883
742,aresnick,25,United States,2012-03-01 01:55:09.060,113,0,1,0,2012-03-03T16:10:43.680
743,Gustavo Bandeira,,,2012-03-01 08:40:24.003,101,0,3,0,2012-04-30T15:53:29.420
744,Neil McGuigan,,"Vancouver, Canada",2012-03-01 19:46:10.193,101,0,0,0,2012-03-09T08:21:26.690
745,C K,,,2012-03-02 06:13:25.380,1,0,0,0,2012-03-02T06:13:25.380
746,Nicolas Raoul,,,2012-03-02 06:51:09.193,101,0,0,0,2012-03-02T06:51:09.193
747,Tower Joo,,"Beijing, China",2012-03-04 06:40:28.900,101,0,0,0,2012-03-04T06:40:28.900
748,maxschlepzig,,,2012-03-04 13:19:52.420,101,0,1,0,2012-03-04T13:19:52.420
749,Mohammad Ali Akbari,24,"Tehran, Iran",2012-03-04 20:12:58.287,101,0,0,0,2012-04-30T21:41:42.863
750,Joshua Ritter,,,2012-03-05 02:37:02.113,1,0,0,0,2012-03-05T02:37:02.113
751,user829438,,,2012-03-05 05:25:22.637,1,0,0,0,2012-04-01T22:06:41.503
752,pait,48,"S Paulo, Brazil; Brookline, Massachusetts",2012-03-05 19:15:59.030,12,0,0,0,2012-05-04T19:21:47.533
753,dsolimano,27,"New York, NY",2012-03-05 21:07:00.033,101,0,3,0,2012-04-30T12:25:13.920
754,tomasblog,,,2012-03-05 21:33:25.767,11,0,0,0,2012-04-18T13:20:48.490
755,NightWolf,,,2012-03-06 03:18:15.593,101,0,0,0,2012-03-06T03:18:15.593
756,icobes123,,,2012-03-06 21:31:43.383,16,0,0,0,2012-03-08T06:12:23.310
757,Jeff Delezen,,,2012-03-06 23:30:10.200,1,0,0,0,2012-03-06T23:30:10.200
758,purewhispers,23,"Boston, MA",2012-03-07 03:00:11.810,1,0,0,0,2012-03-07T03:00:11.810
759,Kammy,25,"Mumbai, India",2012-03-07 07:31:55.873,1,0,0,0,2012-03-07T12:37:21.027
760,wrick,25,"Austin, TX",2012-03-08 07:46:38.853,101,0,0,0,2012-03-08T07:46:38.853
761,Erik,,,2012-03-08 18:42:22.273,101,0,0,0,2012-03-08T18:42:22.273
762,sviatoslav hong,,,2012-03-08 20:47:41.230,6,0,0,0,2012-03-30T04:11:28.827
763,Mike M,,,2012-03-08 21:45:08.193,31,0,0,0,2012-05-03T16:55:49.667
764,Sam Gammon,20,"Sacramento, CA",2012-03-08 23:23:01.473,1,0,0,0,2012-03-08T23:23:01.473
765,Vandell,22,Brazil,2012-03-09 01:41:04.253,11,0,0,0,2012-04-11T03:51:25.333
766,HeroicLife,31,China,2012-03-09 02:49:08.563,1,0,0,0,2012-03-09T02:49:08.563
767,fennec,,,2012-03-09 17:00:55.050,111,0,2,0,2012-03-20T18:10:55.300
768,Michael Grech,,,2012-03-09 20:44:56.983,11,0,0,0,2012-03-12T11:54:29.720
769,Aarkham,,,2012-03-10 12:16:24.490,84,0,3,0,2012-04-15T12:28:14.640
770,learningmath,,,2012-03-10 13:33:08.100,1,0,0,0,2012-04-28T15:15:27.630
771,Aurimas,24,"Copenhagen, Denmark",2012-03-10 14:02:57.733,101,0,0,0,2012-04-30T19:43:04.913
772,dhore,26,,2012-03-10 16:16:02.113,1,0,0,0,2012-03-10T16:16:02.113
773,econanswer,,,2012-03-10 23:43:26.433,1,0,0,0,2012-03-10T23:43:26.433
774,user774,,,2012-03-11 05:39:27.167,1,0,0,0,2012-03-11T05:39:27.167
775,Tadeck,27,"Warsaw, Poland",2012-03-11 07:52:57.750,101,0,0,0,2012-03-15T18:55:42.500
776,olchauvin,28,France,2012-03-11 10:10:33.183,146,0,3,0,2012-05-04T11:20:05.570
777,Jeff,45,"New Jersey, USA",2012-03-11 17:14:14.827,101,0,3,0,2012-05-04T13:05:38.417
778,Crates,27,New England,2012-03-12 10:34:34.520,1,0,0,0,2012-03-12T10:34:34.520
779,laggingreflex,,,2012-03-12 11:10:19.973,1,0,0,0,2012-03-12T11:10:19.973
780,James Howard,32,,2012-03-12 13:33:58.440,1,0,0,0,2012-03-12T13:33:58.440
781,derekhh,25,"Hong Kong, Hong Kong",2012-03-12 18:48:04.130,101,0,0,0,2012-03-12T18:48:04.130
782,hhh,,,2012-03-13 00:43:26.790,101,0,0,0,2012-03-15T16:12:45.720
783,stevegt,,,2012-03-13 05:13:53.240,6,0,0,0,2012-04-25T19:44:19.003
784,shapr,,,2012-03-13 17:10:10.900,101,0,2,0,2012-04-05T16:30:50.487
785,Dez,31,"Minneapolis, MN",2012-03-14 02:14:11.833,101,0,0,0,2012-03-14T02:14:11.833
786,Jugal Shah,27,"Singapore, Singapore",2012-03-14 04:30:53.163,101,0,0,0,2012-03-14T06:05:45.947
787,Daniel δ,,Pennsylvania,2012-03-15 16:37:30.090,101,0,0,0,2012-03-15T16:37:30.090
788,Barba Sol,,,2012-03-15 18:27:20.017,1,0,0,0,2012-03-15T19:19:15.583
789,Tyler Huntee,,,2012-03-15 18:52:59.790,6,0,0,0,2012-03-15T19:34:05.607
790,John,,,2012-03-15 20:05:45.293,11,0,0,0,2012-03-15T21:47:15.183
791,Dave,,,2012-03-16 18:12:06.483,3,0,0,0,2012-03-22T04:53:36.323
792,Karim,,"Boston, MA",2012-03-16 21:08:52.597,11,0,0,0,2012-03-19T11:09:51.580
793,anil,,,2012-03-18 20:05:28.677,1,0,0,0,2012-03-18T23:08:52.927
794,minimalromoy,,,2012-03-18 21:39:44.520,1,0,0,0,2012-03-18T21:39:44.520
795,lagged_variable,,,2012-03-19 12:48:50.153,1,0,0,0,2012-04-30T12:26:24.387
796,panush,,,2012-03-19 18:40:38.953,1,0,0,0,2012-03-19T18:40:38.953
797,Stella Lie,,"Sydney, Australia",2012-03-19 20:57:56.507,11,0,0,0,2012-04-30T02:16:18.380
798,Jeroen,,Netherlands,2012-03-20 11:15:47.157,101,0,0,0,2012-03-20T11:15:47.157
799,Fr.,28,France,2012-03-20 19:13:50.263,101,0,0,0,2012-03-20T19:29:06.717
800,Pidus,,,2012-03-21 06:48:50.067,1,0,0,0,2012-04-05T16:20:28.880
801,nihonjinrxs,33,"Lanham, MD",2012-03-21 14:44:42.183,16,0,1,0,2012-03-26T18:02:16.623
802,SillyQuestion,,,2012-03-21 21:48:27.907,8,0,0,0,2012-03-23T07:00:49.370
803,liups,,,2012-03-22 15:20:19.460,1,0,0,0,2012-05-02T02:18:04.860
804,Will Cole,,,2012-03-22 15:54:39.290,1,0,0,0,2012-03-23T05:03:44.290
805,red,,,2012-03-22 16:25:36.287,1,0,0,0,2012-03-22T16:25:36.287
806,AlanSE,28,"Raleigh, NC",2012-03-22 22:30:53.913,121,0,7,0,2012-04-23T15:19:02.380
807,Sklivvz,40,"London, United Kingdom",2012-03-24 09:59:53.287,101,0,0,0,2012-03-24T13:50:15.730
808,Chris Taylor,28,"London, United Kingdom",2012-03-24 12:29:37.097,121,0,0,0,2012-03-25T22:03:11.567
809,luke14free,,"Milan, Italy",2012-03-24 14:13:40.943,101,0,0,0,2012-04-19T15:16:32.147
810,Oddthinking,,"Sydney, Australia",2012-03-24 15:30:25.490,101,0,0,0,2012-04-23T03:23:02.153
811,RoyalTS,,"Berlin, Germany",2012-03-25 20:11:25.263,1,0,0,0,2012-03-25T20:11:25.263
812,Ede,23,"Ankara, Turkey",2012-03-26 18:23:34.763,1,0,0,0,2012-03-26T18:23:34.763
813,ritho,,,2012-03-27 10:11:44.677,6,0,0,0,2012-03-27T10:11:44.677
814,GreenRails,,,2012-03-27 11:05:19.837,108,0,1,0,2012-03-28T22:58:57.103
815,Lai Yu-Hsuan,,,2012-03-27 12:30:54.673,121,0,1,0,2012-04-21T12:27:14.863
816,M-x,,,2012-03-28 02:08:11.997,101,0,0,0,2012-03-28T02:08:11.997
817,chris,,,2012-03-28 07:28:44.767,1,0,0,0,2012-03-28T07:28:44.767
818,Keith T Conroy,,Keith T Conroy,2012-03-28 21:15:55.187,1,0,0,0,2012-03-28T21:15:55.187
819,edwinksl,25,"Cambridge, MA",2012-03-29 00:05:06.850,1,0,0,0,2012-03-29T00:05:06.850
820,user13582,,,2012-03-29 10:03:51.490,1,0,0,0,2012-03-29T10:03:51.490
821,blunders,,,2012-03-29 17:25:58.117,106,0,4,1,2012-05-01T03:47:47.270
822,slindsey3000,,,2012-03-30 02:19:44.360,1,0,0,0,2012-04-07T21:57:12.350
823,mob tech.,,,2012-03-30 13:01:13.603,1,0,0,0,2012-03-30T13:01:13.603
824,ricmarques,35,Portugal,2012-03-30 14:47:08.510,101,0,0,0,2012-03-30T14:47:08.510
825,lodhb,,Hong Kong,2012-03-31 09:16:04.240,13,0,0,0,2012-04-29T14:25:22.000
826,itzy,35,"Bloomington, IN",2012-03-31 23:25:35.573,126,0,1,0,2012-04-07T01:57:01.970
827,lazyhaze,23,,2012-04-01 16:00:23.670,1,0,0,0,2012-04-19T11:42:06.493
828,Liyali,,,2012-04-02 14:13:22.417,101,0,2,0,2012-04-02T14:39:31.967
829,Brad Patton,42,"Weymouth, MA",2012-04-02 19:48:36.493,6,0,0,0,2012-04-09T00:56:47.807
830,emanuele,,,2012-04-03 09:08:14.730,21,0,1,0,2012-04-28T13:24:44.620
831,Creator,23,"Mumbai, India",2012-04-03 09:35:20.503,111,0,4,0,2012-04-10T08:50:03.477
832,Andy Shulman,,,2012-04-03 12:31:23.603,101,0,0,0,2012-04-03T12:31:23.603
834,Anwar,,,2012-04-04 06:38:10.397,101,0,0,0,2012-04-04T06:53:28.083
835,LifeWorks,24,United Kingdom,2012-04-04 09:33:12.433,1,0,0,0,2012-04-14T16:17:14.760
836,Marcel Salikhov,,,2012-04-04 10:20:59.570,1,0,0,0,2012-05-04T07:57:11.577
837,Mathias Bynens,23,Belgium,2012-04-04 10:31:14.803,101,0,0,0,2012-05-04T12:54:26.227
838,Vokram,,,2012-04-04 10:40:33.743,103,0,0,0,2012-04-15T16:35:40.020
839,P Sellaz,,,2012-04-04 11:55:01.983,101,0,0,0,2012-04-04T11:55:01.983
840,Zach,25,"San Francisco, CA",2012-04-04 12:46:42.197,101,0,0,0,2012-04-04T12:46:42.197
841,Matt Parker,28,"Denver, CO",2012-04-04 15:17:26.253,101,0,0,0,2012-04-04T15:17:26.253
844,SavedByJESUS,,,2012-04-04 18:16:46.663,21,0,1,0,2012-04-28T16:13:49.790
845,Wilduck,23,Minnesota,2012-04-04 20:59:01.977,101,0,1,0,2012-04-04T20:59:01.977
846,Sean,,,2012-04-05 18:35:26.793,1,0,0,0,2012-04-05T18:35:26.793
847,SPP,,,2012-04-05 21:10:11.280,1,0,0,0,2012-04-12T19:23:48.357
848,Francesco Corvi,,,2012-04-06 00:22:48.957,1,0,0,0,2012-04-06T00:22:48.957
849,genghis khan,,,2012-04-06 19:21:45.120,9,0,0,0,2012-04-26T23:53:41.997
850,svenski,,,2012-04-06 22:18:59.043,1,0,0,0,2012-04-06T22:18:59.043
851,Eiyrioü von Kauyf,,,2012-04-06 23:04:31.503,101,0,0,0,2012-04-14T10:26:57.517
852,robotcookies,,United States,2012-04-07 03:19:31.083,101,0,0,0,2012-04-11T22:37:08.323
853,Larry,,,2012-04-07 04:21:13.060,1,0,0,0,2012-04-07T04:21:13.060
854,Hui Zheng,,,2012-04-07 04:33:00.577,1,0,0,0,2012-04-07T04:33:00.577
855,Monster Truck,92,Rally grounds,2012-04-07 11:54:54.397,101,0,0,0,2012-04-16T03:28:19.017
856,Nicolas B,,,2012-04-07 12:54:03.037,11,0,0,0,2012-04-28T09:10:07.713
